{
  "type": "minecraft:ore",
  "config": {
    "size": 5,
    "discard_chance_on_air_exposure": 0,
    "targets": [
      {
        "target": {
          "predicate_type": "blockstate_match",
          "block_state": {
            "Name": "minecraft:tuff"
          }
        },
        "state": {
          "Name": "everlatweaker:deepslate_auric_ore"
        }
      },
      {
        "target": {
          "predicate_type": "blockstate_match",
          "block_state": {
            "Name": "minecraft:deepslate",
            "Properties": {
              "axis": "y"
            }
          }
        },
        "state": {
          "Name": "everlatweaker:deepslate_auric_ore"
        }
      },
      {
        "target": {
          "predicate_type": "blockstate_match",
          "block_state": {
            "Name": "minecraft:gravel"
          }
        },
        "state": {
          "Name": "everlatweaker:deepslate_auric_ore"
        }
      },
      {
        "target": {
          "predicate_type": "blockstate_match",
          "block_state": {
            "Name": "minecraft:coarse_dirt"
          }
        },
        "state": {
          "Name": "everlatweaker:deepslate_auric_ore"
        }
      },
      {
        "target": {
          "predicate_type": "blockstate_match",
          "block_state": {
            "Name": "minecraft:rooted_dirt"
          }
        },
        "state": {
          "Name": "everlatweaker:deepslate_auric_ore"
        }
      },
      {
        "target": {
          "predicate_type": "blockstate_match",
          "block_state": {
            "Name": "minecraft:dirt"
          }
        },
        "state": {
          "Name": "everlatweaker:deepslate_auric_ore"
        }
      }
    ]
  }
}