{
	"format_version": "1.8.0",
	"animations": {
		"excelsus.projectile.animation": {
			"loop": true,
			"animation_length": 1,
			"bones": {
				"bone": {
					"rotation": {
						"0.0": {
							"vector": [0, 0, 0]
						},
						"0.125": {
							"vector": [45, 0, 0]
						},
						"0.25": {
							"vector": [90, 0, 0]
						},
						"0.375": {
							"vector": [135, 0, 0]
						},
						"0.5": {
							"vector": [180, 0, 0]
						},
						"0.625": {
							"vector": [216, 0, 0]
						},
						"0.75": {
							"vector": [271, 0, 0]
						},
						"0.875": {
							"vector": [316, 0, 0]
						},
						"1.0": {
							"vector": [361, 0, 0]
						}
					}
				}
			}
		}
	}
}