{
	"format_version": "1.8.0",
	"animations": {
		"murasama_display.animation": {
			"loop": true,
			"animation_length": 0.7,
			"bones": {
				"frame13": {
					"scale": {
						"0.55": [0, 0, 0],
						"0.6": {"pre": [0, 0, 0], "post": [1, 1, 1]},
						"0.65": {"pre": [1, 1, 1], "post": [0, 0, 0]}
					}
				},
				"frame12": {
					"scale": {
						"0.5": [0, 0, 0],
						"0.55": {"pre": [0, 0, 0], "post": [1, 1, 1]},
						"0.6": {"pre": [1, 1, 1], "post": [0, 0, 0]}
					}
				},
				"frame11": {
					"scale": {
						"0.45": [0, 0, 0],
						"0.5": {"pre": [0, 0, 0], "post": [1, 1, 1]},
						"0.55": {"pre": [1, 1, 1], "post": [0, 0, 0]}
					}
				},
				"frame10": {
					"scale": {
						"0.4": [0, 0, 0],
						"0.45": {"pre": [0, 0, 0], "post": [1, 1, 1]},
						"0.5": {"pre": [1, 1, 1], "post": [0, 0, 0]}
					}
				},
				"frame9": {
					"scale": {
						"0.35": [0, 0, 0],
						"0.4": {"pre": [0, 0, 0], "post": [1, 1, 1]},
						"0.45": {"pre": [1, 1, 1], "post": [0, 0, 0]}
					}
				},
				"frame8": {
					"scale": {
						"0.3": [0, 0, 0],
						"0.35": {"pre": [0, 0, 0], "post": [1, 1, 1]},
						"0.4": {"pre": [1, 1, 1], "post": [0, 0, 0]}
					}
				},
				"frame7": {
					"scale": {
						"0.25": [0, 0, 0],
						"0.3": {"pre": [0, 0, 0], "post": [1, 1, 1]},
						"0.35": {"pre": [1, 1, 1], "post": [0, 0, 0]}
					}
				},
				"frame6": {
					"scale": {
						"0.2": [0, 0, 0],
						"0.25": {"pre": [0, 0, 0], "post": [1, 1, 1]},
						"0.3": {"pre": [1, 1, 1], "post": [0, 0, 0]}
					}
				},
				"frame5": {
					"scale": {
						"0.15": [0, 0, 0],
						"0.2": {"pre": [0, 0, 0], "post": [1, 1, 1]},
						"0.25": {"pre": [1, 1, 1], "post": [0, 0, 0]}
					}
				},
				"frame4": {
					"scale": {
						"0.1": [0, 0, 0],
						"0.15": {"pre": [0, 0, 0], "post": [1, 1, 1]},
						"0.2": {"pre": [1, 1, 1], "post": [0, 0, 0]}
					}
				},
				"frame3": {
					"scale": {
						"0.05": [0, 0, 0],
						"0.1": {"pre": [0, 0, 0], "post": [1, 1, 1]},
						"0.15": {"pre": [1, 1, 1], "post": [0, 0, 0]}
					}
				},
				"frame2": {
					"scale": {
						"0.0": [0, 0, 0],
						"0.05": {"pre": [0, 0, 0], "post": [1, 1, 1]},
						"0.1": {"pre": [1, 1, 1], "post": [0, 0, 0]}
					}
				},
				"frame1": {
					"scale": {
						"0.0": [1, 1, 1],
						"0.05": {"pre": [1, 1, 1], "post": [0, 0, 0]}
					}
				}
			}
		}
	}
}