{
	"format_version": "1.8.0",
	"animations": {
		"animation.model.new": {
			"animation_length": 0.70833,
			"bones": {
				"main": {
					"rotation": {
						"0.0417": {
							"vector": [-7.5, -15, 0]
						},
						"0.0833": {
							"vector": [-13.59261, -27.18036, 3.01867]
						},
						"0.125": {
							"vector": [-13.37589, -38.29655, -9.64451]
						},
						"0.1667": {
							"vector": [-1.48107, -47.3609, -32.55979]
						},
						"0.2083": {
							"vector": [2.37472, -58.96107, -51.09171]
						},
						"0.25": {
							"vector": [26.01884, -64.76794, -96.78408]
						},
						"0.2917": {
							"vector": [54.64655, -67.63353, -127.22924]
						},
						"0.3333": {
							"vector": [98.98057, -60.35163, -150.68299]
						},
						"0.375": {
							"vector": [134.4259, -54.89535, -171.8389]
						},
						"0.4167": {
							"vector": [162.69263, -44.48541, -182.62179]
						},
						"0.4583": {
							"vector": [175.41972, -32.30392, -187.42463]
						},
						"0.5": {
							"vector": [181.01525, -22.68036, -201.81359]
						},
						"0.5417": {
							"vector": [184.92524, -14.6702, -211.924]
						},
						"0.5833": {
							"vector": [188.4208, -5.47521, -226.1396]
						},
						"0.625": {
							"vector": [189.77606, 2.64635, -245.08266]
						},
						"0.6667": {
							"vector": [189.27128, 9.23224, -254.15722]
						},
						"0.7083": {
							"vector": [178.19062, -0.51144, -272.748]
						}
					}
				}
			}
		}
	}
}