{
	"format_version": "1.8.0",
	"animations": {
		"jsdtqhj.killaura": {
			"loop": true,
			"animation_length": 0.33333,
			"bones": {
				"Head": {
					"rotation": {
						"0.0": {
							"vector": [0, 0, 0]
						},
						"0.0833": {
							"vector": [0, -90, 90]
						},
						"0.1667": {
							"vector": [0, -90, -180]
						},
						"0.25": {
							"vector": [360, 90, 90]
						},
						"0.3333": {
							"vector": [360, 0, 0]
						}
					}
				},
				"RightArm": {
					"rotation": {
						"vector": [0, 0, 90]
					}
				},
				"LeftArm": {
					"rotation": {
						"vector": [0, 0, -90]
					}
				},
				"RightLeg": {
					"rotation": {
						"vector": [0, 0, 32.5]
					}
				},
				"LeftLeg": {
					"rotation": {
						"vector": [0, 0, -45]
					}
				}
			}
		}
	},
	"geckolib_format_version": 2
}