{
  "_fv": 77,
  "_type": "item",
  "definition": {
    "renderType": 0,
    "texture": "chalice_of_blood_god",
    "customModelName": "Normal",
    "customProperties": {},
    "states": [],
    "name": "Chalice Of Blood God",
    "rarity": "EPIC",
    "creativeTabs": [
      {
        "value": "CUSTOM:WeirdThing"
      }
    ],
    "stackSize": 1,
    "enchantability": 0,
    "useDuration": 32,
    "toolType": 1.0,
    "damageCount": 0,
    "recipeRemainder": {
      "value": ""
    },
    "destroyAnyBlock": false,
    "immuneToFire": true,
    "stayInGridWhenCrafting": true,
    "damageOnCrafting": false,
    "enableMeleeDamage": false,
    "damageVsEntity": 0.0,
    "specialInformation": {
      "fixedValue": [
        "§6Item Ability: Potato King",
        "§7Bestowed by §kNameless Deity§r§7 to the",
        "§7winner of the Great Potato War.",
        "",
        "§d§oAll man can see the tactics",
        "§d§owhereby I conquer, but what none",
        "§d§ocan see is the strategy out of",
        "§d§owhich victory is evolved",
        "§8- Sun Tzu, The Art of War",
        "",
        "§7Can be used to craft any potato material recipe, will not consume",
        "§6§lLEGENDARY ITEM",
        "§7§m                                        ",
        "",
        "§7Congrats!!!",
        "§7Please stop."
      ]
    },
    "glowCondition": {
      "fixedValue": true
    },
    "inventorySize": 9,
    "inventoryStackSize": 64,
    "onFinishUsingItem": {
      "name": "ChaliceOfBloodGodRegenerate"
    },
    "enableRanged": false,
    "shootConstantly": false,
    "rangedItemChargesPower": false,
    "projectile": {
      "value": "CUSTOM:FirecrackerProjectile"
    },
    "projectileDisableAmmoCheck": false,
    "isFood": true,
    "nutritionalValue": 20,
    "saturation": 1.6,
    "eatResultItem": {
      "value": "CUSTOM:ChaliceOfBloodGod"
    },
    "isMeat": false,
    "isAlwaysEdible": false,
    "animation": "drink",
    "isMusicDisc": false,
    "musicDiscMusic": {
      "value": ""
    },
    "musicDiscDescription": "",
    "musicDiscLengthInTicks": 0,
    "musicDiscAnalogOutput": 0
  }
}