{
  "_fv": 69,
  "_type": "recipe",
  "definition": {
    "recipeType": "Crafting",
    "recipeRetstackSize": 1,
    "group": "",
    "cookingBookCategory": "MISC",
    "xpReward": 0.0,
    "cookingTime": 200,
    "craftingBookCategory": "MISC",
    "recipeShapeless": false,
    "recipeSlots": [
      {
        "value": "Blocks.AMETHYST_BLOCK"
      },
      {
        "value": "Blocks.WOOL"
      },
      {
        "value": "Blocks.AMETHYST_BLOCK"
      },
      {
        "value": "Blocks.WOOL"
      },
      {
        "value": "CUSTOM:AuricIngot"
      },
      {
        "value": "Blocks.WOOL"
      },
      {
        "value": "Blocks.AMETHYST_BLOCK"
      },
      {
        "value": "Blocks.WOOL"
      },
      {
        "value": "Blocks.AMETHYST_BLOCK"
      }
    ],
    "recipeReturnStack": {
      "value": "CUSTOM:EverlaDoll"
    },
    "name": "everla_doll_recipe",
    "namespace": "mod"
  }
}