{
  "_fv": 77,
  "_type": "potioneffect",
  "definition": {
    "effectName": "Genshin Start",
    "icon": "genshin_ico",
    "color": {
      "value": -1,
      "falpha": 0.0
    },
    "onAddedSound": {
      "value": ""
    },
    "isInstant": false,
    "mobEffectCategory": "HARMFUL",
    "renderStatusInInventory": true,
    "renderStatusInHUD": true,
    "isCuredbyHoney": false,
    "modifiers": [],
    "onStarted": {
      "name": "GenshinStartSoundPlay"
    },
    "onActiveTick": {
      "name": "GenshinStartMobEffect"
    }
  }
}