{
  "_fv": 77,
  "_type": "recipe",
  "definition": {
    "recipeType": "Crafting",
    "recipeRetstackSize": 1,
    "group": "",
    "cookingBookCategory": "MISC",
    "xpReward": 0.0,
    "cookingTime": 200,
    "craftingBookCategory": "MISC",
    "recipeShapeless": true,
    "recipeSlots": [
      {
        "value": "CUSTOM:NuclearWasteWater.bucket"
      },
      {
        "value": "Items.QUARTZ"
      },
      {
        "value": ""
      },
      {
        "value": "Items.BUCKET"
      },
      {
        "value": ""
      },
      {
        "value": ""
      },
      {
        "value": ""
      },
      {
        "value": ""
      },
      {
        "value": ""
      }
    ],
    "recipeReturnStack": {
      "value": "CUSTOM:InnerQuartzOuterNuclear"
    },
    "name": "inner_quartz_outer_nuclear_recipe",
    "namespace": "mod"
  }
}