{
  "_fv": 77,
  "_type": "item",
  "definition": {
    "renderType": 0,
    "texture": "music_disc_lonely_man_brokenhearted_song",
    "customModelName": "Normal",
    "customProperties": {},
    "states": [],
    "name": "Music Disc",
    "rarity": "RARE",
    "creativeTabs": [
      {
        "value": "CUSTOM:EverlaDiscs"
      }
    ],
    "stackSize": 1,
    "enchantability": 0,
    "useDuration": 0,
    "toolType": 1.0,
    "damageCount": 0,
    "recipeRemainder": {
      "value": ""
    },
    "destroyAnyBlock": false,
    "immuneToFire": false,
    "stayInGridWhenCrafting": false,
    "damageOnCrafting": false,
    "enableMeleeDamage": false,
    "damageVsEntity": 0.0,
    "specialInformation": {
      "fixedValue": []
    },
    "glowCondition": {
      "fixedValue": false
    },
    "inventorySize": 9,
    "inventoryStackSize": 64,
    "enableRanged": false,
    "shootConstantly": false,
    "rangedItemChargesPower": false,
    "projectile": {
      "value": "CUSTOM:FirecrackerProjectile"
    },
    "projectileDisableAmmoCheck": false,
    "isFood": false,
    "nutritionalValue": 4,
    "saturation": 0.3,
    "eatResultItem": {
      "value": ""
    },
    "isMeat": false,
    "isAlwaysEdible": false,
    "animation": "none",
    "isMusicDisc": true,
    "musicDiscMusic": {
      "value": "CUSTOM:lonely_man_brokenhearted_song"
    },
    "musicDiscDescription": "寂寞的人伤心的歌 - 龙梅子 杨海彪",
    "musicDiscLengthInTicks": 1900,
    "musicDiscAnalogOutput": 0
  }
}