{
  "_fv": 77,
  "_type": "recipe",
  "definition": {
    "recipeType": "Crafting",
    "recipeRetstackSize": 1,
    "group": "",
    "cookingBookCategory": "MISC",
    "xpReward": 0.0,
    "cookingTime": 200,
    "craftingBookCategory": "MISC",
    "recipeShapeless": false,
    "recipeSlots": [
      {
        "value": "Items.STRING"
      },
      {
        "value": "CUSTOM:AuricScrap"
      },
      {
        "value": "Blocks.WOOL#4"
      },
      {
        "value": "CUSTOM:AuricScrap"
      },
      {
        "value": "TAG:minecraft:creeper_drop_music_discs"
      },
      {
        "value": "CUSTOM:AuricScrap"
      },
      {
        "value": "Blocks.WOOL#4"
      },
      {
        "value": "CUSTOM:AuricScrap"
      },
      {
        "value": "Items.HONEY_BOTTLE"
      }
    ],
    "recipeReturnStack": {
      "value": "CUSTOM:ManboLegend"
    },
    "name": "manbo_legend_recipe",
    "namespace": "mod"
  }
}