{
  "_fv": 77,
  "_type": "potioneffect",
  "definition": {
    "effectName": "Nuclear Water Radiation",
    "icon": "nuclear_waste_water_bottle",
    "color": {
      "value": -16751002,
      "falpha": 0.0
    },
    "onAddedSound": {
      "value": ""
    },
    "isInstant": false,
    "mobEffectCategory": "HARMFUL",
    "renderStatusInInventory": true,
    "renderStatusInHUD": true,
    "isCuredbyHoney": false,
    "modifiers": [],
    "onActiveTick": {
      "name": "NuclearWaterRadiationBuff"
    }
  }
}