{
  "_fv": 77,
  "_type": "recipe",
  "definition": {
    "recipeType": "Brewing",
    "recipeRetstackSize": 1,
    "group": "",
    "cookingBookCategory": "MISC",
    "xpReward": 0.0,
    "cookingTime": 200,
    "craftingBookCategory": "MISC",
    "recipeShapeless": false,
    "brewingInputStack": {
      "value": "Items.GLASS_BOTTLE"
    },
    "brewingIngredientStack": {
      "value": "CUSTOM:NuclearWasteWater.bucket"
    },
    "brewingReturnStack": {
      "value": "POTION:CUSTOM:NuclearWasteWaterBottle"
    },
    "name": "nuclear_bottle_recipe",
    "namespace": "mod"
  }
}