{
  "_fv": 77,
  "_type": "recipe",
  "definition": {
    "recipeType": "Crafting",
    "recipeRetstackSize": 1,
    "group": "",
    "cookingBookCategory": "MISC",
    "xpReward": 0.0,
    "cookingTime": 200,
    "craftingBookCategory": "MISC",
    "recipeShapeless": true,
    "recipeSlots": [
      {
        "value": "Items.WATER_BUCKET"
      },
      {
        "value": "Items.BUCKET"
      },
      {
        "value": ""
      },
      {
        "value": "CUSTOM:PayToWinCrystal"
      },
      {
        "value": "Blocks.CHERRY_SAPLING"
      },
      {
        "value": ""
      },
      {
        "value": ""
      },
      {
        "value": ""
      },
      {
        "value": ""
      }
    ],
    "recipeReturnStack": {
      "value": "CUSTOM:NuclearWasteWater.bucket"
    },
    "name": "nuclear_waste_water_recipe",
    "namespace": "mod"
  }
}