{
  "_fv": 77,
  "_type": "item",
  "definition": {
    "renderType": 0,
    "texture": "pot_of_pain",
    "customModelName": "Normal",
    "customProperties": {},
    "states": [],
    "name": "Pot Of Pain",
    "rarity": "EPIC",
    "creativeTabs": [
      {
        "value": "CUSTOM:WeirdThing"
      }
    ],
    "stackSize": 1,
    "enchantability": 0,
    "useDuration": 240,
    "toolType": 1.0,
    "damageCount": 0,
    "recipeRemainder": {
      "value": ""
    },
    "destroyAnyBlock": false,
    "immuneToFire": false,
    "stayInGridWhenCrafting": false,
    "damageOnCrafting": false,
    "enableMeleeDamage": false,
    "damageVsEntity": 0.0,
    "specialInformation": {
      "fixedValue": [
        "§7Meh, soup"
      ]
    },
    "glowCondition": {
      "fixedValue": false
    },
    "inventorySize": 9,
    "inventoryStackSize": 64,
    "onFinishUsingItem": {
      "name": "PotOfPainEffect"
    },
    "enableRanged": false,
    "shootConstantly": false,
    "rangedItemChargesPower": false,
    "projectile": {
      "value": "CUSTOM:FirecrackerProjectile"
    },
    "projectileDisableAmmoCheck": false,
    "isFood": true,
    "nutritionalValue": 33,
    "saturation": 3.3,
    "eatResultItem": {
      "value": "CUSTOM:PotOfPain"
    },
    "isMeat": false,
    "isAlwaysEdible": true,
    "animation": "drink",
    "isMusicDisc": false,
    "musicDiscMusic": {
      "value": ""
    },
    "musicDiscDescription": "",
    "musicDiscLengthInTicks": 0,
    "musicDiscAnalogOutput": 0
  }
}