{
  "_fv": 77,
  "_type": "procedure",
  "definition": {
    "procedurexml": "<xml xmlns=\"https://developers.google.com/blockly/xml\"><block type=\"event_trigger\" deletable=\"false\" x=\"40\" y=\"40\"><field name=\"trigger\">no_ext_trigger</field><next><block type=\"entity_execute_command\"><value name=\"entity\"><block type=\"entity_from_deps\"></block></value><value name=\"command\"><block type=\"text\"><field name=\"TEXT\">particle minecraft:explosion_emitter ~ ~ ~</field></block></value><next><block type=\"entity_execute_command\"><value name=\"entity\"><block type=\"entity_from_deps\"></block></value><value name=\"command\"><block type=\"text\"><field name=\"TEXT\">playsound everlaartifacts:deltarune_explosion player @a ~ ~ ~</field></block></value><next><block type=\"entity_execute_command\"><value name=\"entity\"><block type=\"entity_from_deps\"></block></value><value name=\"command\"><block type=\"text\"><field name=\"TEXT\">tellraw @a [{\"selector\":\"@s\"},{\"translate\":\"text.everlaartifacts.suicide\"}]</field></block></value><next><block type=\"entity_execute_command\"><value name=\"entity\"><block type=\"entity_from_deps\"></block></value><value name=\"command\"><block type=\"text\"><field name=\"TEXT\">kill @s</field></block></value></block></next></block></next></block></next></block></next></block></xml>"
  }
}