{
  "_fv": 77,
  "_type": "recipe",
  "definition": {
    "recipeType": "Crafting",
    "recipeRetstackSize": 1,
    "group": "",
    "cookingBookCategory": "MISC",
    "xpReward": 0.0,
    "cookingTime": 200,
    "craftingBookCategory": "MISC",
    "recipeShapeless": false,
    "recipeSlots": [
      {
        "value": "CUSTOM:ThreeInterwinedFate"
      },
      {
        "value": "CUSTOM:InnerQuartzOuterNuclear"
      },
      {
        "value": "CUSTOM:ThreeInterwinedFate"
      },
      {
        "value": "TAG:everlatweaker:beds"
      },
      {
        "value": "Items.HONEY_BOTTLE"
      },
      {
        "value": "TAG:everlatweaker:beds"
      },
      {
        "value": "CUSTOM:ThreeInterwinedFate"
      },
      {
        "value": "Items.GLASS_BOTTLE"
      },
      {
        "value": "CUSTOM:ThreeInterwinedFate"
      }
    ],
    "recipeReturnStack": {
      "value": "CUSTOM:WeirdCocktail"
    },
    "name": "weird_cocktail_recipe",
    "namespace": "mod"
  }
}