{
  "_fv": 77,
  "_type": "item",
  "definition": {
    "renderType": 0,
    "texture": "weird_cocktail",
    "customModelName": "Normal",
    "customProperties": {},
    "states": [],
    "name": "Weird Cocktail",
    "rarity": "EPIC",
    "creativeTabs": [
      {
        "value": "CUSTOM:WeirdThing"
      }
    ],
    "stackSize": 16,
    "enchantability": 0,
    "useDuration": 32,
    "toolType": 1.0,
    "damageCount": 0,
    "recipeRemainder": {
      "value": ""
    },
    "destroyAnyBlock": false,
    "immuneToFire": false,
    "stayInGridWhenCrafting": false,
    "damageOnCrafting": false,
    "enableMeleeDamage": false,
    "damageVsEntity": 0.0,
    "specialInformation": {
      "fixedValue": [
        "§7§oIt\\u0027s looks very bad",
        "§e-  Mascot:§b小恐龙呀啊\\u0027s §eexclusive drink -"
      ]
    },
    "glowCondition": {
      "fixedValue": false
    },
    "inventorySize": 9,
    "inventoryStackSize": 64,
    "onFinishUsingItem": {
      "name": "WeirdCocktailEffect"
    },
    "enableRanged": false,
    "shootConstantly": false,
    "rangedItemChargesPower": false,
    "projectile": {
      "value": "CUSTOM:FirecrackerProjectile"
    },
    "projectileDisableAmmoCheck": false,
    "isFood": true,
    "nutritionalValue": 4,
    "saturation": 0.3,
    "eatResultItem": {
      "value": "Items.GLASS_BOTTLE"
    },
    "isMeat": false,
    "isAlwaysEdible": true,
    "animation": "drink",
    "isMusicDisc": false,
    "musicDiscMusic": {
      "value": ""
    },
    "musicDiscDescription": "",
    "musicDiscLengthInTicks": 0,
    "musicDiscAnalogOutput": 0
  }
}