{
  "_fv": 77,
  "_type": "item",
  "definition": {
    "renderType": 0,
    "texture": "music_disc_worst_appler",
    "customModelName": "Normal",
    "customProperties": {},
    "states": [],
    "name": "Music Disc",
    "rarity": "RARE",
    "creativeTabs": [
      {
        "value": "CUSTOM:EverlaDiscs"
      }
    ],
    "stackSize": 1,
    "enchantability": 0,
    "useDuration": 0,
    "toolType": 1.0,
    "damageCount": 0,
    "destroyAnyBlock": false,
    "immuneToFire": false,
    "stayInGridWhenCrafting": false,
    "damageOnCrafting": false,
    "enableMeleeDamage": false,
    "damageVsEntity": 0.0,
    "specialInformation": {
      "fixedValue": []
    },
    "inventorySize": 9,
    "inventoryStackSize": 64,
    "enableRanged": false,
    "shootConstantly": false,
    "rangedItemChargesPower": false,
    "projectileDisableAmmoCheck": false,
    "isFood": false,
    "nutritionalValue": 0,
    "saturation": 0.30000001192092896,
    "isMeat": false,
    "isAlwaysEdible": false,
    "animation": "none",
    "isMusicDisc": true,
    "musicDiscMusic": {
      "value": "CUSTOM:worst_apple"
    },
    "musicDiscDescription": "§kNameless Deity§r - Worst Apple",
    "musicDiscLengthInTicks": 4340,
    "musicDiscAnalogOutput": 4
  }
}