{
  "_fv": 77,
  "_type": "recipe",
  "definition": {
    "recipeType": "Crafting",
    "recipeRetstackSize": 8,
    "group": "",
    "cookingBookCategory": "MISC",
    "xpReward": 0.0,
    "cookingTime": 200,
    "craftingBookCategory": "MISC",
    "recipeShapeless": true,
    "recipeSlots": [
      {
        "value": "CUSTOM:CondencedPotato1"
      },
      {
        "value": "Items.COOKED_FISH#0"
      },
      {
        "value": "Items.COOKED_FISH#0"
      },
      {
        "value": "Items.COOKED_FISH#0"
      },
      {
        "value": "Items.COOKED_FISH#0"
      },
      {
        "value": "Items.DYE#18"
      },
      {
        "value": "Items.DYE#16"
      },
      {
        "value": "Items.POISONOUS_POTATO"
      },
      {
        "value": "CUSTOM:InnerQuartzOuterNuclear"
      }
    ],
    "recipeReturnStack": {
      "value": "CUSTOM:ZakoUncle"
    },
    "name": "zako_uncle_recipe",
    "namespace": "mod"
  }
}