{
  "type": "minecraft:crafting_shapeless",
  "category": "misc",
  "ingredients": [
    {
      "item": "everlaartifacts:auric_scrap"
    },
    {
      "item": "everlaartifacts:auric_scrap"
    },
    {
      "item": "everlaartifacts:auric_scrap"
    },
    {
      "item": "everlaartifacts:auric_scrap"
    },
    {
      "item": "everlaartifacts:auric_scrap"
    },
    {
      "item": "everlaartifacts:auric_scrap"
    },
    {
      "item": "everlaartifacts:auric_scrap"
    },
    {
      "item": "everlaartifacts:auric_scrap"
    },
    {
      "item": "everlaartifacts:auric_scrap"
    }
  ],
  "result": {
    "id": "everlaartifacts:auric_scrap_block",
    "count": 1
  }
}