{
  "type": "minecraft:crafting_shapeless",
  "category": "misc",
  "ingredients": [
    {
      "item": "everlaartifacts:condenced_potato_7"
    },
    {
      "item": "everlaartifacts:condenced_potato_7"
    },
    {
      "item": "everlaartifacts:condenced_potato_7"
    },
    {
      "item": "everlaartifacts:condenced_potato_7"
    },
    {
      "item": "everlaartifacts:condenced_potato_7"
    },
    {
      "item": "everlaartifacts:condenced_potato_7"
    },
    {
      "item": "everlaartifacts:condenced_potato_7"
    },
    {
      "item": "everlaartifacts:condenced_potato_7"
    },
    {
      "item": "everlaartifacts:condenced_potato_7"
    }
  ],
  "result": {
    "id": "everlaartifacts:condenced_potato_8",
    "count": 1
  }
}