{
  "type": "minecraft:crafting_shaped",
  "category": "misc",
  "pattern": [
    "abc",
    "bdb",
    "cbe"
  ],
  "key": {
    "a": {
      "item": "minecraft:string"
    },
    "b": {
      "item": "everlaartifacts:auric_scrap"
    },
    "c": {
      "item": "minecraft:yellow_wool"
    },
    "d": {
      "tag": "minecraft:creeper_drop_music_discs"
    },
    "e": {
      "item": "minecraft:honey_bottle"
    }
  },
  "result": {
    "id": "everlaartifacts:manbo_legend",
    "count": 1
  }
}