{
	"credit": "Made with Blockbench",
	"texture_size": [64, 64],
	"textures": {
		"0": "everlatweaker:item/everla_doll"
	},
	"elements": [
		{
			"name": "Head",
			"from": [4, 8.8, 5.4],
			"to": [12, 16.8, 13.4],
			"rotation": {"angle": 0, "axis": "y", "origin": [8, 0, 8]},
			"faces": {
				"north": {"uv": [2, 6, 4, 8], "texture": "#0"},
				"east": {"uv": [0, 6, 2, 8], "texture": "#0"},
				"south": {"uv": [6, 6, 8, 8], "texture": "#0"},
				"west": {"uv": [4, 6, 6, 8], "texture": "#0"},
				"up": {"uv": [4, 6, 2, 4], "texture": "#0"},
				"down": {"uv": [6, 4, 4, 6], "texture": "#0"}
			}
		},
		{
			"name": "Head",
			"from": [3.5, 8.2, 4.9],
			"to": [12.5, 17.2, 13.9],
			"rotation": {"angle": 0, "axis": "y", "origin": [8, 0, 8]},
			"faces": {
				"north": {"uv": [2, 2, 4, 4], "texture": "#0"},
				"east": {"uv": [0, 2, 2, 4], "texture": "#0"},
				"south": {"uv": [6, 2, 8, 4], "texture": "#0"},
				"west": {"uv": [4, 2, 6, 4], "texture": "#0"},
				"up": {"uv": [4, 2, 2, 0], "texture": "#0"},
				"down": {"uv": [6, 0, 4, 2], "texture": "#0"}
			}
		},
		{
			"name": "2",
			"from": [5.1, 10.5, 5.2],
			"to": [7.1, 11.5, 6.2],
			"rotation": {"angle": 0, "axis": "y", "origin": [8, 0, 8]},
			"faces": {
				"north": {"uv": [3.25, 8.25, 3.75, 8.5], "texture": "#0"},
				"east": {"uv": [3, 8.25, 3.25, 8.5], "texture": "#0"},
				"south": {"uv": [4, 8.25, 4.5, 8.5], "texture": "#0"},
				"west": {"uv": [3.75, 8.25, 4, 8.5], "texture": "#0"},
				"up": {"uv": [3.75, 8.25, 3.25, 8], "texture": "#0"},
				"down": {"uv": [4.25, 8, 3.75, 8.25], "texture": "#0"}
			}
		},
		{
			"name": "2",
			"from": [8.8, 10.5, 5.2],
			"to": [10.8, 11.5, 6.2],
			"rotation": {"angle": 0, "axis": "y", "origin": [8, 0, 8]},
			"faces": {
				"north": {"uv": [3.25, 8.25, 3.75, 8.5], "texture": "#0"},
				"east": {"uv": [3, 8.25, 3.25, 8.5], "texture": "#0"},
				"south": {"uv": [4, 8.25, 4.5, 8.5], "texture": "#0"},
				"west": {"uv": [3.75, 8.25, 4, 8.5], "texture": "#0"},
				"up": {"uv": [3.75, 8.25, 3.25, 8], "texture": "#0"},
				"down": {"uv": [4.25, 8, 3.75, 8.25], "texture": "#0"}
			}
		},
		{
			"name": "Body",
			"from": [5.82, 2.28, 8],
			"to": [10.14, 8.76, 10.16],
			"rotation": {"angle": 0, "axis": "y", "origin": [8, 0, 8]},
			"faces": {
				"north": {"uv": [8, 8, 9, 9.5], "texture": "#0"},
				"east": {"uv": [7.5, 8, 8, 9.5], "texture": "#0"},
				"south": {"uv": [9.5, 8, 10.5, 9.5], "texture": "#0"},
				"west": {"uv": [9, 8, 9.5, 9.5], "texture": "#0"},
				"up": {"uv": [9, 8, 8, 7.5], "texture": "#0"},
				"down": {"uv": [10, 7.5, 9, 8], "texture": "#0"}
			}
		},
		{
			"name": "RightArm",
			"from": [10.14, 3.74985, 1.52376],
			"to": [11.76, 10.22985, 3.68376],
			"rotation": {"angle": 45, "axis": "x", "origin": [3.68, 0, 3.68]},
			"faces": {
				"north": {"uv": [0.5, 4.5, 0.75, 6], "texture": "#0"},
				"east": {"uv": [0, 4.5, 0.5, 6], "texture": "#0"},
				"south": {"uv": [1.25, 4.5, 1.5, 6], "texture": "#0"},
				"west": {"uv": [0.75, 4.5, 1.25, 6], "texture": "#0"},
				"up": {"uv": [0.75, 4.5, 0.5, 4], "texture": "#0"},
				"down": {"uv": [1, 4, 0.75, 4.5], "texture": "#0"}
			}
		},
		{
			"name": "LeftArm",
			"from": [4.2, 1.58591, 8.39261],
			"to": [5.82, 8.06591, 10.55261],
			"rotation": {"angle": 22.5, "axis": "x", "origin": [5.68, 8, 9.68]},
			"faces": {
				"north": {"uv": [0.5, 0.5, 0.75, 2], "texture": "#0"},
				"east": {"uv": [0, 0.5, 0.5, 2], "texture": "#0"},
				"south": {"uv": [1.25, 0.5, 1.5, 2], "texture": "#0"},
				"west": {"uv": [0.75, 0.5, 1.25, 2], "texture": "#0"},
				"up": {"uv": [0.75, 0.5, 0.5, 0], "texture": "#0"},
				"down": {"uv": [1, 0, 0.75, 0.5], "texture": "#0"}
			}
		},
		{
			"name": "RightLeg",
			"from": [9.97098, 0.12, 0.8991],
			"to": [12.13098, 2.28, 7.3791],
			"rotation": {"angle": -22.5, "axis": "y", "origin": [3.68, 0, 3.68]},
			"faces": {
				"north": {"uv": [7.5, 1.5, 8, 2], "texture": "#0"},
				"east": {"uv": [6, 1.5, 7.5, 2], "texture": "#0"},
				"south": {"uv": [9.5, 1.5, 10, 2], "texture": "#0"},
				"west": {"uv": [8, 1.5, 9.5, 2], "texture": "#0"},
				"up": {"uv": [8, 1.5, 7.5, 0], "texture": "#0"},
				"down": {"uv": [8.5, 0, 8, 1.5], "texture": "#0"}
			}
		},
		{
			"name": "LeftLeg",
			"from": [3.42453, 0.12, 4.12983],
			"to": [5.58453, 2.28, 10.60983],
			"rotation": {"angle": 22.5, "axis": "y", "origin": [3.68, 0, 3.68]},
			"faces": {
				"north": {"uv": [7.5, 5.5, 8, 6], "texture": "#0"},
				"east": {"uv": [6, 5.5, 7.5, 6], "texture": "#0"},
				"south": {"uv": [9.5, 5.5, 10, 6], "texture": "#0"},
				"west": {"uv": [8, 5.5, 9.5, 6], "texture": "#0"},
				"up": {"uv": [8, 5.5, 7.5, 4], "texture": "#0"},
				"down": {"uv": [8.5, 4, 8, 5.5], "texture": "#0"}
			}
		}
	],
	"display": {
		"thirdperson_righthand": {
			"translation": [0, 0, -1.75],
			"scale": [0.8, 0.8, 0.8]
		},
		"thirdperson_lefthand": {
			"translation": [0, 0, -1.75],
			"scale": [0.8, 0.8, 0.8]
		},
		"firstperson_righthand": {
			"rotation": [-180, 64, -180],
			"translation": [2, 4.25, 0],
			"scale": [0.6, 0.6, 0.6]
		},
		"firstperson_lefthand": {
			"rotation": [0, 114, 0],
			"translation": [2, 4.25, 0],
			"scale": [0.6, 0.6, 0.6]
		},
		"ground": {
			"translation": [0, 4, 0]
		},
		"gui": {
			"rotation": [-158.75, 35.63, 179.12],
			"translation": [0, -0.5, 0],
			"scale": [0.8, 0.8, 0.8]
		},
		"head": {
			"translation": [0, 14.25, 0]
		},
		"fixed": {
			"translation": [0, 0, -1]
		}
	},
	"groups": [
		{
			"name": "All",
			"origin": [8, 0, 0],
			"color": 0,
			"nbt": "{}",
			"children": [
				{
					"name": "Head",
					"origin": [8, 9, 9],
					"color": 1,
					"nbt": "{}",
					"children": [
						0,
						1,
						{
							"name": "2",
							"origin": [8, 8, 8],
							"color": 2,
							"nbt": "{}",
							"children": [2, 3]
						}
					]
				},
				{
					"name": "Body",
					"origin": [0, 24, 0],
					"color": 3,
					"nbt": "{}",
					"children": [4]
				},
				{
					"name": "RightArm",
					"origin": [11, 8, 10],
					"color": 4,
					"nbt": "{}",
					"children": [5]
				},
				{
					"name": "LeftArm",
					"origin": [4, 8, 10],
					"color": 5,
					"nbt": "{}",
					"children": [6]
				},
				{
					"name": "RightLeg",
					"origin": [1.9, 12, 0],
					"color": 6,
					"nbt": "{}",
					"children": [7]
				},
				{
					"name": "LeftLeg",
					"origin": [-1.9, 12, 0],
					"color": 7,
					"nbt": "{}",
					"children": [8]
				}
			]
		}
	]
}