{
  "display": {
    "icon": {
      "id": "everlaartifacts:chalice_of_blood_god"
    },
    "title": {
      "translate": "advancements.chalice_of_blood_god_challenge.title"
    },
    "description": {
      "translate": "advancements.chalice_of_blood_god_challenge.descr"
    },
    "frame": "challenge",
    "show_toast": true,
    "announce_to_chat": true,
    "hidden": true
  },
  "criteria": {
    "chalice_of_blood_god_challenge_0": {
      "trigger": "minecraft:inventory_changed",
      "conditions": {
        "items": [
          {
            "items": [
              "everlaartifacts:chalice_of_blood_god"
            ],
            "count": {
              "min": 1,
              "max": 1
            }
          }
        ]
      }
    }
  },
  "rewards": {
    "experience": 1999
  },
  "parent": "minecraft:husbandry/plant_seed"
}