{
  "type": "minecraft:crafting_shapeless",
  "category": "misc",
  "ingredients": [
    {
      "item": "everlatweaker:auric_scrap_block"
    },
    {
      "item": "everlatweaker:auric_scrap_block"
    },
    {
      "item": "everlatweaker:auric_scrap_block"
    },
    {
      "item": "everlatweaker:auric_scrap_block"
    },
    {
      "item": "everlatweaker:auric_scrap_block"
    },
    {
      "item": "everlatweaker:auric_scrap_block"
    },
    {
      "item": "everlatweaker:auric_scrap_block"
    },
    {
      "item": "everlatweaker:auric_scrap_block"
    }
  ],
  "result": {
    "item": "everlatweaker:auric_ingot",
    "count": 16
  }
}