{
  "type": "minecraft:crafting_shapeless",
  "category": "misc",
  "ingredients": [
    {
      "item": "everlatweaker:auric_scrap"
    },
    {
      "item": "everlatweaker:auric_scrap"
    },
    {
      "item": "everlatweaker:auric_scrap"
    },
    {
      "item": "everlatweaker:auric_scrap"
    },
    {
      "item": "everlatweaker:auric_scrap"
    },
    {
      "item": "everlatweaker:auric_scrap"
    },
    {
      "item": "everlatweaker:auric_scrap"
    },
    {
      "item": "everlatweaker:auric_scrap"
    },
    {
      "item": "everlatweaker:auric_scrap"
    }
  ],
  "result": {
    "item": "everlatweaker:auric_scrap_block",
    "count": 1
  }
}