{
  "type": "minecraft:crafting_shapeless",
  "category": "misc",
  "ingredients": [
    {
      "item": "everlatweaker:condenced_potato_2"
    },
    {
      "item": "everlatweaker:condenced_potato_2"
    },
    {
      "item": "everlatweaker:condenced_potato_2"
    },
    {
      "item": "everlatweaker:condenced_potato_2"
    },
    {
      "item": "everlatweaker:condenced_potato_2"
    },
    {
      "item": "everlatweaker:condenced_potato_2"
    },
    {
      "item": "everlatweaker:condenced_potato_2"
    },
    {
      "item": "everlatweaker:condenced_potato_2"
    },
    {
      "item": "everlatweaker:condenced_potato_2"
    }
  ],
  "result": {
    "item": "everlatweaker:condenced_potato_3",
    "count": 1
  }
}