{
  "type": "minecraft:crafting_shaped",
  "category": "misc",
  "pattern": [
    "abc",
    "bdb",
    "eba"
  ],
  "key": {
    "a": {
      "item": "minecraft:pink_concrete"
    },
    "b": {
      "item": "everlatweaker:auric_scrap"
    },
    "c": {
      "item": "minecraft:gold_block"
    },
    "d": {
      "tag": "minecraft:creeper_drop_music_discs"
    },
    "e": {
      "item": "minecraft:diamond_block"
    }
  },
  "result": {
    "item": "everlatweaker:lonely_guitar",
    "count": 1
  }
}