{
  "type": "minecraft:crafting_shapeless",
  "category": "misc",
  "ingredients": [
    {
      "item": "everlatweaker:condenced_potato_1"
    },
    {
      "item": "minecraft:cooked_cod"
    },
    {
      "item": "minecraft:cooked_cod"
    },
    {
      "item": "minecraft:cooked_cod"
    },
    {
      "item": "minecraft:cooked_cod"
    },
    {
      "item": "minecraft:blue_dye"
    },
    {
      "item": "minecraft:black_dye"
    },
    {
      "item": "minecraft:poisonous_potato"
    },
    {
      "item": "everlatweaker:inner_quartz_outer_nuclear"
    }
  ],
  "result": {
    "item": "everlatweaker:zako_uncle",
    "count": 8
  }
}