{
	"format_version": "1.12.0",
	"minecraft:geometry": [
		{
			"description": {
				"identifier": "geometry.gaster_blaster - Converted",
				"texture_width": 64,
				"texture_height": 64,
				"visible_bounds_width": 3,
				"visible_bounds_height": 2.5,
				"visible_bounds_offset": [0, 0.75, 0]
			},
			"bones": [
				{
					"name": "main",
					"pivot": [0, -12, 0]
				},
				{
					"name": "Anglemax",
					"parent": "main",
					"pivot": [0, -4, 0]
				},
				{
					"name": "Angle1",
					"parent": "Anglemax",
					"pivot": [0, -4, 0],
					"cubes": [
						{"origin": [-2, 4.5, 9], "size": [4, 1, 2], "uv": [0, 32]},
						{"origin": [-1, 4.5, 11], "size": [2, 1, 2], "uv": [38, 11]}
					]
				},
				{
					"name": "Angle2",
					"parent": "Anglemax",
					"pivot": [0, -4, 0],
					"cubes": [
						{"origin": [3.07612, 3, 8.38268], "size": [2, 2, 2], "pivot": [5, 4, 9], "rotation": [0, -22.5, 0], "uv": [8, 39]},
						{"origin": [-5.38268, 3, 8.07612], "size": [2, 2, 2], "pivot": [-4, 4, 9], "rotation": [0, 45, 0], "uv": [38, 0]},
						{"origin": [4, 3.5, 9], "size": [1, 1, 4], "pivot": [5, 4, 9], "rotation": [22.5, 0, 0], "uv": [28, 30]},
						{"origin": [-5, 3.5, 9], "size": [1, 1, 4], "pivot": [5, 4, 9], "rotation": [22.5, 0, 0], "uv": [8, 25]}
					]
				},
				{
					"name": "Angle3",
					"parent": "Anglemax",
					"pivot": [-4, 4, 9],
					"cubes": [
						{"origin": [2, -0.75, 9.5], "size": [2, 2, 2], "pivot": [3, 0, 11], "rotation": [22.5, 0, 0], "uv": [15, 37]},
						{"origin": [2.5, -1.16421, 11.5], "size": [1, 4, 1], "pivot": [3, 1, 12], "rotation": [-45, 0, 0], "uv": [8, 24]},
						{"origin": [-3.5, -1.16421, 11.5], "size": [1, 4, 1], "pivot": [3, 1, 12], "rotation": [-45, 0, 0], "uv": [0, 24]},
						{"origin": [-4, -0.75, 9.5], "size": [2, 2, 2], "pivot": [3, 0, 11], "rotation": [22.5, 0, 0], "uv": [34, 30]}
					]
				},
				{
					"name": "Maxilla",
					"parent": "main",
					"pivot": [0, -4, 0],
					"cubes": [
						{"origin": [-3, 4.37778, 5.42596], "size": [6, 1, 4], "uv": [22, 0]},
						{"origin": [0.5, 0, 9], "size": [3, 5, 1], "uv": [33, 35]},
						{"origin": [1, -4.5, 9], "size": [2, 5, 1], "pivot": [2, 0, 9], "rotation": [-22.5, 0, 0], "uv": [0, 8]},
						{"origin": [-3.5, 0, 9], "size": [3, 5, 1], "uv": [33, 23]},
						{"origin": [-3, -4.5, 9], "size": [2, 5, 1], "pivot": [-2, 0, 9], "rotation": [-22.5, 0, 0], "uv": [0, 0]}
					]
				},
				{
					"name": "cranium",
					"parent": "Maxilla",
					"pivot": [1, 5, -5],
					"cubes": [
						{"origin": [-2.5, 4, 1], "size": [2, 1, 5], "pivot": [-1, 5, -5], "rotation": [0, 0, -22.5], "uv": [31, 14]},
						{"origin": [0.5, 4, 1], "size": [2, 1, 5], "pivot": [1, 5, -5], "rotation": [0, 0, 22.5], "uv": [31, 5]},
						{"origin": [0.15, 4, -6], "size": [2, 1, 7], "pivot": [1, 5, 1], "rotation": [22.5, 0, 0], "uv": [0, 8]},
						{"origin": [-2.15, 4, -6], "size": [2, 1, 7], "pivot": [1, 5, 1], "rotation": [22.5, 0, 0], "uv": [0, 0]},
						{"origin": [3, 1, 6], "size": [1, 4, 3], "uv": [0, 35]},
						{"origin": [-4, 1, 6], "size": [1, 4, 3], "uv": [9, 32]},
						{"origin": [2, 3.5, 5], "size": [1, 1, 1], "pivot": [3, 3.5, 5], "rotation": [0, 0, 22.5], "uv": [22, 14]},
						{"origin": [-3, 3.5, 5], "size": [1, 1, 1], "pivot": [-3, 3.5, 5], "rotation": [0, 0, -22.5], "uv": [11, 21]}
					]
				},
				{
					"name": "Upper_mouth",
					"parent": "Maxilla",
					"pivot": [0, -4, 0],
					"cubes": [
						{"origin": [1, 2, 0], "size": [1, 2, 6], "pivot": [2, 4, 3], "rotation": [0, 0, -45], "uv": [0, 24]},
						{"origin": [-4, 3, 0], "size": [2, 1, 6], "pivot": [-2, 4, 3], "rotation": [0, 0, -45], "uv": [23, 23]},
						{"origin": [-3, -0.9, -5], "size": [1, 4, 5], "pivot": [-2, 1, -2], "rotation": [0, 0, 22.5], "uv": [21, 30]},
						{"origin": [2, -0.9, -5], "size": [1, 4, 5], "pivot": [2, 1, -2], "rotation": [0, 0, -22.5], "uv": [14, 25]},
						{"origin": [-3.5, 0.5, 0], "size": [1, 2, 7], "pivot": [-3, 2, 3], "rotation": [0, 0, 22.5], "uv": [22, 14]},
						{"origin": [2.5, 0.5, 0], "size": [1, 2, 7], "pivot": [3, 2, 3], "rotation": [0, 0, -22.5], "uv": [22, 5]},
						{"origin": [1.15, 1, -6], "size": [2, 1, 1], "pivot": [1, 2, -5], "rotation": [-22.5, 0, 0], "uv": [11, 13]},
						{"origin": [-3.15, 1, -6], "size": [2, 1, 1], "pivot": [1, 2, -5], "rotation": [-22.5, 0, 0], "uv": [11, 4]},
						{"origin": [-3.25, -0.88268, -6.42388], "size": [3, 2, 1], "pivot": [0, 1, -5], "rotation": [-22.5, 0, 0], "uv": [23, 39]},
						{"origin": [0.25, -0.88268, -6.42388], "size": [3, 2, 1], "pivot": [0, 1, -5], "rotation": [-22.5, 0, 0], "uv": [38, 20]}
					]
				},
				{
					"name": "chin",
					"parent": "main",
					"pivot": [-3, 3.5, 5],
					"cubes": [
						{"origin": [1, -5, 1], "size": [2, 1, 7], "pivot": [3, -4, 8], "rotation": [22.5, 0, 0], "uv": [11, 17]},
						{"origin": [-3, -5, 1], "size": [2, 1, 7], "pivot": [3, -4, 8], "rotation": [22.5, 0, 0], "uv": [0, 16]},
						{"origin": [1, -7.5, -5], "size": [2, 1, 7], "uv": [11, 9]},
						{"origin": [-3, -7.5, -5], "size": [2, 1, 7], "uv": [11, 1]}
					]
				},
				{
					"name": "toothmax",
					"parent": "main",
					"pivot": [0, -4, 0]
				},
				{
					"name": "tooth1",
					"parent": "toothmax",
					"pivot": [0, -4, 0],
					"cubes": [
						{"origin": [3, -1, 6], "size": [1, 2, 2], "uv": [11, 17]},
						{"origin": [3.25, -2.61732, 6.92388], "size": [0.5, 3, 1], "pivot": [4, 0, 6], "rotation": [-22.5, 0, 0], "uv": [4, 23]}
					]
				},
				{
					"name": "tooth2",
					"parent": "toothmax",
					"pivot": [0, -4, 0],
					"cubes": [
						{"origin": [-4, -1, 6], "size": [1, 2, 2], "uv": [0, 16]},
						{"origin": [-3.75, -2.61732, 6.92388], "size": [0.5, 3, 1], "pivot": [4, 0, 6], "rotation": [-22.5, 0, 0], "uv": [4, 19]}
					]
				},
				{
					"name": "tooth3",
					"parent": "toothmax",
					"pivot": [0, -4, 0],
					"cubes": [
						{"origin": [3, -0.61732, 4.92388], "size": [1, 2, 1], "pivot": [3, 1, 4], "rotation": [-22.5, 0, 0], "uv": [40, 5]},
						{"origin": [3, -1.38268, 3.07612], "size": [1, 2, 1], "pivot": [3, 1, 4], "rotation": [-22.5, 0, 0], "uv": [5, 35]},
						{"origin": [-4, -1.38268, 3.07612], "size": [1, 2, 1], "pivot": [3, 1, 4], "rotation": [-22.5, 0, 0], "uv": [17, 34]},
						{"origin": [-4, -0.61732, 4.92388], "size": [1, 2, 1], "pivot": [3, 1, 4], "rotation": [-22.5, 0, 0], "uv": [31, 14]}
					]
				},
				{
					"name": "tooth4",
					"parent": "toothmax",
					"pivot": [0, -4, 0],
					"cubes": [
						{"origin": [2, -5.5, 5], "size": [1, 2, 1], "pivot": [3, -5, 6], "rotation": [22.5, 0, 0], "uv": [31, 5]},
						{"origin": [-3, -5.5, 5], "size": [1, 2, 1], "pivot": [3, -5, 6], "rotation": [22.5, 0, 0], "uv": [28, 30]},
						{"origin": [2, -6, 3], "size": [1, 2, 1], "pivot": [3, -6, 4], "rotation": [22.5, 0, 0], "uv": [14, 25]},
						{"origin": [-3, -6, 3], "size": [1, 2, 1], "pivot": [3, -6, 4], "rotation": [22.5, 0, 0], "uv": [22, 17]}
					]
				},
				{
					"name": "tooth5",
					"parent": "toothmax",
					"pivot": [3, -6, 4],
					"cubes": [
						{"origin": [1.5, -7, -5], "size": [1.5, 2, 2], "uv": [11, 9]},
						{"origin": [-3, -7, -5], "size": [1.5, 2, 2], "uv": [11, 0]},
						{"origin": [2, -5, -4.5], "size": [0.5, 2, 1], "uv": [0, 15]},
						{"origin": [-2.5, -5, -4.5], "size": [0.5, 2, 1], "uv": [11, 8]}
					]
				},
				{
					"name": "tooth6",
					"parent": "toothmax",
					"pivot": [0, -4, 0],
					"cubes": [
						{"origin": [-3.5, -2, -4], "size": [1, 2, 1], "pivot": [-3, 0, -3], "rotation": [22.5, 0, 0], "uv": [22, 9]},
						{"origin": [2.5, -2, -4], "size": [1, 2, 1], "pivot": [-3, 0, -3], "rotation": [22.5, 0, 0], "uv": [22, 5]},
						{"origin": [-3.5, -3.14805, -1.22836], "size": [1, 2, 1], "pivot": [-3, 0, -3], "rotation": [22.5, 0, 0], "uv": [22, 0]},
						{"origin": [2.5, -3.14805, -1.22836], "size": [1, 2, 1], "pivot": [-3, 0, -3], "rotation": [22.5, 0, 0], "uv": [0, 20]}
					]
				},
				{
					"name": "eyes",
					"parent": "main",
					"pivot": [-2, 1, -2],
					"cubes": [
						{"origin": [3.01, 2, 1], "size": [0, 2, 4], "pivot": [3, 3, 3], "rotation": [0, 0, -45], "uv": [21, 23]},
						{"origin": [-3.01, 2.01, 1], "size": [0, 2, 4], "pivot": [-3, 3, 3], "rotation": [0, 0, 45], "uv": [21, 21]}
					]
				}
			]
		}
	]
}