{
	"format_version": "1.12.0",
	"minecraft:geometry": [
		{
			"description": {
				"identifier": "geometry.unknown",
				"texture_width": 1024,
				"texture_height": 1024,
				"visible_bounds_width": 18,
				"visible_bounds_height": 1.5,
				"visible_bounds_offset": [0, 0.25, 0]
			},
			"bones": [
				{
					"name": "head",
					"pivot": [0, 0, -1]
				},
				{
					"name": "frame13",
					"parent": "head",
					"pivot": [-2, 0, 0],
					"cubes": [
						{
							"origin": [-147, 0, -115],
							"size": [175, 0, 175],
							"pivot": [-10, 0, -7],
							"rotation": [0, -90, 0],
							"uv": {
								"north": {"uv": [0, 0], "uv_size": [175, 0]},
								"east": {"uv": [0, 0], "uv_size": [175, 0]},
								"south": {"uv": [0, 0], "uv_size": [175, 0]},
								"west": {"uv": [0, 0], "uv_size": [175, 0]},
								"up": {"uv": [525, 525], "uv_size": [-175, -175]},
								"down": {"uv": [175, 1024], "uv_size": [-175, -175]}
							}
						}
					]
				},
				{
					"name": "frame12",
					"parent": "head",
					"pivot": [-2, 0, 0],
					"cubes": [
						{
							"origin": [-147, 0, -115],
							"size": [175, 0, 175],
							"pivot": [-10, 0, -7],
							"rotation": [0, -90, 0],
							"uv": {
								"north": {"uv": [0, 0], "uv_size": [175, 0]},
								"east": {"uv": [0, 0], "uv_size": [175, 0]},
								"south": {"uv": [0, 0], "uv_size": [175, 0]},
								"west": {"uv": [0, 0], "uv_size": [175, 0]},
								"up": {"uv": [350, 525], "uv_size": [-175, -175]},
								"down": {"uv": [175, 1024], "uv_size": [-175, -175]}
							}
						}
					]
				},
				{
					"name": "frame11",
					"parent": "head",
					"pivot": [-2, 0, 0],
					"cubes": [
						{
							"origin": [-147, 0, -115],
							"size": [175, 0, 175],
							"pivot": [-10, 0, -7],
							"rotation": [0, -90, 0],
							"uv": {
								"north": {"uv": [0, 0], "uv_size": [175, 0]},
								"east": {"uv": [0, 0], "uv_size": [175, 0]},
								"south": {"uv": [0, 0], "uv_size": [175, 0]},
								"west": {"uv": [0, 0], "uv_size": [175, 0]},
								"up": {"uv": [175, 525], "uv_size": [-175, -175]},
								"down": {"uv": [175, 1024], "uv_size": [-175, -175]}
							}
						}
					]
				},
				{
					"name": "frame10",
					"parent": "head",
					"pivot": [-2, 0, 0],
					"cubes": [
						{
							"origin": [-147, 0, -115],
							"size": [175, 0, 175],
							"pivot": [-10, 0, -7],
							"rotation": [0, -90, 0],
							"uv": {
								"north": {"uv": [0, 0], "uv_size": [175, 0]},
								"east": {"uv": [0, 0], "uv_size": [175, 0]},
								"south": {"uv": [0, 0], "uv_size": [175, 0]},
								"west": {"uv": [0, 0], "uv_size": [175, 0]},
								"up": {"uv": [875, 350], "uv_size": [-175, -175]},
								"down": {"uv": [175, 1024], "uv_size": [-175, -175]}
							}
						}
					]
				},
				{
					"name": "frame9",
					"parent": "head",
					"pivot": [-2, 0, 0],
					"cubes": [
						{
							"origin": [-147, 0, -115],
							"size": [175, 0, 175],
							"pivot": [-10, 0, -7],
							"rotation": [0, -90, 0],
							"uv": {
								"north": {"uv": [0, 0], "uv_size": [175, 0]},
								"east": {"uv": [0, 0], "uv_size": [175, 0]},
								"south": {"uv": [0, 0], "uv_size": [175, 0]},
								"west": {"uv": [0, 0], "uv_size": [175, 0]},
								"up": {"uv": [701, 350], "uv_size": [-175, -175]},
								"down": {"uv": [175, 1024], "uv_size": [-175, -175]}
							}
						}
					]
				},
				{
					"name": "frame8",
					"parent": "head",
					"pivot": [-2, 0, 0],
					"cubes": [
						{
							"origin": [-147, 0, -115],
							"size": [175, 0, 175],
							"pivot": [-10, 0, -7],
							"rotation": [0, -90, 0],
							"uv": {
								"north": {"uv": [0, 0], "uv_size": [175, 0]},
								"east": {"uv": [0, 0], "uv_size": [175, 0]},
								"south": {"uv": [0, 0], "uv_size": [175, 0]},
								"west": {"uv": [0, 0], "uv_size": [175, 0]},
								"up": {"uv": [525, 350], "uv_size": [-175, -175]},
								"down": {"uv": [175, 1024], "uv_size": [-175, -175]}
							}
						}
					]
				},
				{
					"name": "frame7",
					"parent": "head",
					"pivot": [-2, 0, 0],
					"cubes": [
						{
							"origin": [-147, 0, -115],
							"size": [175, 0, 175],
							"pivot": [-10, 0, -7],
							"rotation": [0, -90, 0],
							"uv": {
								"north": {"uv": [0, 0], "uv_size": [175, 0]},
								"east": {"uv": [0, 0], "uv_size": [175, 0]},
								"south": {"uv": [0, 0], "uv_size": [175, 0]},
								"west": {"uv": [0, 0], "uv_size": [175, 0]},
								"up": {"uv": [350, 350], "uv_size": [-175, -175]},
								"down": {"uv": [175, 1024], "uv_size": [-175, -175]}
							}
						}
					]
				},
				{
					"name": "frame6",
					"parent": "head",
					"pivot": [-2, 0, 0],
					"cubes": [
						{
							"origin": [-147, 0, -115],
							"size": [175, 0, 175],
							"pivot": [-10, 0, -7],
							"rotation": [0, -90, 0],
							"uv": {
								"north": {"uv": [0, 0], "uv_size": [175, 0]},
								"east": {"uv": [0, 0], "uv_size": [175, 0]},
								"south": {"uv": [0, 0], "uv_size": [175, 0]},
								"west": {"uv": [0, 0], "uv_size": [175, 0]},
								"up": {"uv": [175, 350], "uv_size": [-175, -175]},
								"down": {"uv": [175, 1024], "uv_size": [-175, -175]}
							}
						}
					]
				},
				{
					"name": "frame5",
					"parent": "head",
					"pivot": [-2, 0, 0],
					"cubes": [
						{
							"origin": [-147, 0, -115],
							"size": [175, 0, 175],
							"pivot": [-10, 0, -7],
							"rotation": [0, -90, 0],
							"uv": {
								"north": {"uv": [0, 0], "uv_size": [175, 0]},
								"east": {"uv": [0, 0], "uv_size": [175, 0]},
								"south": {"uv": [0, 0], "uv_size": [175, 0]},
								"west": {"uv": [0, 0], "uv_size": [175, 0]},
								"up": {"uv": [875, 175], "uv_size": [-175, -175]},
								"down": {"uv": [175, 1024], "uv_size": [-175, -175]}
							}
						}
					]
				},
				{
					"name": "frame4",
					"parent": "head",
					"pivot": [-2, 0, 0],
					"cubes": [
						{
							"origin": [-147, 0, -115],
							"size": [175, 0, 175],
							"pivot": [-10, 0, -7],
							"rotation": [0, -90, 0],
							"uv": {
								"north": {"uv": [0, 0], "uv_size": [175, 0]},
								"east": {"uv": [0, 0], "uv_size": [175, 0]},
								"south": {"uv": [0, 0], "uv_size": [175, 0]},
								"west": {"uv": [0, 0], "uv_size": [175, 0]},
								"up": {"uv": [700, 175], "uv_size": [-175, -175]},
								"down": {"uv": [175, 1024], "uv_size": [-175, -175]}
							}
						}
					]
				},
				{
					"name": "frame3",
					"parent": "head",
					"pivot": [-2, 0, 0],
					"cubes": [
						{
							"origin": [-147, 0, -115],
							"size": [175, 0, 175],
							"pivot": [-10, 0, -7],
							"rotation": [0, -90, 0],
							"uv": {
								"north": {"uv": [0, 0], "uv_size": [175, 0]},
								"east": {"uv": [0, 0], "uv_size": [175, 0]},
								"south": {"uv": [0, 0], "uv_size": [175, 0]},
								"west": {"uv": [0, 0], "uv_size": [175, 0]},
								"up": {"uv": [525, 175], "uv_size": [-175, -175]},
								"down": {"uv": [175, 1024], "uv_size": [-175, -175]}
							}
						}
					]
				},
				{
					"name": "frame2",
					"parent": "head",
					"pivot": [-2, 0, 0],
					"cubes": [
						{
							"origin": [-147, 0, -115],
							"size": [175, 0, 175],
							"pivot": [-10, 0, -7],
							"rotation": [0, -90, 0],
							"uv": {
								"north": {"uv": [0, 0], "uv_size": [175, 0]},
								"east": {"uv": [0, 0], "uv_size": [175, 0]},
								"south": {"uv": [0, 0], "uv_size": [175, 0]},
								"west": {"uv": [0, 0], "uv_size": [175, 0]},
								"up": {"uv": [350, 175], "uv_size": [-175, -175]},
								"down": {"uv": [175, 1024], "uv_size": [-175, -175]}
							}
						}
					]
				},
				{
					"name": "frame1",
					"parent": "head",
					"pivot": [-10, 0, -7],
					"cubes": [
						{
							"origin": [-147, 0, -115],
							"size": [175, 0, 175],
							"pivot": [-10, 0, -7],
							"rotation": [0, -90, 0],
							"uv": {
								"north": {"uv": [0, 0], "uv_size": [175, 0]},
								"east": {"uv": [0, 0], "uv_size": [175, 0]},
								"south": {"uv": [0, 0], "uv_size": [175, 0]},
								"west": {"uv": [0, 0], "uv_size": [175, 0]},
								"up": {"uv": [175, 175], "uv_size": [-175, -175]},
								"down": {"uv": [175, 1024], "uv_size": [-175, -175]}
							}
						}
					]
				}
			]
		}
	]
}