{
	"format_version": "1.12.0",
	"minecraft:geometry": [
		{
			"description": {
				"identifier": "geometry.unknown",
				"texture_width": 32,
				"texture_height": 32,
				"visible_bounds_width": 2,
				"visible_bounds_height": 2.5,
				"visible_bounds_offset": [0, 0.75, 0]
			},
			"bones": [
				{
					"name": "main",
					"pivot": [-0.5, 6.5, -0.5],
					"cubes": [
						{"origin": [-1, 6, -6], "size": [1, 1, 2], "uv": [18, 17]},
						{"origin": [-1, 6, 3], "size": [1, 1, 2], "uv": [10, 18]},
						{"origin": [-1, 5, -4], "size": [1, 3, 2], "uv": [14, 14]},
						{"origin": [-1, 5, 1], "size": [1, 3, 2], "uv": [0, 15]},
						{"origin": [-2, 6, -4], "size": [3, 1, 2], "uv": [9, 0]},
						{"origin": [-2, 5, -2], "size": [3, 3, 3], "uv": [0, 0]},
						{"origin": [-2, 3, -1], "size": [3, 2, 1], "uv": [14, 7]},
						{"origin": [-2, 6, 1], "size": [3, 1, 2], "uv": [10, 4]},
						{"origin": [3, 6, -1], "size": [2, 1, 1], "uv": [5, 11]},
						{"origin": [-6, 6, -1], "size": [2, 1, 1], "uv": [17, 0]},
						{"origin": [-4, 6, -2], "size": [2, 1, 3], "uv": [0, 6]},
						{"origin": [-4, 5, -1], "size": [2, 3, 1], "uv": [6, 16]},
						{"origin": [1, 6, -2], "size": [2, 1, 3], "uv": [7, 7]},
						{"origin": [1, 5, -1], "size": [2, 3, 1], "uv": [18, 2]},
						{"origin": [-1, 1, -1], "size": [1, 2, 1], "uv": [0, 20]},
						{"origin": [-1, 10, -1], "size": [1, 2, 1], "uv": [4, 20]},
						{"origin": [-1, 8, -2], "size": [1, 2, 3], "uv": [0, 10]},
						{"origin": [-1, 3, -2], "size": [1, 2, 3], "uv": [8, 11]},
						{"origin": [-2, 8, -1], "size": [3, 2, 1], "uv": [13, 11]}
					]
				}
			]
		}
	]
}