{
	"format_version": "1.12.0",
	"minecraft:geometry": [
		{
			"description": {
				"identifier": "geometry.unknown",
				"texture_width": 32,
				"texture_height": 32,
				"visible_bounds_width": 2,
				"visible_bounds_height": 1.5,
				"visible_bounds_offset": [0, 0.25, 0]
			},
			"bones": [
				{
					"name": "main",
					"pivot": [0, 1, 0],
					"cubes": [
						{"origin": [-3, 2, 1], "size": [6, 6, 3], "uv": [0, 0]},
						{"origin": [-3, 2, -2], "size": [6, 6, 3], "uv": [0, 9]},
						{"origin": [-2, 3, -4], "size": [4, 4, 2], "uv": [16, 16]}
					]
				}
			]
		}
	]
}