{
  "_fv": 57,
  "_type": "recipe",
  "definition": {
    "recipeType": "Crafting",
    "recipeRetstackSize": 1,
    "group": "",
    "cookingBookCategory": "MISC",
    "xpReward": 0.0,
    "cookingTime": 200,
    "craftingBookCategory": "MISC",
    "recipeShapeless": false,
    "recipeSlots": [
      {
        "value": "Blocks.CRYING_OBSIDIAN"
      },
      {
        "value": "CUSTOM:AuricScrap"
      },
      {
        "value": "Blocks.CRYING_OBSIDIAN"
      },
      {
        "value": "CUSTOM:AuricScrap"
      },
      {
        "value": "TAG:minecraft:creeper_drop_music_discs"
      },
      {
        "value": "CUSTOM:AuricScrap"
      },
      {
        "value": "Blocks.CRYING_OBSIDIAN"
      },
      {
        "value": "CUSTOM:AuricScrap"
      },
      {
        "value": "Blocks.CRYING_OBSIDIAN"
      }
    ],
    "recipeReturnStack": {
      "value": "CUSTOM:Aleph0"
    },
    "name": "aleph_recipe",
    "namespace": "mod"
  }
}