{
  "_fv": 57,
  "_type": "tool",
  "definition": {
    "toolType": "Sword",
    "renderType": 0,
    "blockingRenderType": 0,
    "texture": "atm_sword",
    "customModelName": "Normal",
    "blockingModelName": "Normal blocking",
    "name": "§dAllthemodium Alloy Sword§d",
    "specialInformation": {
      "fixedValue": [
        "text.atm.desc",
        "text.atm.desc1"
      ]
    },
    "creativeTab": {
      "value": "COMBAT"
    },
    "harvestLevel": 8,
    "efficiency": 20.0,
    "attackSpeed": 64.0,
    "enchantability": 44,
    "damageVsEntity": 45.0,
    "usageCount": 0,
    "blocksAffected": [],
    "glowCondition": {
      "fixedValue": false
    },
    "repairItems": [],
    "immuneToFire": true,
    "stayInGridWhenCrafting": false,
    "damageOnCrafting": false,
    "onRightClickedInAir": {
      "name": "ATMSwordForceDamage"
    },
    "onEntityHitWith": {
      "name": "ATMSwordExtraDamage"
    }
  }
}