{
  "_fv": 57,
  "_type": "armor",
  "definition": {
    "enableHelmet": true,
    "textureHelmet": "auric_tesla_helmet",
    "enableBody": true,
    "textureBody": "auric_tesla_chestplate",
    "enableLeggings": true,
    "textureLeggings": "auric_tesla_leggings",
    "enableBoots": true,
    "textureBoots": "auric_tesla_boots",
    "onHelmetTick": {
      "name": "AuricTeslaArmorHead"
    },
    "onBodyTick": {
      "name": "AuricTeslaArmorChest"
    },
    "onLeggingsTick": {
      "name": "AuricTeslaArmorLeg"
    },
    "onBootsTick": {
      "name": "AuricTeslaArmorBoot"
    },
    "creativeTab": {
      "value": "CUSTOM:EverlaTweaker"
    },
    "armorTextureFile": "auric_tesla_",
    "helmetName": "§dAuric Tesla Helmet§r",
    "bodyName": "§dAuric Tesla Chestplate§r",
    "leggingsName": "§dAuric Tesla Leggings§r",
    "bootsName": "§dSeraph Tracers§r",
    "helmetSpecialInformation": {
      "fixedValue": [
        "text.godslayer.desc",
        "auric.desc1",
        "auric.desc2",
        "auric.desc3",
        "auric.desc4",
        "auric.desc5"
      ]
    },
    "bodySpecialInformation": {
      "fixedValue": [
        "text.godslayer.desc",
        "auric.desc1",
        "auric.desc2",
        "auric.desc3",
        "auric.desc4",
        "auric.desc5"
      ]
    },
    "leggingsSpecialInformation": {
      "fixedValue": [
        "text.godslayer.desc",
        "auric.desc1",
        "auric.desc2",
        "auric.desc3",
        "auric.desc4",
        "auric.desc5"
      ]
    },
    "bootsSpecialInformation": {
      "fixedValue": [
        "text.godslayer.desc",
        "auric.desc2",
        "auric.desc3",
        "auric.desc4",
        "auric.desc5"
      ]
    },
    "helmetModelName": "Default",
    "helmetModelPart": "Helmet",
    "helmetModelTexture": "From armor",
    "bodyModelName": "Default",
    "bodyModelPart": "Body",
    "armsModelPartL": "Arms L",
    "armsModelPartR": "Arms R",
    "bodyModelTexture": "From armor",
    "leggingsModelName": "Default",
    "leggingsModelPartL": "Leggings L",
    "leggingsModelPartR": "Leggings R",
    "leggingsModelTexture": "From armor",
    "bootsModelName": "Default",
    "bootsModelPartL": "Boots L",
    "bootsModelPartR": "Boots R",
    "bootsModelTexture": "From armor",
    "helmetItemRenderType": 0,
    "helmetItemCustomModelName": "Normal",
    "bodyItemRenderType": 0,
    "bodyItemCustomModelName": "Normal",
    "leggingsItemRenderType": 0,
    "leggingsItemCustomModelName": "Normal",
    "bootsItemRenderType": 0,
    "bootsItemCustomModelName": "Normal",
    "helmetImmuneToFire": true,
    "bodyImmuneToFire": true,
    "leggingsImmuneToFire": true,
    "bootsImmuneToFire": true,
    "helmetPiglinNeutral": {
      "fixedValue": true
    },
    "bodyPiglinNeutral": {
      "fixedValue": true
    },
    "leggingsPiglinNeutral": {
      "fixedValue": true
    },
    "bootsPiglinNeutral": {
      "fixedValue": true
    },
    "maxDamage": 0,
    "damageValueHelmet": 8,
    "damageValueBody": 18,
    "damageValueLeggings": 14,
    "damageValueBoots": 8,
    "enchantability": 60,
    "toughness": 8.0,
    "knockbackResistance": 0.3,
    "equipSound": {
      "value": "item.armor.equip_netherite"
    },
    "repairItems": [
      {
        "value": "CUSTOM:AuricIngot"
      }
    ]
  }
}