{
  "_fv": 57,
  "_type": "tag",
  "definition": {
    "type": "Entities",
    "items": [],
    "blocks": [],
    "functions": [],
    "entities": [
      {
        "value": "CUSTOM:AvadaKedavra"
      },
      {
        "value": "CUSTOM:BulletHell"
      },
      {
        "value": "CUSTOM:ChasingPrismallaser"
      },
      {
        "value": "CUSTOM:PrismalProjectile"
      },
      {
        "value": "CUSTOM:PrismalFlare"
      },
      {
        "value": "CUSTOM:LightningStrikeSignal"
      },
      {
        "value": "CUSTOM:DeathStrikeSignal"
      },
      {
        "value": "CUSTOM:EverlaBlaster"
      }
    ],
    "biomes": [],
    "damageTypes": [],
    "name": "bullets",
    "namespace": "everlatweaker"
  }
}