{
  "_fv": 57,
  "_type": "tag",
  "definition": {
    "type": "Blocks",
    "items": [],
    "blocks": [
      {
        "value": "Blocks.BED"
      },
      {
        "value": "Blocks.ORANGE_BED"
      },
      {
        "value": "Blocks.MAGENTA_BED"
      },
      {
        "value": "Blocks.LIGHT_BLUE_BED"
      },
      {
        "value": "Blocks.YELLOW_BED"
      },
      {
        "value": "Blocks.LIME_BED"
      },
      {
        "value": "Blocks.PINK_BED"
      },
      {
        "value": "Blocks.GRAY_BED"
      },
      {
        "value": "Blocks.LIGHT_GRAY_BED"
      },
      {
        "value": "Blocks.CYAN_BED"
      },
      {
        "value": "Blocks.PURPLE_BED"
      },
      {
        "value": "Blocks.BLUE_BED"
      },
      {
        "value": "Blocks.BROWN_BED"
      },
      {
        "value": "Blocks.GREEN_BED"
      },
      {
        "value": "Blocks.RED_BED"
      },
      {
        "value": "Blocks.BLACK_BED"
      }
    ],
    "functions": [],
    "entities": [],
    "biomes": [],
    "damageTypes": [],
    "name": "can_destoryed_by_weird_cocktail",
    "namespace": "everlatweaker"
  }
}