{
  "_fv": 57,
  "_type": "achievement",
  "definition": {
    "achievementName": "Chalice Of Blood God",
    "achievementDescription": "Win the Greate Potato War",
    "achievementIcon": {
      "value": "CUSTOM:ChaliceOfBloodGod"
    },
    "background": "Default",
    "disableDisplay": false,
    "showPopup": true,
    "announceToChat": true,
    "hideIfNotCompleted": true,
    "rewardLoot": [],
    "rewardRecipes": [],
    "rewardFunction": "No function",
    "rewardXP": 1999,
    "achievementType": "challenge",
    "parent": {
      "value": "husbandry/plant_seed"
    },
    "triggerxml": "<xml xmlns=\"https://developers.google.com/blockly/xml\"><block type=\"item_in_inventory\" x=\"49\" y=\"18\"><value name=\"amount_l\"><block type=\"math_number\"><field name=\"NUM\">1</field></block></value><value name=\"amount_h\"><block type=\"math_number\"><field name=\"NUM\">1</field></block></value><value name=\"item\"><block type=\"mcitem_all\"><field name=\"value\">CUSTOM:ChaliceOfBloodGod</field></block></value><next><block type=\"advancement_trigger\" deletable=\"false\"></block></next></block></xml>"
  }
}