{
  "_fv": 57,
  "_type": "item",
  "definition": {
    "renderType": 0,
    "texture": "chalice_of_blood_god",
    "customModelName": "Normal",
    "customProperties": {},
    "states": [],
    "name": "Chalice Of Blood God",
    "rarity": "EPIC",
    "creativeTab": {
      "value": "CUSTOM:WeirdThing"
    },
    "stackSize": 1,
    "enchantability": 0,
    "useDuration": 32,
    "toolType": 1.0,
    "damageCount": 0,
    "recipeRemainder": {
      "value": ""
    },
    "destroyAnyBlock": false,
    "immuneToFire": true,
    "stayInGridWhenCrafting": true,
    "damageOnCrafting": false,
    "enableMeleeDamage": false,
    "damageVsEntity": 0.0,
    "specialInformation": {
      "fixedValue": [
        "text.chalice_of_blood_god.desc",
        "text.chalice_of_blood_god.desc1",
        "text.chalice_of_blood_god.desc2",
        "text.chalice_of_blood_god.desc3",
        "text.chalice_of_blood_god.desc4",
        "text.chalice_of_blood_god.desc5",
        "text.chalice_of_blood_god.desc6",
        "text.chalice_of_blood_god.desc7",
        "text.chalice_of_blood_god.desc8",
        "text.chalice_of_blood_god.desc9",
        "text.chalice_of_blood_god.desc10",
        "text.chalice_of_blood_god.desc11"
      ]
    },
    "glowCondition": {
      "fixedValue": true
    },
    "guiBoundTo": "<NONE>",
    "inventorySize": 9,
    "inventoryStackSize": 64,
    "enableRanged": false,
    "shootConstantly": false,
    "projectile": {
      "value": "CUSTOM:FirecrackerProjectile"
    },
    "isFood": true,
    "nutritionalValue": 20,
    "saturation": 1.6,
    "eatResultItem": {
      "value": "CUSTOM:ChaliceOfBloodGod"
    },
    "isMeat": false,
    "isAlwaysEdible": false,
    "animation": "drink"
  }
}