{
  "_fv": 57,
  "_type": "tag",
  "definition": {
    "type": "Items",
    "items": [
      {
        "value": "CUSTOM:CondencedPotato1"
      },
      {
        "value": "CUSTOM:CondencedPotato2"
      },
      {
        "value": "CUSTOM:CondencedPotato3"
      },
      {
        "value": "CUSTOM:CondencedPotato4"
      },
      {
        "value": "CUSTOM:CondencedPotato5"
      },
      {
        "value": "CUSTOM:CondencedPotato6"
      },
      {
        "value": "CUSTOM:CondencedPotato7"
      },
      {
        "value": "CUSTOM:CondencedPotato8"
      },
      {
        "value": "CUSTOM:CondencedPotato9"
      },
      {
        "value": "CUSTOM:ChaliceOfBloodGod"
      }
    ],
    "blocks": [],
    "functions": [],
    "entities": [],
    "biomes": [],
    "damageTypes": [],
    "name": "crops/potato",
    "namespace": "forge"
  }
}