{
  "_fv": 57,
  "_type": "function",
  "definition": {
    "code": "summon everlatweaker:lightning_strike_signal ~ ~ ~\nsummon everlatweaker:lightning_strike_signal ~1 ~ ~1\nsummon everlatweaker:lightning_strike_signal ~-1 ~ ~-1\nsummon everlatweaker:lightning_strike_signal ~1 ~ ~-1\nsummon everlatweaker:lightning_strike_signal ~-1 ~ ~1\nsummon everlatweaker:lightning_strike_signal ~2 ~ ~2\nsummon everlatweaker:lightning_strike_signal ~-2 ~ ~-2\nsummon everlatweaker:lightning_strike_signal ~2 ~ ~-2\nsummon everlatweaker:lightning_strike_signal ~-2 ~ ~2\nsummon everlatweaker:lightning_strike_signal ~3 ~ ~3\nsummon everlatweaker:lightning_strike_signal ~-3 ~ ~-3\nsummon everlatweaker:lightning_strike_signal ~3 ~ ~-3\nsummon everlatweaker:lightning_strike_signal ~-3 ~ ~3\nsummon everlatweaker:lightning_strike_signal ~4 ~ ~4\nsummon everlatweaker:lightning_strike_signal ~-4 ~ ~-4\nsummon everlatweaker:lightning_strike_signal ~4 ~ ~-4\nsummon everlatweaker:lightning_strike_signal ~-4 ~ ~4",
    "name": "cross_lightning_func_1",
    "namespace": "mod"
  }
}