{
  "_fv": 57,
  "_type": "tool",
  "definition": {
    "toolType": "Sword",
    "renderType": 0,
    "blockingRenderType": 0,
    "texture": "dark_spark",
    "customModelName": "Normal",
    "blockingModelName": "Normal blocking",
    "name": "Dark Spark",
    "specialInformation": {
      "fixedValue": [
        "text.darkspark.desc",
        "text.darkspark.desc1",
        "text.darkspark.desc2",
        "text.darkspark.desc3"
      ]
    },
    "creativeTab": {
      "value": "COMBAT"
    },
    "harvestLevel": 4,
    "efficiency": 16.0,
    "attackSpeed": 1.0,
    "enchantability": 35,
    "damageVsEntity": 8.0,
    "usageCount": 0,
    "blocksAffected": [],
    "repairItems": [],
    "immuneToFire": true,
    "stayInGridWhenCrafting": false,
    "damageOnCrafting": false,
    "onRightClickedInAir": {
      "name": "DarkSparkLaserTrigger"
    }
  }
}