{
  "_fv": 57,
  "_type": "block",
  "definition": {
    "texture": "deepslate_auric_ore",
    "textureTop": "deepslate_auric_ore",
    "textureLeft": "deepslate_auric_ore",
    "textureFront": "deepslate_auric_ore",
    "textureRight": "deepslate_auric_ore",
    "textureBack": "deepslate_auric_ore",
    "renderType": 10,
    "customModelName": "Normal",
    "rotationMode": 0,
    "enablePitch": false,
    "emissiveRendering": false,
    "displayFluidOverlay": false,
    "itemTexture": "",
    "particleTexture": "",
    "tintType": "No tint",
    "isItemTinted": false,
    "hasTransparency": false,
    "connectedSides": false,
    "transparencyType": "SOLID",
    "disableOffset": false,
    "boundingBoxes": [
      {
        "mx": 0.0,
        "my": 0.0,
        "mz": 0.0,
        "Mx": 16.0,
        "My": 16.0,
        "Mz": 16.0,
        "subtract": false
      }
    ],
    "name": "Deepslate Auric Ore",
    "specialInformation": {
      "fixedValue": [
        "auric.desc"
      ]
    },
    "hardness": 45.0,
    "resistance": 1200.0,
    "hasGravity": false,
    "isWaterloggable": false,
    "creativeTab": {
      "value": "CUSTOM:EverlaTweaker"
    },
    "destroyTool": "pickaxe",
    "customDrop": {
      "value": ""
    },
    "dropAmount": 1,
    "useLootTableForDrops": true,
    "requiresCorrectTool": true,
    "enchantPowerBonus": 0.0,
    "plantsGrowOn": false,
    "canRedstoneConnect": true,
    "lightOpacity": 15,
    "material": {
      "value": "ROCK"
    },
    "tickRate": 0,
    "tickRandomly": false,
    "isReplaceable": false,
    "canProvidePower": true,
    "emittedRedstonePower": {
      "fixedValue": 2.0
    },
    "colorOnMap": "GOLD",
    "creativePickItem": {
      "value": ""
    },
    "offsetType": "NONE",
    "aiPathNodeType": "DEFAULT",
    "flammability": 0,
    "fireSpreadSpeed": 0,
    "isLadder": false,
    "slipperiness": 0.6,
    "speedFactor": 1.4,
    "jumpFactor": 1.5,
    "reactionToPushing": "NORMAL",
    "isNotColidable": false,
    "isCustomSoundType": false,
    "soundOnStep": {
      "value": "ANCIENT_DEBRIS"
    },
    "breakSound": {
      "value": ""
    },
    "fallSound": {
      "value": ""
    },
    "hitSound": {
      "value": ""
    },
    "placeSound": {
      "value": ""
    },
    "stepSound": {
      "value": ""
    },
    "luminance": 2,
    "unbreakable": false,
    "breakHarvestLevel": 4,
    "isBonemealable": false,
    "hasInventory": false,
    "guiBoundTo": "<NONE>",
    "openGUIOnRightClick": false,
    "inventorySize": 9,
    "inventoryStackSize": 64,
    "inventoryDropWhenDestroyed": true,
    "inventoryComparatorPower": true,
    "inventoryOutSlotIDs": [],
    "inventoryInSlotIDs": [],
    "hasEnergyStorage": false,
    "energyInitial": 0,
    "energyCapacity": 400000,
    "energyMaxReceive": 200,
    "energyMaxExtract": 200,
    "isFluidTank": false,
    "fluidCapacity": 8000,
    "fluidRestrictions": [],
    "generateFeature": true,
    "restrictionBiomes": [
      {
        "value": "#is_overworld"
      }
    ],
    "blocksToReplace": [
      {
        "value": "Blocks.TUFF"
      },
      {
        "value": "Blocks.DEEPSLATE"
      },
      {
        "value": "Blocks.GRAVEL"
      },
      {
        "value": "Blocks.DIRT#1"
      },
      {
        "value": "Blocks.ROOTED_DIRT"
      },
      {
        "value": "Blocks.DIRT#0"
      }
    ],
    "generationShape": "UNIFORM",
    "frequencyPerChunks": 2,
    "frequencyOnChunk": 5,
    "minGenerateHeight": -64,
    "maxGenerateHeight": -30
  }
}