{
  "_fv": 57,
  "_type": "tool",
  "definition": {
    "toolType": "Sword",
    "renderType": 0,
    "blockingRenderType": 0,
    "texture": "entropic_crystal_sword",
    "customModelName": "Normal",
    "blockingModelName": "Normal blocking",
    "name": "§5Entropic Crystal Sword§r",
    "specialInformation": {
      "fixedValue": [
        "text.entropicsword.desc"
      ]
    },
    "creativeTab": {
      "value": "TOOLS"
    },
    "harvestLevel": 6,
    "efficiency": 8.0,
    "attackSpeed": 1.6,
    "enchantability": 44,
    "damageVsEntity": 14.0,
    "usageCount": 0,
    "blocksAffected": [],
    "glowCondition": {
      "fixedValue": false
    },
    "repairItems": [],
    "immuneToFire": true,
    "stayInGridWhenCrafting": false,
    "damageOnCrafting": false
  }
}