{
  "_fv": 57,
  "_type": "function",
  "definition": {
    "code": "scoreboard objectives add everlatheme44 dummy\nscoreboard players add @a everlatheme44 0\nscoreboard players set @a[scores={everlatheme44=1..},tag=!everlatheme44] everlatheme44 0\nexecute as @a at @s run execute if entity @e[type=everlatweaker:everla_boss_gfb_1,distance=..128] run tag @s add everlatheme44\nexecute as @a at @s if score @s everlatheme44 matches 1 run playsound everlatweaker:everlabosstheme44 music @s\nexecute as @a[tag=everlatheme44] run scoreboard players add @s everlatheme44 1\nexecute as @a if score @s everlatheme44 matches 2301.. run scoreboard players set @s everlatheme44 0\nexecute as @a at @s run execute unless entity @e[type=everlatweaker:everla_boss_gfb_1,distance=..128] run tag @s remove everlatheme44\nexecute as @a at @s run execute unless entity @e[type=everlatweaker:everla_boss_gfb_1,distance=..128] run stopsound @s music everlatweaker:everlabosstheme44\n\nexecute as @a at @s if score @s everlatheme44 matches 880 run title @s actionbar {\"text\":\"THE GODS OF THIS WORLD BECKON AFTER 世间诸神渴求其后\"}\nexecute as @a at @s if score @s everlatheme44 matches 980 run title @s actionbar {\"text\":\"You are bound to create 汝之创造乃宿命\"}\nexecute as @a at @s if score @s everlatheme44 matches 1040 run title @s actionbar {\"text\":\"IT BLOOMS,YOU WILL FIND THAT WE'RE CURSED 绽中视吾族身负咒\"}\nexecute as @a at @s if score @s everlatheme44 matches 1180 run title @s actionbar {\"text\":\"Speak in riddles and games 言于谜题和博猝\"}\nexecute as @a at @s if score @s everlatheme44 matches 1250 run title @s actionbar {\"text\":\"AS YOUR MIND TRANSCENDS MATTER 纵汝思哲无出其右\"}\nexecute as @a at @s if score @s everlatheme44 matches 1360 run title @s actionbar {\"text\":\"New beginnings you've made 崭新起始汝之立\"}\nexecute as @a at @s if score @s everlatheme44 matches 1420 run title @s actionbar {\"text\":\"NOT THE LAST AND YOU WERE NOT THE FIRST 汝非首席来者亦有\"}\nexecute as @a at @s if score @s everlatheme44 matches 1540 run title @s actionbar {\"text\":\"To the flowers they pray 直指彼方花中祈\"}\nexecute as @a at @s if score @s everlatheme44 matches 1640 run title @s actionbar {\"text\":\"NOW ALL YOU HAVE TO DO IS FINISH WHAT YOU STARTED 汝此行唯有终结因汝而启之事\"}",
    "name": "everla_gfb_theme_2_play",
    "namespace": "mod"
  }
}