{
  "_fv": 57,
  "_type": "procedure",
  "definition": {
    "procedurexml": "<?xml version=\"1.0\" encoding=\"UTF-8\" standalone=\"no\"?><xml xmlns=\"https://developers.google.com/blockly/xml\"><block deletable=\"false\" type=\"event_trigger\" x=\"40\" y=\"40\"><field name=\"trigger\">no_ext_trigger</field><next><block type=\"entity_execute_command\"><value name=\"entity\"><block type=\"entity_from_deps\"/></value><value name=\"command\"><block type=\"text\"><field name=\"TEXT\">summon everlatweaker:everla_boss_gfb_1</field></block></value><next><block type=\"entity_execute_command\"><value name=\"entity\"><block type=\"entity_from_deps\"/></value><value name=\"command\"><block type=\"text\"><field name=\"TEXT\">tellraw @a[distance=..60] {\"text\":\"&lt;EverlaPrismerAya&gt; 喵呜，人家变成猫娘了~\",\"color\":\"light_purple\"}</field></block></value><next><block type=\"entity_execute_command\"><value name=\"entity\"><block type=\"entity_from_deps\"/></value><value name=\"command\"><block type=\"text\"><field name=\"TEXT\">effect give @e[type=everlatweaker:everla_boss_gfb_1,distance=..60] resistance 10 255 true</field></block></value><next><block type=\"entity_despawn\"><value name=\"entity\"><block type=\"entity_from_deps\"/></value></block></next></block></next></block></next></block></next></block></xml>"
  }
}