{
  "_fv": 57,
  "_type": "procedure",
  "definition": {
    "procedurexml": "<?xml version=\"1.0\" encoding=\"UTF-8\" standalone=\"no\"?><xml xmlns=\"https://developers.google.com/blockly/xml\"><variables><variable id=\"found\" type=\"Boolean\">found</variable><variable id=\"sx\" type=\"Number\">sx</variable><variable id=\"sy\" type=\"Number\">sy</variable><variable id=\"sz\" type=\"Number\">sz</variable></variables><block deletable=\"false\" type=\"event_trigger\" x=\"-199\" y=\"115\"><field name=\"trigger\">no_ext_trigger</field><next><block type=\"entity_execute_command\"><value name=\"entity\"><block type=\"entity_from_deps\"/></value><value name=\"command\"><block type=\"text\"><field name=\"TEXT\">particle minecraft:end_rod ~ ~1 ~ 0 0 0 0.1 10 normal</field></block></value><next><block type=\"entity_execute_command\"><value name=\"entity\"><block type=\"entity_from_deps\"/></value><value name=\"command\"><block type=\"text\"><field name=\"TEXT\">execute at @p[gamemode=!spectator,distance=..70] run tp @e[type=everlatweaker:everla_boss_gfb_2] ~ ~4 ~</field></block></value><next><block type=\"entity_execute_command\"><value name=\"entity\"><block type=\"entity_from_deps\"/></value><value name=\"command\"><block type=\"text\"><field name=\"TEXT\">spreadplayers ~ ~ 15 15 false @s</field></block></value><next><block type=\"entity_execute_command\"><value name=\"entity\"><block type=\"entity_from_deps\"/></value><value name=\"command\"><block type=\"text\"><field name=\"TEXT\">tp ~ ~7 ~</field></block></value><next><block type=\"controls_if\"><value name=\"IF0\"><block type=\"math_binary_ops\"><field name=\"OP\">LT</field><value name=\"A\"><block type=\"entity_health\"><value name=\"entity\"><block type=\"entity_from_deps\"/></value></block></value><value name=\"B\"><block type=\"math_dual_ops\"><field name=\"OP\">DIVIDE</field><value name=\"A\"><block type=\"entity_health_max\"><value name=\"entity\"><block type=\"entity_from_deps\"/></value></block></value><value name=\"B\"><block type=\"math_number\"><field name=\"NUM\">2</field></block></value></block></value></block></value><statement name=\"DO0\"><block type=\"controls_if\"><value name=\"IF0\"><block type=\"logic_negate\"><value name=\"BOOL\"><block type=\"logic_binary_ops\"><field name=\"OP\">EQ</field><value name=\"A\"><block type=\"entity_nbt_logic_get\"><value name=\"entity\"><block type=\"entity_from_deps\"/></value><value name=\"tagName\"><block type=\"text\"><field name=\"TEXT\">SummonedWither</field></block></value></block></value><value name=\"B\"><block type=\"logic_boolean\"><field name=\"BOOL\">TRUE</field></block></value></block></value></block></value><statement name=\"DO0\"><block type=\"entity_execute_command\"><value name=\"entity\"><block type=\"entity_from_deps\"/></value><value name=\"command\"><block type=\"text\"><field name=\"TEXT\">summon wither ~ ~ ~ {Tags:[\"summoned_by_everla_gfb\"],CustomName:'{\"text\":\"你妈\"}'}</field></block></value><next><block type=\"entity_execute_command\"><value name=\"entity\"><block type=\"entity_from_deps\"/></value><value name=\"command\"><block type=\"text\"><field name=\"TEXT\">summon wither ~ ~ ~ {Tags:[\"summoned_by_everla_gfb\"],CustomName:'{\"text\":\"你妈\"}'}</field></block></value><next><block type=\"entity_execute_command\"><value name=\"entity\"><block type=\"entity_from_deps\"/></value><value name=\"command\"><block type=\"text\"><field name=\"TEXT\">summon wither ~ ~ ~ {Tags:[\"summoned_by_everla_gfb\"],CustomName:'{\"text\":\"你妈\"}'}</field></block></value><next><block type=\"entity_execute_command\"><value name=\"entity\"><block type=\"entity_from_deps\"/></value><value name=\"command\"><block type=\"text\"><field name=\"TEXT\">summon wither ~ ~ ~ {Tags:[\"summoned_by_everla_gfb\"],CustomName:'{\"text\":\"你妈\"}'}</field></block></value><next><block type=\"entity_execute_command\"><value name=\"entity\"><block type=\"entity_from_deps\"/></value><value name=\"command\"><block type=\"text\"><field name=\"TEXT\">summon wither ~ ~ ~ {Tags:[\"summoned_by_everla_gfb\"],CustomName:'{\"text\":\"你妈\"}'}</field></block></value><next><block type=\"entity_execute_command\"><value name=\"entity\"><block type=\"entity_from_deps\"/></value><value name=\"command\"><block type=\"text\"><field name=\"TEXT\">tellraw @a[distance=..60] {\"text\":\"&lt;EverlaPrismerAya&gt; 快看，你妈在天上飞！\",\"color\":\"red\"}</field></block></value><next><block type=\"entity_nbt_logic_set\"><value name=\"entity\"><block type=\"entity_from_deps\"/></value><value name=\"tagName\"><block type=\"text\"><field name=\"TEXT\">SummonedWither</field></block></value><value name=\"tagValue\"><block type=\"logic_boolean\"><field name=\"BOOL\">TRUE</field></block></value></block></next></block></next></block></next></block></next></block></next></block></next></block></statement></block></statement></block></next></block></next></block></next></block></next></block></next></block></xml>"
  }
}