{
  "_fv": 57,
  "_type": "function",
  "definition": {
    "code": "scoreboard players add @e[scores={gapplelang=0,xeloclang=0},type=everlatweaker:everla_boss_gfb_1] phase1crossbullet 1\nexecute as @e[scores={gapplelang=0,xeloclang=0},type=everlatweaker:everla_boss_gfb_1,nbt=!{ForgeData:{HalfHealth:1b}}] at @s if score @s phase1crossbullet matches 20 run tellraw @p[distance=..60] {\"color\":\"light_purple\",\"text\":\"<EverlaPrismerAya> 阿瓦达啃大瓜！！！\"} \nexecute as @e[scores={gapplelang=0,xeloclang=0},type=everlatweaker:everla_boss_gfb_1,nbt=!{ForgeData:{HalfHealth:1b}}] at @s if score @s phase1crossbullet matches 20 run execute as @p[distance=..60] at @s run playsound everlatweaker:avada_kedavra hostile @s\nexecute as @e[scores={gapplelang=0,xeloclang=0},type=everlatweaker:everla_boss_gfb_1,nbt=!{ForgeData:{HalfHealth:1b}}] at @s if score @s phase1crossbullet matches 20 run execute as @p[distance=..60] at @s run function everlatweaker:avada_kedavra_rain\nexecute as @e[scores={gapplelang=0,xeloclang=0},type=everlatweaker:everla_boss_gfb_1,nbt=!{ForgeData:{HalfHealth:1b}}] at @s if score @s phase1crossbullet matches 30 run execute as @p[distance=..60] at @s run function everlatweaker:avada_kedavra_rain\nexecute as @e[scores={gapplelang=0,xeloclang=0},type=everlatweaker:everla_boss_gfb_1,nbt=!{ForgeData:{HalfHealth:1b}}] at @s if score @s phase1crossbullet matches 40 run execute as @p[distance=..60] at @s run function everlatweaker:avada_kedavra_rain\nexecute as @e[scores={gapplelang=0,xeloclang=0},type=everlatweaker:everla_boss_gfb_1,nbt=!{ForgeData:{HalfHealth:1b}}] at @s if score @s phase1crossbullet matches 50 run execute as @p[distance=..60] at @s run function everlatweaker:e_zrain\nexecute as @e[scores={gapplelang=0,xeloclang=0},type=everlatweaker:everla_boss_gfb_1,nbt=!{ForgeData:{HalfHealth:1b}}] at @s if score @s phase1crossbullet matches 50 run execute as @p[distance=..60] at @s positioned ~ ~ ~18 run function everlatweaker:ns_rain\nexecute as @e[scores={gapplelang=0,xeloclang=0},type=everlatweaker:everla_boss_gfb_1,nbt=!{ForgeData:{HalfHealth:1b}}] at @s if score @s phase1crossbullet matches 50 run tellraw @p[distance=..60] {\"color\":\"light_purple\",\"text\":\"<EverlaPrismerAya> 哈利路大旋风！！！\"}\nexecute as @e[scores={gapplelang=0,xeloclang=0},type=everlatweaker:everla_boss_gfb_1,nbt=!{ForgeData:{HalfHealth:1b}}] at @s if score @s phase1crossbullet matches 50 run execute as @p[distance=..60] at @s run playsound everlatweaker:harryroad_cyclone hostile @s\nexecute as @e[scores={gapplelang=0,xeloclang=0},type=everlatweaker:everla_boss_gfb_1,nbt=!{ForgeData:{HalfHealth:1b}}] at @s if score @s phase1crossbullet matches 60 run execute as @p[distance=..60] at @s run function everlatweaker:e_zrain\nexecute as @e[scores={gapplelang=0,xeloclang=0},type=everlatweaker:everla_boss_gfb_1,nbt=!{ForgeData:{HalfHealth:1b}}] at @s if score @s phase1crossbullet matches 60 run execute as @p[distance=..60] at @s positioned ~18 ~ ~ run function everlatweaker:ew_rain\nexecute as @e[scores={gapplelang=0,xeloclang=0},type=everlatweaker:everla_boss_gfb_1,nbt=!{ForgeData:{HalfHealth:1b}}] at @s if score @s phase1crossbullet matches 60 run tellraw @p[distance=..60] {\"color\":\"light_purple\",\"text\":\"<EverlaPrismerAya> 哈利路大旋风！！！\"} \nexecute as @e[scores={gapplelang=0,xeloclang=0},type=everlatweaker:everla_boss_gfb_1,nbt=!{ForgeData:{HalfHealth:1b}}] at @s if score @s phase1crossbullet matches 60 run execute as @p[distance=..60] at @s run playsound everlatweaker:harryroad_cyclone hostile @s\nexecute as @e[scores={gapplelang=0,xeloclang=0},type=everlatweaker:everla_boss_gfb_1,nbt=!{ForgeData:{HalfHealth:1b}}] at @s if score @s phase1crossbullet matches 60 run execute as @p[distance=..60] at @s run function everlatweaker:e_zrain\nexecute as @e[scores={gapplelang=0,xeloclang=0},type=everlatweaker:everla_boss_gfb_1,nbt=!{ForgeData:{HalfHealth:1b}}] at @s if score @s phase1crossbullet matches 70 run execute as @p[distance=..60] at @s positioned ~ ~ ~18 run function everlatweaker:ns_rain\nexecute as @e[scores={gapplelang=0,xeloclang=0},type=everlatweaker:everla_boss_gfb_1,nbt=!{ForgeData:{HalfHealth:1b}}] at @s if score @s phase1crossbullet matches 70 run tellraw @p[distance=..60] {\"color\":\"light_purple\",\"text\":\"<EverlaPrismerAya> 哈利路大旋风！！！\"} \nexecute as @e[scores={gapplelang=0,xeloclang=0},type=everlatweaker:everla_boss_gfb_1,nbt=!{ForgeData:{HalfHealth:1b}}] at @s if score @s phase1crossbullet matches 70 run execute as @p[distance=..60] at @s run playsound everlatweaker:harryroad_cyclone hostile @s\nexecute as @e[scores={gapplelang=0,xeloclang=0},type=everlatweaker:everla_boss_gfb_1,nbt=!{ForgeData:{HalfHealth:1b}}] at @s if score @s phase1crossbullet matches 70 run execute as @p[distance=..60] at @s run function everlatweaker:e_zrain\nexecute as @e[scores={gapplelang=0,xeloclang=0},type=everlatweaker:everla_boss_gfb_1,nbt=!{ForgeData:{HalfHealth:1b}}] at @s if score @s phase1crossbullet matches 80 run execute as @p[distance=..60] at @s positioned ~18 ~ ~ run function everlatweaker:ew_rain\nexecute as @e[scores={gapplelang=0,xeloclang=0},type=everlatweaker:everla_boss_gfb_1,nbt=!{ForgeData:{HalfHealth:1b}}] at @s if score @s phase1crossbullet matches 80 run tellraw @p[distance=..60] {\"color\":\"light_purple\",\"text\":\"<EverlaPrismerAya> 哈利路大旋风！！！\"} \nexecute as @e[scores={gapplelang=0,xeloclang=0},type=everlatweaker:everla_boss_gfb_1,nbt=!{ForgeData:{HalfHealth:1b}}] at @s if score @s phase1crossbullet matches 80 run execute as @p[distance=..60] at @s run playsound everlatweaker:harryroad_cyclone hostile @s\nexecute as @e[scores={gapplelang=0,xeloclang=0},type=everlatweaker:everla_boss_gfb_1,nbt=!{ForgeData:{HalfHealth:1b}}] at @s if score @s phase1crossbullet matches 80 run execute as @p[distance=..60] at @s run function everlatweaker:e_zrain\nexecute as @e[scores={gapplelang=0,xeloclang=0},type=everlatweaker:everla_boss_gfb_1,nbt=!{ForgeData:{HalfHealth:1b}}] at @s if score @s phase1crossbullet matches 90 run execute as @p[distance=..60] at @s positioned ~ ~ ~18 run function everlatweaker:ns_rain\nexecute as @e[scores={gapplelang=0,xeloclang=0},type=everlatweaker:everla_boss_gfb_1,nbt=!{ForgeData:{HalfHealth:1b}}] at @s if score @s phase1crossbullet matches 90 run tellraw @p[distance=..60] {\"color\":\"light_purple\",\"text\":\"<EverlaPrismerAya> 哈利路大旋风！！！\"} \nexecute as @e[scores={gapplelang=0,xeloclang=0},type=everlatweaker:everla_boss_gfb_1,nbt=!{ForgeData:{HalfHealth:1b}}] at @s if score @s phase1crossbullet matches 90 run execute as @p[distance=..60] at @s run playsound everlatweaker:harryroad_cyclone hostile @s\nexecute as @e[scores={gapplelang=0,xeloclang=0},type=everlatweaker:everla_boss_gfb_1,nbt=!{ForgeData:{HalfHealth:1b}}] at @s if score @s phase1crossbullet matches 90 run execute as @p[distance=..60] at @s run function everlatweaker:e_zrain\nexecute as @e[scores={gapplelang=0,xeloclang=0},type=everlatweaker:everla_boss_gfb_1,nbt=!{ForgeData:{HalfHealth:1b}}] at @s if score @s phase1crossbullet matches 100 run execute as @p[distance=..60] at @s positioned ~18 ~ ~ run function everlatweaker:ew_rain\nexecute as @e[scores={gapplelang=0,xeloclang=0},type=everlatweaker:everla_boss_gfb_1,nbt=!{ForgeData:{HalfHealth:1b}}] at @s if score @s phase1crossbullet matches 100 run tellraw @p[distance=..60] {\"color\":\"light_purple\",\"text\":\"<EverlaPrismerAya> 哈利路大旋风！！！\"} \nexecute as @e[scores={gapplelang=0,xeloclang=0},type=everlatweaker:everla_boss_gfb_1,nbt=!{ForgeData:{HalfHealth:1b}}] at @s if score @s phase1crossbullet matches 100 run execute as @p[distance=..60] at @s run playsound everlatweaker:harryroad_cyclone hostile @s\nexecute as @e[scores={gapplelang=0,xeloclang=0},type=everlatweaker:everla_boss_gfb_1,nbt=!{ForgeData:{HalfHealth:1b}}] at @s if score @s phase1crossbullet matches 100 run execute as @p[distance=..60] at @s run function everlatweaker:e_zrain\nexecute as @e[scores={gapplelang=0,xeloclang=0},type=everlatweaker:everla_boss_gfb_1,nbt=!{ForgeData:{HalfHealth:1b}}] at @s if score @s phase1crossbullet matches 110 run execute as @p[distance=..60] at @s positioned ~18 ~ ~ run function everlatweaker:ew_rain\nexecute as @e[scores={gapplelang=0,xeloclang=0},type=everlatweaker:everla_boss_gfb_1,nbt=!{ForgeData:{HalfHealth:1b}}] at @s if score @s phase1crossbullet matches 110 run tellraw @p[distance=..60] {\"color\":\"light_purple\",\"text\":\"<EverlaPrismerAya> 哈利路大旋风！！！\"} \nexecute as @e[scores={gapplelang=0,xeloclang=0},type=everlatweaker:everla_boss_gfb_1,nbt=!{ForgeData:{HalfHealth:1b}}] at @s if score @s phase1crossbullet matches 110 run execute as @p[distance=..60] at @s run playsound everlatweaker:harryroad_cyclone hostile @s\nexecute as @e[scores={gapplelang=0,xeloclang=0},type=everlatweaker:everla_boss_gfb_1,nbt=!{ForgeData:{HalfHealth:1b}}] at @s if score @s phase1crossbullet matches 110 run execute as @p[distance=..60] at @s run function everlatweaker:e_zrain\nexecute as @e[scores={gapplelang=0,xeloclang=0},type=everlatweaker:everla_boss_gfb_1,nbt=!{ForgeData:{HalfHealth:1b}}] at @s if score @s phase1crossbullet matches 120 run execute as @p[distance=..60] at @s positioned ~18 ~ ~ run function everlatweaker:ew_rain\nexecute as @e[scores={gapplelang=0,xeloclang=0},type=everlatweaker:everla_boss_gfb_1,nbt=!{ForgeData:{HalfHealth:1b}}] at @s if score @s phase1crossbullet matches 120 run tellraw @p[distance=..60] {\"color\":\"light_purple\",\"text\":\"<EverlaPrismerAya> 哈利路大旋风！！！\"} \nexecute as @e[scores={gapplelang=0,xeloclang=0},type=everlatweaker:everla_boss_gfb_1,nbt=!{ForgeData:{HalfHealth:1b}}] at @s if score @s phase1crossbullet matches 120 run execute as @p[distance=..60] at @s run playsound everlatweaker:harryroad_cyclone hostile @s\nexecute as @e[scores={gapplelang=0,xeloclang=0},type=everlatweaker:everla_boss_gfb_1,nbt=!{ForgeData:{HalfHealth:1b}}] at @s if score @s phase1crossbullet matches 120 run execute as @p[distance=..60] at @s run function everlatweaker:e_zrain\nexecute as @e[scores={gapplelang=0,xeloclang=0},type=everlatweaker:everla_boss_gfb_1,nbt=!{ForgeData:{HalfHealth:1b}}] at @s if score @s phase1crossbullet matches 130 run execute as @p[distance=..60] at @s positioned ~18 ~ ~ run function everlatweaker:ew_rain\nexecute as @e[scores={gapplelang=0,xeloclang=0},type=everlatweaker:everla_boss_gfb_1,nbt=!{ForgeData:{HalfHealth:1b}}] at @s if score @s phase1crossbullet matches 130 run tellraw @p[distance=..60] {\"color\":\"light_purple\",\"text\":\"<EverlaPrismerAya> 看看这个玩意喵，很厉害喵~\"} \nexecute as @e[scores={gapplelang=0,xeloclang=0},type=everlatweaker:everla_boss_gfb_1,nbt=!{ForgeData:{HalfHealth:1b}}] at @s if score @s phase1crossbullet matches 140 run tellraw @p[distance=..60] {\"color\":\"light_purple\",\"text\":\"<EverlaPrismerAya> 此刻，寂灭之时！\"} \nexecute as @e[scores={gapplelang=0,xeloclang=0},type=everlatweaker:everla_boss_gfb_1,nbt=!{ForgeData:{HalfHealth:1b}}] at @s if score @s phase1crossbullet matches 141 run execute as @p[distance=..60] at @s run function everlatweaker:cross_lightning_func_1\nexecute as @e[scores={gapplelang=0,xeloclang=0},type=everlatweaker:everla_boss_gfb_1,nbt=!{ForgeData:{HalfHealth:1b}}] at @s if score @s phase1crossbullet matches 142 run execute as @p[distance=..60] at @s run function everlatweaker:cross_lightning_func_1\nexecute as @e[scores={gapplelang=0,xeloclang=0},type=everlatweaker:everla_boss_gfb_1,nbt=!{ForgeData:{HalfHealth:1b}}] at @s if score @s phase1crossbullet matches 143 run execute as @p[distance=..60] at @s run function everlatweaker:cross_lightning_func_1\nexecute as @e[scores={gapplelang=0,xeloclang=0},type=everlatweaker:everla_boss_gfb_1,nbt=!{ForgeData:{HalfHealth:1b}}] at @s if score @s phase1crossbullet matches 144 run execute as @p[distance=..60] at @s run function everlatweaker:cross_lightning_func_1\nexecute as @e[scores={gapplelang=0,xeloclang=0},type=everlatweaker:everla_boss_gfb_1,nbt=!{ForgeData:{HalfHealth:1b}}] at @s if score @s phase1crossbullet matches 145 run execute as @p[distance=..60] at @s run function everlatweaker:cross_lightning_func_1\nexecute as @e[scores={gapplelang=0,xeloclang=0},type=everlatweaker:everla_boss_gfb_1,nbt=!{ForgeData:{HalfHealth:1b}}] at @s if score @s phase1crossbullet matches 146 run execute as @p[distance=..60] at @s run function everlatweaker:cross_lightning_func_1\nexecute as @e[scores={gapplelang=0,xeloclang=0},type=everlatweaker:everla_boss_gfb_1,nbt=!{ForgeData:{HalfHealth:1b}}] at @s if score @s phase1crossbullet matches 147 run execute as @p[distance=..60] at @s run function everlatweaker:cross_lightning_func_1\nexecute as @e[scores={gapplelang=0,xeloclang=0},type=everlatweaker:everla_boss_gfb_1,nbt=!{ForgeData:{HalfHealth:1b}}] at @s if score @s phase1crossbullet matches 140 run summon everlatweaker:everla_blaster ~ ~-7 ~\nexecute as @e[scores={gapplelang=0,xeloclang=0},type=everlatweaker:everla_boss_gfb_1,nbt=!{ForgeData:{HalfHealth:1b}}] at @s if score @s phase1crossbullet matches 140 run summon everlatweaker:everla_blaster ~ ~-7 ~\nexecute as @e[scores={gapplelang=0,xeloclang=0},type=everlatweaker:everla_boss_gfb_1,nbt=!{ForgeData:{HalfHealth:1b}}] at @s if score @s phase1crossbullet matches 140 run summon everlatweaker:everla_blaster ~ ~-7 ~\nexecute as @e[scores={gapplelang=0,xeloclang=0},type=everlatweaker:everla_boss_gfb_1,nbt=!{ForgeData:{HalfHealth:1b}}] at @s if score @s phase1crossbullet matches 140 run summon everlatweaker:everla_blaster ~ ~-7 ~\nexecute as @e[scores={gapplelang=0,xeloclang=0},type=everlatweaker:everla_boss_gfb_1,nbt=!{ForgeData:{HalfHealth:1b}}] at @s if score @s phase1crossbullet matches 140 run summon everlatweaker:everla_blaster ~ ~-7 ~\nexecute as @e[scores={gapplelang=0,xeloclang=0},type=everlatweaker:everla_boss_gfb_1,nbt=!{ForgeData:{HalfHealth:1b}}] at @s if score @s phase1crossbullet matches 140 run summon everlatweaker:everla_blaster ~ ~-7 ~\nexecute as @e[scores={gapplelang=0,xeloclang=0},type=everlatweaker:everla_boss_gfb_1,nbt=!{ForgeData:{HalfHealth:1b}}] at @s if score @s phase1crossbullet matches 140 run summon everlatweaker:everla_blaster ~ ~-7 ~\nexecute as @e[scores={gapplelang=0,xeloclang=0},type=everlatweaker:everla_boss_gfb_1,nbt=!{ForgeData:{HalfHealth:1b}}] at @s if score @s phase1crossbullet matches 140 run execute as @e[type=everlatweaker:everla_blaster,distance=..60,tag=!lock] at @s run function everlatweaker:blast_lock_on_player\nexecute as @e[scores={gapplelang=0,xeloclang=0},type=everlatweaker:everla_boss_gfb_1,nbt=!{ForgeData:{HalfHealth:1b}}] at @s if score @s phase1crossbullet matches 150 run tellraw @p[distance=..60] {\"color\":\"light_purple\",\"text\":\"<EverlaPrismerAya> 阿瓦达啃大瓜！！！\"} \nexecute as @e[scores={gapplelang=0,xeloclang=0},type=everlatweaker:everla_boss_gfb_1,nbt=!{ForgeData:{HalfHealth:1b}}] at @s if score @s phase1crossbullet matches 155 run execute as @p[distance=..60] at @s run playsound everlatweaker:avada_kedavra hostile @s\nexecute as @e[scores={gapplelang=0,xeloclang=0},type=everlatweaker:everla_boss_gfb_1,nbt=!{ForgeData:{HalfHealth:1b}}] at @s if score @s phase1crossbullet matches 160 run execute as @p[distance=..60] at @s run function everlatweaker:avada_kedavra_rain\nexecute as @e[scores={gapplelang=0,xeloclang=0},type=everlatweaker:everla_boss_gfb_1,nbt=!{ForgeData:{HalfHealth:1b}}] at @s if score @s phase1crossbullet matches 165 run execute as @p[distance=..60] at @s run function everlatweaker:avada_kedavra_rain\nexecute as @e[scores={gapplelang=0,xeloclang=0},type=everlatweaker:everla_boss_gfb_1,nbt=!{ForgeData:{HalfHealth:1b}}] at @s if score @s phase1crossbullet matches 170 run execute as @p[distance=..60] at @s run function everlatweaker:avada_kedavra_rain\nexecute as @e[scores={gapplelang=0,xeloclang=0},type=everlatweaker:everla_boss_gfb_1,nbt=!{ForgeData:{HalfHealth:1b}}] at @s if score @s phase1crossbullet matches 180 run tellraw @p[distance=..60] {\"color\":\"light_purple\",\"text\":\"<EverlaPrismerAya> 稻光，亦是永恒！\"} \nexecute as @e[scores={gapplelang=0,xeloclang=0},type=everlatweaker:everla_boss_gfb_1,nbt=!{ForgeData:{HalfHealth:1b}}] at @s if score @s phase1crossbullet matches 180 run execute as @p[distance=..60] at @s run function everlatweaker:cross_lightning_func_1\nexecute as @e[scores={gapplelang=0,xeloclang=0},type=everlatweaker:everla_boss_gfb_1,nbt=!{ForgeData:{HalfHealth:1b}}] at @s if score @s phase1crossbullet matches 181 run execute as @p[distance=..60] at @s run function everlatweaker:cross_lightning_func_1\nexecute as @e[scores={gapplelang=0,xeloclang=0},type=everlatweaker:everla_boss_gfb_1,nbt=!{ForgeData:{HalfHealth:1b}}] at @s if score @s phase1crossbullet matches 182 run execute as @p[distance=..60] at @s run function everlatweaker:cross_lightning_func_1\nexecute as @e[scores={gapplelang=0,xeloclang=0},type=everlatweaker:everla_boss_gfb_1,nbt=!{ForgeData:{HalfHealth:1b}}] at @s if score @s phase1crossbullet matches 183 run execute as @p[distance=..60] at @s run function everlatweaker:cross_lightning_func_1\nexecute as @e[scores={gapplelang=0,xeloclang=0},type=everlatweaker:everla_boss_gfb_1,nbt=!{ForgeData:{HalfHealth:1b}}] at @s if score @s phase1crossbullet matches 184 run execute as @p[distance=..60] at @s run function everlatweaker:cross_lightning_func_1\nexecute as @e[scores={gapplelang=0,xeloclang=0},type=everlatweaker:everla_boss_gfb_1,nbt=!{ForgeData:{HalfHealth:1b}}] at @s if score @s phase1crossbullet matches 185 run execute as @p[distance=..60] at @s run function everlatweaker:cross_lightning_func_1\nexecute as @e[scores={gapplelang=0,xeloclang=0},type=everlatweaker:everla_boss_gfb_1,nbt=!{ForgeData:{HalfHealth:1b}}] at @s if score @s phase1crossbullet matches 180 run summon everlatweaker:everla_blaster ~ ~-7 ~\nexecute as @e[scores={gapplelang=0,xeloclang=0},type=everlatweaker:everla_boss_gfb_1,nbt=!{ForgeData:{HalfHealth:1b}}] at @s if score @s phase1crossbullet matches 180 run summon everlatweaker:everla_blaster ~ ~-7 ~\nexecute as @e[scores={gapplelang=0,xeloclang=0},type=everlatweaker:everla_boss_gfb_1,nbt=!{ForgeData:{HalfHealth:1b}}] at @s if score @s phase1crossbullet matches 180 run summon everlatweaker:everla_blaster ~ ~-7 ~\nexecute as @e[scores={gapplelang=0,xeloclang=0},type=everlatweaker:everla_boss_gfb_1,nbt=!{ForgeData:{HalfHealth:1b}}] at @s if score @s phase1crossbullet matches 180 run summon everlatweaker:everla_blaster ~ ~-7 ~\nexecute as @e[scores={gapplelang=0,xeloclang=0},type=everlatweaker:everla_boss_gfb_1,nbt=!{ForgeData:{HalfHealth:1b}}] at @s if score @s phase1crossbullet matches 180 run summon everlatweaker:everla_blaster ~ ~-7 ~\nexecute as @e[scores={gapplelang=0,xeloclang=0},type=everlatweaker:everla_boss_gfb_1,nbt=!{ForgeData:{HalfHealth:1b}}] at @s if score @s phase1crossbullet matches 180 run summon everlatweaker:everla_blaster ~ ~-7 ~\nexecute as @e[scores={gapplelang=0,xeloclang=0},type=everlatweaker:everla_boss_gfb_1,nbt=!{ForgeData:{HalfHealth:1b}}] at @s if score @s phase1crossbullet matches 180 run summon everlatweaker:everla_blaster ~ ~-7 ~\nexecute as @e[scores={gapplelang=0,xeloclang=0},type=everlatweaker:everla_boss_gfb_1,nbt=!{ForgeData:{HalfHealth:1b}}] at @s if score @s phase1crossbullet matches 180 run execute as @e[type=everlatweaker:everla_blaster,distance=..60,tag=!lock] at @s run function everlatweaker:blast_lock_on_player\nexecute as @e[scores={gapplelang=0,xeloclang=0},type=everlatweaker:everla_boss_gfb_1,nbt=!{ForgeData:{HalfHealth:1b}}] at @s if score @s phase1crossbullet matches 200 run execute as @p[distance=..60] at @s run function everlatweaker:instakill_lightning\nexecute as @e[scores={gapplelang=0,xeloclang=0},type=everlatweaker:everla_boss_gfb_1,nbt=!{ForgeData:{HalfHealth:1b}}] at @s if score @s phase1crossbullet matches 200 run tellraw @p[distance=..60] {\"color\":\"light_purple\",\"text\":\"<EverlaPrismerAya> 求求你了死一下吧喵~\"} \nexecute as @e[scores={gapplelang=0,xeloclang=0},type=everlatweaker:everla_boss_gfb_1,nbt=!{ForgeData:{HalfHealth:1b}}] at @s if score @s phase1crossbullet matches 205 run execute as @p[distance=..60] at @s run function everlatweaker:instakill_lightning\nexecute as @e[scores={gapplelang=0,xeloclang=0},type=everlatweaker:everla_boss_gfb_1,nbt=!{ForgeData:{HalfHealth:1b}}] at @s if score @s phase1crossbullet matches 205 run tellraw @p[distance=..60] {\"color\":\"light_purple\",\"text\":\"<EverlaPrismerAya> 死一下吧人家求你了~\"} \nexecute as @e[scores={gapplelang=0,xeloclang=0},type=everlatweaker:everla_boss_gfb_1,nbt=!{ForgeData:{HalfHealth:1b}}] at @s if score @s phase1crossbullet matches 210 run execute as @p[distance=..60] at @s run function everlatweaker:instakill_lightning\nexecute as @e[scores={gapplelang=0,xeloclang=0},type=everlatweaker:everla_boss_gfb_1,nbt=!{ForgeData:{HalfHealth:1b}}] at @s if score @s phase1crossbullet matches 210 run tellraw @p[distance=..60] {\"color\":\"light_purple\",\"text\":\"<EverlaPrismerAya> 求求你了求求你了~\"} \nexecute as @e[scores={gapplelang=0,xeloclang=0},type=everlatweaker:everla_boss_gfb_1,nbt=!{ForgeData:{HalfHealth:1b}}] at @s if score @s phase1crossbullet matches 215 run execute as @p[distance=..60] at @s run function everlatweaker:instakill_lightning\nexecute as @e[scores={gapplelang=0,xeloclang=0},type=everlatweaker:everla_boss_gfb_1,nbt=!{ForgeData:{HalfHealth:1b}}] at @s if score @s phase1crossbullet matches 215 run tellraw @p[distance=..60] {\"color\":\"light_purple\",\"text\":\"<EverlaPrismerAya> 帮帮七叶镜绫吧~\"} \nexecute as @e[scores={gapplelang=0,xeloclang=0},type=everlatweaker:everla_boss_gfb_1,nbt=!{ForgeData:{HalfHealth:1b}}] at @s if score @s phase1crossbullet matches 220 run execute as @a[distance=..60] at @s run summon everlatweaker:lightning_strike_signal\nexecute as @e[scores={gapplelang=0,xeloclang=0},type=everlatweaker:everla_boss_gfb_1,nbt=!{ForgeData:{HalfHealth:1b}}] at @s if score @s phase1crossbullet matches 221 run execute as @a[distance=..60] at @s run summon everlatweaker:lightning_strike_signal\nexecute as @e[scores={gapplelang=0,xeloclang=0},type=everlatweaker:everla_boss_gfb_1,nbt=!{ForgeData:{HalfHealth:1b}}] at @s if score @s phase1crossbullet matches 222 run execute as @a[distance=..60] at @s run summon everlatweaker:lightning_strike_signal\nexecute as @e[scores={gapplelang=0,xeloclang=0},type=everlatweaker:everla_boss_gfb_1,nbt=!{ForgeData:{HalfHealth:1b}}] at @s if score @s phase1crossbullet matches 223 run execute as @a[distance=..60] at @s run summon everlatweaker:lightning_strike_signal\nexecute as @e[scores={gapplelang=0,xeloclang=0},type=everlatweaker:everla_boss_gfb_1,nbt=!{ForgeData:{HalfHealth:1b}}] at @s if score @s phase1crossbullet matches 224 run execute as @a[distance=..60] at @s run summon everlatweaker:lightning_strike_signal\nexecute as @e[scores={gapplelang=0,xeloclang=0},type=everlatweaker:everla_boss_gfb_1,nbt=!{ForgeData:{HalfHealth:1b}}] at @s if score @s phase1crossbullet matches 225 run execute as @a[distance=..60] at @s run summon everlatweaker:lightning_strike_signal\nexecute as @e[scores={gapplelang=0,xeloclang=0},type=everlatweaker:everla_boss_gfb_1,nbt=!{ForgeData:{HalfHealth:1b}}] at @s if score @s phase1crossbullet matches 226 run execute as @a[distance=..60] at @s run summon everlatweaker:lightning_strike_signal\nexecute as @e[scores={gapplelang=0,xeloclang=0},type=everlatweaker:everla_boss_gfb_1,nbt=!{ForgeData:{HalfHealth:1b}}] at @s if score @s phase1crossbullet matches 227 run execute as @a[distance=..60] at @s run summon everlatweaker:lightning_strike_signal\nexecute as @e[scores={gapplelang=0,xeloclang=0},type=everlatweaker:everla_boss_gfb_1,nbt=!{ForgeData:{HalfHealth:1b}}] at @s if score @s phase1crossbullet matches 228 run execute as @a[distance=..60] at @s run summon everlatweaker:lightning_strike_signal\nexecute as @e[scores={gapplelang=0,xeloclang=0},type=everlatweaker:everla_boss_gfb_1,nbt=!{ForgeData:{HalfHealth:1b}}] at @s if score @s phase1crossbullet matches 229 run execute as @a[distance=..60] at @s run summon everlatweaker:lightning_strike_signal\nexecute as @e[scores={gapplelang=0,xeloclang=0},type=everlatweaker:everla_boss_gfb_1,nbt=!{ForgeData:{HalfHealth:1b}}] at @s if score @s phase1crossbullet matches 230.. run scoreboard players set @s phase1crossbullet 0\n\nexecute as @e[scores={gapplelang=0,xeloclang=0},type=everlatweaker:everla_boss_gfb_1,nbt={ForgeData:{HalfHealth:1b}}] at @s if score @s phase1crossbullet matches 10 run execute as @a[distance=..60] at @s run playsound everlatweaker:eagle_sound hostile @s\nexecute as @e[scores={gapplelang=0,xeloclang=0},type=everlatweaker:everla_boss_gfb_1,nbt={ForgeData:{HalfHealth:1b}}] at @s if score @s phase1crossbullet matches 10 run execute as @a[distance=..60] at @s run effect give @s everlatweaker:american_style_cut_overlay 5 0 true\nexecute as @e[scores={gapplelang=0,xeloclang=0},type=everlatweaker:everla_boss_gfb_1,nbt={ForgeData:{HalfHealth:1b}}] at @s if score @s phase1crossbullet matches 20 run execute as @a[distance=..60] at @s run function everlatweaker:gun_summon\nexecute as @e[scores={gapplelang=0,xeloclang=0},type=everlatweaker:everla_boss_gfb_1,nbt={ForgeData:{HalfHealth:1b}}] at @s if score @s phase1crossbullet matches 30 run execute as @a[distance=..60] at @s run function everlatweaker:gun_summon\nexecute as @e[scores={gapplelang=0,xeloclang=0},type=everlatweaker:everla_boss_gfb_1,nbt={ForgeData:{HalfHealth:1b}}] at @s if score @s phase1crossbullet matches 40 run execute as @a[distance=..60] at @s run function everlatweaker:gun_summon\nexecute as @e[scores={gapplelang=0,xeloclang=0},type=everlatweaker:everla_boss_gfb_1,nbt={ForgeData:{HalfHealth:1b}}] at @s if score @s phase1crossbullet matches 50 run execute as @a[distance=..60] at @s run function everlatweaker:gun_summon\nexecute as @e[scores={gapplelang=0,xeloclang=0},type=everlatweaker:everla_boss_gfb_1,nbt={ForgeData:{HalfHealth:1b}}] at @s if score @s phase1crossbullet matches 60 run execute as @a[distance=..60] at @s run function everlatweaker:gun_summon\nexecute as @e[scores={gapplelang=0,xeloclang=0},type=everlatweaker:everla_boss_gfb_1,nbt={ForgeData:{HalfHealth:1b}}] at @s if score @s phase1crossbullet matches 70 run execute as @a[distance=..60] at @s run function everlatweaker:gun_summon\nexecute as @e[scores={gapplelang=0,xeloclang=0},type=everlatweaker:everla_boss_gfb_1,nbt={ForgeData:{HalfHealth:1b}}] at @s if score @s phase1crossbullet matches 80 run execute as @a[distance=..60] at @s run function everlatweaker:gun_summon\nexecute as @e[scores={gapplelang=0,xeloclang=0},type=everlatweaker:everla_boss_gfb_1,nbt={ForgeData:{HalfHealth:1b}}] at @s if score @s phase1crossbullet matches 90 run execute as @a[distance=..60] at @s run function everlatweaker:gun_summon\n\nexecute as @e[scores={gapplelang=0,xeloclang=0},type=everlatweaker:everla_boss_gfb_1,nbt={ForgeData:{HalfHealth:1b}}] at @s if score @s phase1crossbullet matches 100 run execute as @p[distance=..60] at @s run function everlatweaker:e_zrain\nexecute as @e[scores={gapplelang=0,xeloclang=0},type=everlatweaker:everla_boss_gfb_1,nbt={ForgeData:{HalfHealth:1b}}] at @s if score @s phase1crossbullet matches 100 run execute as @p[distance=..60] at @s positioned ~ ~ ~18 run function everlatweaker:ns_rain\nexecute as @e[scores={gapplelang=0,xeloclang=0},type=everlatweaker:everla_boss_gfb_1,nbt={ForgeData:{HalfHealth:1b}}] at @s if score @s phase1crossbullet matches 100 run execute as @p[distance=..60] at @s positioned ~18 ~ ~ run function everlatweaker:ew_rain\nexecute as @e[scores={gapplelang=0,xeloclang=0},type=everlatweaker:everla_boss_gfb_1,nbt={ForgeData:{HalfHealth:1b}}] at @s if score @s phase1crossbullet matches 100 run tellraw @p[distance=..60] {\"color\":\"light_purple\",\"text\":\"<EverlaPrismerAya> 哈利路大旋风！！！\"}\nexecute as @e[scores={gapplelang=0,xeloclang=0},type=everlatweaker:everla_boss_gfb_1,nbt={ForgeData:{HalfHealth:1b}}] at @s if score @s phase1crossbullet matches 100 run execute as @p[distance=..60] at @s run playsound everlatweaker:harryroad_cyclone hostile @s\n\nexecute as @e[scores={gapplelang=0,xeloclang=0},type=everlatweaker:everla_boss_gfb_1,nbt={ForgeData:{HalfHealth:1b}}] at @s if score @s phase1crossbullet matches 110 run execute as @p[distance=..60] at @s run function everlatweaker:e_zrain\nexecute as @e[scores={gapplelang=0,xeloclang=0},type=everlatweaker:everla_boss_gfb_1,nbt={ForgeData:{HalfHealth:1b}}] at @s if score @s phase1crossbullet matches 110 run execute as @p[distance=..60] at @s positioned ~ ~ ~18 run function everlatweaker:ns_rain\nexecute as @e[scores={gapplelang=0,xeloclang=0},type=everlatweaker:everla_boss_gfb_1,nbt={ForgeData:{HalfHealth:1b}}] at @s if score @s phase1crossbullet matches 110 run execute as @p[distance=..60] at @s positioned ~18 ~ ~ run function everlatweaker:ew_rain\nexecute as @e[scores={gapplelang=0,xeloclang=0},type=everlatweaker:everla_boss_gfb_1,nbt={ForgeData:{HalfHealth:1b}}] at @s if score @s phase1crossbullet matches 110 run tellraw @p[distance=..60] {\"color\":\"light_purple\",\"text\":\"<EverlaPrismerAya> 哈利路大旋风！！！\"}\nexecute as @e[scores={gapplelang=0,xeloclang=0},type=everlatweaker:everla_boss_gfb_1,nbt={ForgeData:{HalfHealth:1b}}] at @s if score @s phase1crossbullet matches 110 run execute as @p[distance=..60] at @s run playsound everlatweaker:harryroad_cyclone hostile @s\n\nexecute as @e[scores={gapplelang=0,xeloclang=0},type=everlatweaker:everla_boss_gfb_1,nbt={ForgeData:{HalfHealth:1b}}] at @s if score @s phase1crossbullet matches 120 run execute as @p[distance=..60] at @s run function everlatweaker:e_zrain\nexecute as @e[scores={gapplelang=0,xeloclang=0},type=everlatweaker:everla_boss_gfb_1,nbt={ForgeData:{HalfHealth:1b}}] at @s if score @s phase1crossbullet matches 120 run execute as @p[distance=..60] at @s positioned ~ ~ ~18 run function everlatweaker:ns_rain\nexecute as @e[scores={gapplelang=0,xeloclang=0},type=everlatweaker:everla_boss_gfb_1,nbt={ForgeData:{HalfHealth:1b}}] at @s if score @s phase1crossbullet matches 120 run execute as @p[distance=..60] at @s positioned ~18 ~ ~ run function everlatweaker:ew_rain\nexecute as @e[scores={gapplelang=0,xeloclang=0},type=everlatweaker:everla_boss_gfb_1,nbt={ForgeData:{HalfHealth:1b}}] at @s if score @s phase1crossbullet matches 120 run tellraw @p[distance=..60] {\"color\":\"light_purple\",\"text\":\"<EverlaPrismerAya> 哈利路大旋风！！！\"}\nexecute as @e[scores={gapplelang=0,xeloclang=0},type=everlatweaker:everla_boss_gfb_1,nbt={ForgeData:{HalfHealth:1b}}] at @s if score @s phase1crossbullet matches 120 run execute as @p[distance=..60] at @s run playsound everlatweaker:harryroad_cyclone hostile @s\n\nexecute as @e[scores={gapplelang=0,xeloclang=0},type=everlatweaker:everla_boss_gfb_1,nbt={ForgeData:{HalfHealth:1b}}] at @s if score @s phase1crossbullet matches 130 run execute as @p[distance=..60] at @s run function everlatweaker:e_zrain\nexecute as @e[scores={gapplelang=0,xeloclang=0},type=everlatweaker:everla_boss_gfb_1,nbt={ForgeData:{HalfHealth:1b}}] at @s if score @s phase1crossbullet matches 130 run execute as @p[distance=..60] at @s positioned ~ ~ ~18 run function everlatweaker:ns_rain\nexecute as @e[scores={gapplelang=0,xeloclang=0},type=everlatweaker:everla_boss_gfb_1,nbt={ForgeData:{HalfHealth:1b}}] at @s if score @s phase1crossbullet matches 130 run execute as @p[distance=..60] at @s positioned ~18 ~ ~ run function everlatweaker:ew_rain\nexecute as @e[scores={gapplelang=0,xeloclang=0},type=everlatweaker:everla_boss_gfb_1,nbt={ForgeData:{HalfHealth:1b}}] at @s if score @s phase1crossbullet matches 130 run tellraw @p[distance=..60] {\"color\":\"light_purple\",\"text\":\"<EverlaPrismerAya> 哈利路大旋风！！！\"}\nexecute as @e[scores={gapplelang=0,xeloclang=0},type=everlatweaker:everla_boss_gfb_1,nbt={ForgeData:{HalfHealth:1b}}] at @s if score @s phase1crossbullet matches 130 run execute as @p[distance=..60] at @s run playsound everlatweaker:harryroad_cyclone hostile @s\n\nexecute as @e[scores={gapplelang=0,xeloclang=0},type=everlatweaker:everla_boss_gfb_1,nbt={ForgeData:{HalfHealth:1b}}] at @s if score @s phase1crossbullet matches 140 run execute as @p[distance=..60] at @s run function everlatweaker:e_zrain\nexecute as @e[scores={gapplelang=0,xeloclang=0},type=everlatweaker:everla_boss_gfb_1,nbt={ForgeData:{HalfHealth:1b}}] at @s if score @s phase1crossbullet matches 140 run execute as @p[distance=..60] at @s positioned ~ ~ ~18 run function everlatweaker:ns_rain\nexecute as @e[scores={gapplelang=0,xeloclang=0},type=everlatweaker:everla_boss_gfb_1,nbt={ForgeData:{HalfHealth:1b}}] at @s if score @s phase1crossbullet matches 140 run execute as @p[distance=..60] at @s positioned ~18 ~ ~ run function everlatweaker:ew_rain\nexecute as @e[scores={gapplelang=0,xeloclang=0},type=everlatweaker:everla_boss_gfb_1,nbt={ForgeData:{HalfHealth:1b}}] at @s if score @s phase1crossbullet matches 140 run tellraw @p[distance=..60] {\"color\":\"light_purple\",\"text\":\"<EverlaPrismerAya> 哈利路大旋风！！！\"}\nexecute as @e[scores={gapplelang=0,xeloclang=0},type=everlatweaker:everla_boss_gfb_1,nbt={ForgeData:{HalfHealth:1b}}] at @s if score @s phase1crossbullet matches 140 run execute as @p[distance=..60] at @s run playsound everlatweaker:harryroad_cyclone hostile @s\n\nexecute as @e[scores={gapplelang=0,xeloclang=0},type=everlatweaker:everla_boss_gfb_1,nbt={ForgeData:{HalfHealth:1b}}] at @s if score @s phase1crossbullet matches 160 run tellraw @p[distance=..60] {\"color\":\"light_purple\",\"text\":\"<EverlaPrismerAya> 看看这个玩意喵，很厉害喵~\"} \nexecute as @e[scores={gapplelang=0,xeloclang=0},type=everlatweaker:everla_boss_gfb_1,nbt={ForgeData:{HalfHealth:1b}}] at @s if score @s phase1crossbullet matches 160 run summon everlatweaker:everla_blaster ~ ~-7 ~\nexecute as @e[scores={gapplelang=0,xeloclang=0},type=everlatweaker:everla_boss_gfb_1,nbt={ForgeData:{HalfHealth:1b}}] at @s if score @s phase1crossbullet matches 160 run summon everlatweaker:everla_blaster ~ ~-7 ~\nexecute as @e[scores={gapplelang=0,xeloclang=0},type=everlatweaker:everla_boss_gfb_1,nbt={ForgeData:{HalfHealth:1b}}] at @s if score @s phase1crossbullet matches 160 run summon everlatweaker:everla_blaster ~ ~-7 ~\nexecute as @e[scores={gapplelang=0,xeloclang=0},type=everlatweaker:everla_boss_gfb_1,nbt={ForgeData:{HalfHealth:1b}}] at @s if score @s phase1crossbullet matches 160 run summon everlatweaker:everla_blaster ~ ~-7 ~\nexecute as @e[scores={gapplelang=0,xeloclang=0},type=everlatweaker:everla_boss_gfb_1,nbt={ForgeData:{HalfHealth:1b}}] at @s if score @s phase1crossbullet matches 160 run summon everlatweaker:everla_blaster ~ ~-7 ~\nexecute as @e[scores={gapplelang=0,xeloclang=0},type=everlatweaker:everla_boss_gfb_1,nbt={ForgeData:{HalfHealth:1b}}] at @s if score @s phase1crossbullet matches 160 run summon everlatweaker:everla_blaster ~ ~-7 ~\nexecute as @e[scores={gapplelang=0,xeloclang=0},type=everlatweaker:everla_boss_gfb_1,nbt={ForgeData:{HalfHealth:1b}}] at @s if score @s phase1crossbullet matches 160 run summon everlatweaker:everla_blaster ~ ~-7 ~\nexecute as @e[scores={gapplelang=0,xeloclang=0},type=everlatweaker:everla_boss_gfb_1,nbt={ForgeData:{HalfHealth:1b}}] at @s if score @s phase1crossbullet matches 160 run summon everlatweaker:everla_blaster ~ ~-7 ~\nexecute as @e[scores={gapplelang=0,xeloclang=0},type=everlatweaker:everla_boss_gfb_1,nbt={ForgeData:{HalfHealth:1b}}] at @s if score @s phase1crossbullet matches 160 run summon everlatweaker:everla_blaster ~ ~-7 ~\nexecute as @e[scores={gapplelang=0,xeloclang=0},type=everlatweaker:everla_boss_gfb_1,nbt={ForgeData:{HalfHealth:1b}}] at @s if score @s phase1crossbullet matches 160 run summon everlatweaker:everla_blaster ~ ~-7 ~\nexecute as @e[scores={gapplelang=0,xeloclang=0},type=everlatweaker:everla_boss_gfb_1,nbt={ForgeData:{HalfHealth:1b}}] at @s if score @s phase1crossbullet matches 160 run execute as @e[type=everlatweaker:everla_blaster,distance=..60,tag=!lock] at @s run function everlatweaker:blast_lock_on_player\n\nexecute as @e[scores={gapplelang=0,xeloclang=0},type=everlatweaker:everla_boss_gfb_1,nbt={ForgeData:{HalfHealth:1b}}] at @s if score @s phase1crossbullet matches 180 run execute as @p[distance=..60] at @s run function everlatweaker:instakill_lightning\nexecute as @e[scores={gapplelang=0,xeloclang=0},type=everlatweaker:everla_boss_gfb_1,nbt={ForgeData:{HalfHealth:1b}}] at @s if score @s phase1crossbullet matches 180 run tellraw @p[distance=..60] {\"color\":\"light_purple\",\"text\":\"<EverlaPrismerAya> 求求你了死一下吧喵~\"} \nexecute as @e[scores={gapplelang=0,xeloclang=0},type=everlatweaker:everla_boss_gfb_1,nbt={ForgeData:{HalfHealth:1b}}] at @s if score @s phase1crossbullet matches 190 run execute as @p[distance=..60] at @s run function everlatweaker:instakill_lightning\nexecute as @e[scores={gapplelang=0,xeloclang=0},type=everlatweaker:everla_boss_gfb_1,nbt={ForgeData:{HalfHealth:1b}}] at @s if score @s phase1crossbullet matches 190 run tellraw @p[distance=..60] {\"color\":\"light_purple\",\"text\":\"<EverlaPrismerAya> 死一下吧人家求你了~\"} \nexecute as @e[scores={gapplelang=0,xeloclang=0},type=everlatweaker:everla_boss_gfb_1,nbt={ForgeData:{HalfHealth:1b}}] at @s if score @s phase1crossbullet matches 200 run execute as @p[distance=..60] at @s run function everlatweaker:instakill_lightning\nexecute as @e[scores={gapplelang=0,xeloclang=0},type=everlatweaker:everla_boss_gfb_1,nbt={ForgeData:{HalfHealth:1b}}] at @s if score @s phase1crossbullet matches 200 run tellraw @p[distance=..60] {\"color\":\"light_purple\",\"text\":\"<EverlaPrismerAya> 求求你了求求你了~\"} \nexecute as @e[scores={gapplelang=0,xeloclang=0},type=everlatweaker:everla_boss_gfb_1,nbt={ForgeData:{HalfHealth:1b}}] at @s if score @s phase1crossbullet matches 210 run execute as @p[distance=..60] at @s run function everlatweaker:instakill_lightning\nexecute as @e[scores={gapplelang=0,xeloclang=0},type=everlatweaker:everla_boss_gfb_1,nbt={ForgeData:{HalfHealth:1b}}] at @s if score @s phase1crossbullet matches 210 run tellraw @p[distance=..60] {\"color\":\"light_purple\",\"text\":\"<EverlaPrismerAya> 帮帮七叶镜绫吧~\"} \n\nexecute as @e[scores={gapplelang=0,xeloclang=0},type=everlatweaker:everla_boss_gfb_1,nbt={ForgeData:{HalfHealth:1b}}] at @s if score @s phase1crossbullet matches 230 run tellraw @p[distance=..60] {\"color\":\"light_purple\",\"text\":\"<EverlaPrismerAya> 看看这个玩意喵，很厉害喵~\"} \nexecute as @e[scores={gapplelang=0,xeloclang=0},type=everlatweaker:everla_boss_gfb_1,nbt={ForgeData:{HalfHealth:1b}}] at @s if score @s phase1crossbullet matches 230 run summon everlatweaker:everla_blaster ~ ~-7 ~\nexecute as @e[scores={gapplelang=0,xeloclang=0},type=everlatweaker:everla_boss_gfb_1,nbt={ForgeData:{HalfHealth:1b}}] at @s if score @s phase1crossbullet matches 230 run summon everlatweaker:everla_blaster ~ ~-7 ~\nexecute as @e[scores={gapplelang=0,xeloclang=0},type=everlatweaker:everla_boss_gfb_1,nbt={ForgeData:{HalfHealth:1b}}] at @s if score @s phase1crossbullet matches 230 run summon everlatweaker:everla_blaster ~ ~-7 ~\nexecute as @e[scores={gapplelang=0,xeloclang=0},type=everlatweaker:everla_boss_gfb_1,nbt={ForgeData:{HalfHealth:1b}}] at @s if score @s phase1crossbullet matches 230 run summon everlatweaker:everla_blaster ~ ~-7 ~\nexecute as @e[scores={gapplelang=0,xeloclang=0},type=everlatweaker:everla_boss_gfb_1,nbt={ForgeData:{HalfHealth:1b}}] at @s if score @s phase1crossbullet matches 230 run summon everlatweaker:everla_blaster ~ ~-7 ~\nexecute as @e[scores={gapplelang=0,xeloclang=0},type=everlatweaker:everla_boss_gfb_1,nbt={ForgeData:{HalfHealth:1b}}] at @s if score @s phase1crossbullet matches 230 run summon everlatweaker:everla_blaster ~ ~-7 ~\nexecute as @e[scores={gapplelang=0,xeloclang=0},type=everlatweaker:everla_boss_gfb_1,nbt={ForgeData:{HalfHealth:1b}}] at @s if score @s phase1crossbullet matches 230 run summon everlatweaker:everla_blaster ~ ~-7 ~\nexecute as @e[scores={gapplelang=0,xeloclang=0},type=everlatweaker:everla_boss_gfb_1,nbt={ForgeData:{HalfHealth:1b}}] at @s if score @s phase1crossbullet matches 230 run summon everlatweaker:everla_blaster ~ ~-7 ~\nexecute as @e[scores={gapplelang=0,xeloclang=0},type=everlatweaker:everla_boss_gfb_1,nbt={ForgeData:{HalfHealth:1b}}] at @s if score @s phase1crossbullet matches 230 run summon everlatweaker:everla_blaster ~ ~-7 ~\nexecute as @e[scores={gapplelang=0,xeloclang=0},type=everlatweaker:everla_boss_gfb_1,nbt={ForgeData:{HalfHealth:1b}}] at @s if score @s phase1crossbullet matches 230 run summon everlatweaker:everla_blaster ~ ~-7 ~\nexecute as @e[scores={gapplelang=0,xeloclang=0},type=everlatweaker:everla_boss_gfb_1,nbt={ForgeData:{HalfHealth:1b}}] at @s if score @s phase1crossbullet matches 230 run execute as @e[type=everlatweaker:everla_blaster,distance=..60,tag=!lock] at @s run function everlatweaker:blast_lock_on_player\n\nexecute as @e[scores={gapplelang=0,xeloclang=0},type=everlatweaker:everla_boss_gfb_1,nbt={ForgeData:{HalfHealth:1b}}] at @s if score @s phase1crossbullet matches 240 run tellraw @p[distance=..60] {\"color\":\"light_purple\",\"text\":\"<EverlaPrismerAya> 稻光，亦是永恒！\"} \nexecute as @e[scores={gapplelang=0,xeloclang=0},type=everlatweaker:everla_boss_gfb_1,nbt={ForgeData:{HalfHealth:1b}}] at @s if score @s phase1crossbullet matches 240 run execute as @p[distance=..60] at @s run function everlatweaker:cross_lightning_func_1\nexecute as @e[scores={gapplelang=0,xeloclang=0},type=everlatweaker:everla_boss_gfb_1,nbt={ForgeData:{HalfHealth:1b}}] at @s if score @s phase1crossbullet matches 241 run execute as @p[distance=..60] at @s run function everlatweaker:cross_lightning_func_1\nexecute as @e[scores={gapplelang=0,xeloclang=0},type=everlatweaker:everla_boss_gfb_1,nbt={ForgeData:{HalfHealth:1b}}] at @s if score @s phase1crossbullet matches 242 run execute as @p[distance=..60] at @s run function everlatweaker:cross_lightning_func_1\nexecute as @e[scores={gapplelang=0,xeloclang=0},type=everlatweaker:everla_boss_gfb_1,nbt={ForgeData:{HalfHealth:1b}}] at @s if score @s phase1crossbullet matches 243 run execute as @p[distance=..60] at @s run function everlatweaker:cross_lightning_func_1\nexecute as @e[scores={gapplelang=0,xeloclang=0},type=everlatweaker:everla_boss_gfb_1,nbt={ForgeData:{HalfHealth:1b}}] at @s if score @s phase1crossbullet matches 244 run execute as @p[distance=..60] at @s run function everlatweaker:cross_lightning_func_1\nexecute as @e[scores={gapplelang=0,xeloclang=0},type=everlatweaker:everla_boss_gfb_1,nbt={ForgeData:{HalfHealth:1b}}] at @s if score @s phase1crossbullet matches 245 run execute as @p[distance=..60] at @s run function everlatweaker:cross_lightning_func_1\nexecute as @e[scores={gapplelang=0,xeloclang=0},type=everlatweaker:everla_boss_gfb_1,nbt={ForgeData:{HalfHealth:1b}}] at @s if score @s phase1crossbullet matches 246 run execute as @p[distance=..60] at @s run function everlatweaker:cross_lightning_func_1\nexecute as @e[scores={gapplelang=0,xeloclang=0},type=everlatweaker:everla_boss_gfb_1,nbt={ForgeData:{HalfHealth:1b}}] at @s if score @s phase1crossbullet matches 247 run execute as @p[distance=..60] at @s run function everlatweaker:cross_lightning_func_1\nexecute as @e[scores={gapplelang=0,xeloclang=0},type=everlatweaker:everla_boss_gfb_1,nbt={ForgeData:{HalfHealth:1b}}] at @s if score @s phase1crossbullet matches 248 run execute as @p[distance=..60] at @s run function everlatweaker:cross_lightning_func_1\nexecute as @e[scores={gapplelang=0,xeloclang=0},type=everlatweaker:everla_boss_gfb_1,nbt={ForgeData:{HalfHealth:1b}}] at @s if score @s phase1crossbullet matches 249 run execute as @p[distance=..60] at @s run function everlatweaker:cross_lightning_func_1\nexecute as @e[scores={gapplelang=0,xeloclang=0},type=everlatweaker:everla_boss_gfb_1,nbt={ForgeData:{HalfHealth:1b}}] at @s if score @s phase1crossbullet matches 250 run execute as @p[distance=..60] at @s run function everlatweaker:cross_lightning_func_1\n\nexecute as @e[scores={gapplelang=0,xeloclang=0},type=everlatweaker:everla_boss_gfb_1,nbt={ForgeData:{HalfHealth:1b}}] at @s if score @s phase1crossbullet matches 260 run execute as @a[distance=..60] at @s run playsound everlatweaker:eagle_sound hostile @s\nexecute as @e[scores={gapplelang=0,xeloclang=0},type=everlatweaker:everla_boss_gfb_1,nbt={ForgeData:{HalfHealth:1b}}] at @s if score @s phase1crossbullet matches 260 run execute as @a[distance=..60] at @s run effect give @s everlatweaker:american_style_cut_overlay 7 0 true\nexecute as @e[scores={gapplelang=0,xeloclang=0},type=everlatweaker:everla_boss_gfb_1,nbt={ForgeData:{HalfHealth:1b}}] at @s if score @s phase1crossbullet matches 270 run execute as @a[distance=..60] at @s run function everlatweaker:gun_summon\nexecute as @e[scores={gapplelang=0,xeloclang=0},type=everlatweaker:everla_boss_gfb_1,nbt={ForgeData:{HalfHealth:1b}}] at @s if score @s phase1crossbullet matches 280 run execute as @a[distance=..60] at @s run function everlatweaker:gun_summon\nexecute as @e[scores={gapplelang=0,xeloclang=0},type=everlatweaker:everla_boss_gfb_1,nbt={ForgeData:{HalfHealth:1b}}] at @s if score @s phase1crossbullet matches 290 run execute as @a[distance=..60] at @s run function everlatweaker:gun_summon\nexecute as @e[scores={gapplelang=0,xeloclang=0},type=everlatweaker:everla_boss_gfb_1,nbt={ForgeData:{HalfHealth:1b}}] at @s if score @s phase1crossbullet matches 300 run execute as @a[distance=..60] at @s run function everlatweaker:gun_summon\nexecute as @e[scores={gapplelang=0,xeloclang=0},type=everlatweaker:everla_boss_gfb_1,nbt={ForgeData:{HalfHealth:1b}}] at @s if score @s phase1crossbullet matches 310 run execute as @a[distance=..60] at @s run function everlatweaker:gun_summon\nexecute as @e[scores={gapplelang=0,xeloclang=0},type=everlatweaker:everla_boss_gfb_1,nbt={ForgeData:{HalfHealth:1b}}] at @s if score @s phase1crossbullet matches 320 run execute as @a[distance=..60] at @s run function everlatweaker:gun_summon\nexecute as @e[scores={gapplelang=0,xeloclang=0},type=everlatweaker:everla_boss_gfb_1,nbt={ForgeData:{HalfHealth:1b}}] at @s if score @s phase1crossbullet matches 330 run execute as @a[distance=..60] at @s run function everlatweaker:gun_summon\nexecute as @e[scores={gapplelang=0,xeloclang=0},type=everlatweaker:everla_boss_gfb_1,nbt={ForgeData:{HalfHealth:1b}}] at @s if score @s phase1crossbullet matches 340 run execute as @a[distance=..60] at @s run function everlatweaker:gun_summon\nexecute as @e[scores={gapplelang=0,xeloclang=0},type=everlatweaker:everla_boss_gfb_1,nbt={ForgeData:{HalfHealth:1b}}] at @s if score @s phase1crossbullet matches 350 run execute as @a[distance=..60] at @s run function everlatweaker:gun_summon\nexecute as @e[scores={gapplelang=0,xeloclang=0},type=everlatweaker:everla_boss_gfb_1,nbt={ForgeData:{HalfHealth:1b}}] at @s if score @s phase1crossbullet matches 360 run execute as @a[distance=..60] at @s run function everlatweaker:gun_summon\nexecute as @e[scores={gapplelang=0,xeloclang=0},type=everlatweaker:everla_boss_gfb_1,nbt={ForgeData:{HalfHealth:1b}}] at @s if score @s phase1crossbullet matches 370 run execute as @a[distance=..60] at @s run function everlatweaker:gun_summon\nexecute as @e[scores={gapplelang=0,xeloclang=0},type=everlatweaker:everla_boss_gfb_1,nbt={ForgeData:{HalfHealth:1b}}] at @s if score @s phase1crossbullet matches 380 run execute as @a[distance=..60] at @s run function everlatweaker:gun_summon\n\nexecute as @e[scores={gapplelang=0,xeloclang=0},type=everlatweaker:everla_boss_gfb_1,nbt={ForgeData:{HalfHealth:1b}}] at @s if score @s phase1crossbullet matches 390 run execute as @p[distance=..60] at @s run function everlatweaker:e_zrain\nexecute as @e[scores={gapplelang=0,xeloclang=0},type=everlatweaker:everla_boss_gfb_1,nbt={ForgeData:{HalfHealth:1b}}] at @s if score @s phase1crossbullet matches 390 run execute as @p[distance=..60] at @s positioned ~ ~ ~18 run function everlatweaker:ns_rain\nexecute as @e[scores={gapplelang=0,xeloclang=0},type=everlatweaker:everla_boss_gfb_1,nbt={ForgeData:{HalfHealth:1b}}] at @s if score @s phase1crossbullet matches 390 run execute as @p[distance=..60] at @s positioned ~18 ~ ~ run function everlatweaker:ew_rain\nexecute as @e[scores={gapplelang=0,xeloclang=0},type=everlatweaker:everla_boss_gfb_1,nbt={ForgeData:{HalfHealth:1b}}] at @s if score @s phase1crossbullet matches 390 run tellraw @p[distance=..60] {\"color\":\"light_purple\",\"text\":\"<EverlaPrismerAya> 哈利路大旋风！！！\"}\nexecute as @e[scores={gapplelang=0,xeloclang=0},type=everlatweaker:everla_boss_gfb_1,nbt={ForgeData:{HalfHealth:1b}}] at @s if score @s phase1crossbullet matches 390 run execute as @p[distance=..60] at @s run playsound everlatweaker:harryroad_cyclone hostile @s\n\nexecute as @e[scores={gapplelang=0,xeloclang=0},type=everlatweaker:everla_boss_gfb_1,nbt={ForgeData:{HalfHealth:1b}}] at @s if score @s phase1crossbullet matches 400 run execute as @p[distance=..60] at @s run function everlatweaker:e_zrain\nexecute as @e[scores={gapplelang=0,xeloclang=0},type=everlatweaker:everla_boss_gfb_1,nbt={ForgeData:{HalfHealth:1b}}] at @s if score @s phase1crossbullet matches 400 run execute as @p[distance=..60] at @s positioned ~ ~ ~18 run function everlatweaker:ns_rain\nexecute as @e[scores={gapplelang=0,xeloclang=0},type=everlatweaker:everla_boss_gfb_1,nbt={ForgeData:{HalfHealth:1b}}] at @s if score @s phase1crossbullet matches 400 run execute as @p[distance=..60] at @s positioned ~18 ~ ~ run function everlatweaker:ew_rain\nexecute as @e[scores={gapplelang=0,xeloclang=0},type=everlatweaker:everla_boss_gfb_1,nbt={ForgeData:{HalfHealth:1b}}] at @s if score @s phase1crossbullet matches 400 run tellraw @p[distance=..60] {\"color\":\"light_purple\",\"text\":\"<EverlaPrismerAya> 哈利路大旋风！！！\"}\nexecute as @e[scores={gapplelang=0,xeloclang=0},type=everlatweaker:everla_boss_gfb_1,nbt={ForgeData:{HalfHealth:1b}}] at @s if score @s phase1crossbullet matches 400 run execute as @p[distance=..60] at @s run playsound everlatweaker:harryroad_cyclone hostile @s\n\nexecute as @e[scores={gapplelang=0,xeloclang=0},type=everlatweaker:everla_boss_gfb_1,nbt={ForgeData:{HalfHealth:1b}}] at @s if score @s phase1crossbullet matches 410 run execute as @p[distance=..60] at @s run function everlatweaker:e_zrain\nexecute as @e[scores={gapplelang=0,xeloclang=0},type=everlatweaker:everla_boss_gfb_1,nbt={ForgeData:{HalfHealth:1b}}] at @s if score @s phase1crossbullet matches 410 run execute as @p[distance=..60] at @s positioned ~ ~ ~18 run function everlatweaker:ns_rain\nexecute as @e[scores={gapplelang=0,xeloclang=0},type=everlatweaker:everla_boss_gfb_1,nbt={ForgeData:{HalfHealth:1b}}] at @s if score @s phase1crossbullet matches 410 run execute as @p[distance=..60] at @s positioned ~18 ~ ~ run function everlatweaker:ew_rain\nexecute as @e[scores={gapplelang=0,xeloclang=0},type=everlatweaker:everla_boss_gfb_1,nbt={ForgeData:{HalfHealth:1b}}] at @s if score @s phase1crossbullet matches 410 run tellraw @p[distance=..60] {\"color\":\"light_purple\",\"text\":\"<EverlaPrismerAya> 哈利路大旋风！！！\"}\nexecute as @e[scores={gapplelang=0,xeloclang=0},type=everlatweaker:everla_boss_gfb_1,nbt={ForgeData:{HalfHealth:1b}}] at @s if score @s phase1crossbullet matches 410 run execute as @p[distance=..60] at @s run playsound everlatweaker:harryroad_cyclone hostile @s\n\nexecute as @e[scores={gapplelang=0,xeloclang=0},type=everlatweaker:everla_boss_gfb_1,nbt={ForgeData:{HalfHealth:1b}}] at @s if score @s phase1crossbullet matches 420 run execute as @p[distance=..60] at @s run function everlatweaker:e_zrain\nexecute as @e[scores={gapplelang=0,xeloclang=0},type=everlatweaker:everla_boss_gfb_1,nbt={ForgeData:{HalfHealth:1b}}] at @s if score @s phase1crossbullet matches 420 run execute as @p[distance=..60] at @s positioned ~ ~ ~18 run function everlatweaker:ns_rain\nexecute as @e[scores={gapplelang=0,xeloclang=0},type=everlatweaker:everla_boss_gfb_1,nbt={ForgeData:{HalfHealth:1b}}] at @s if score @s phase1crossbullet matches 420 run execute as @p[distance=..60] at @s positioned ~18 ~ ~ run function everlatweaker:ew_rain\nexecute as @e[scores={gapplelang=0,xeloclang=0},type=everlatweaker:everla_boss_gfb_1,nbt={ForgeData:{HalfHealth:1b}}] at @s if score @s phase1crossbullet matches 420 run tellraw @p[distance=..60] {\"color\":\"light_purple\",\"text\":\"<EverlaPrismerAya> 哈利路大旋风！！！\"}\nexecute as @e[scores={gapplelang=0,xeloclang=0},type=everlatweaker:everla_boss_gfb_1,nbt={ForgeData:{HalfHealth:1b}}] at @s if score @s phase1crossbullet matches 420 run execute as @p[distance=..60] at @s run playsound everlatweaker:harryroad_cyclone hostile @s\n\nexecute as @e[scores={gapplelang=0,xeloclang=0},type=everlatweaker:everla_boss_gfb_1,nbt={ForgeData:{HalfHealth:1b}}] at @s if score @s phase1crossbullet matches 430 run execute as @p[distance=..60] at @s run function everlatweaker:e_zrain\nexecute as @e[scores={gapplelang=0,xeloclang=0},type=everlatweaker:everla_boss_gfb_1,nbt={ForgeData:{HalfHealth:1b}}] at @s if score @s phase1crossbullet matches 430 run execute as @p[distance=..60] at @s positioned ~ ~ ~18 run function everlatweaker:ns_rain\nexecute as @e[scores={gapplelang=0,xeloclang=0},type=everlatweaker:everla_boss_gfb_1,nbt={ForgeData:{HalfHealth:1b}}] at @s if score @s phase1crossbullet matches 430 run execute as @p[distance=..60] at @s positioned ~18 ~ ~ run function everlatweaker:ew_rain\nexecute as @e[scores={gapplelang=0,xeloclang=0},type=everlatweaker:everla_boss_gfb_1,nbt={ForgeData:{HalfHealth:1b}}] at @s if score @s phase1crossbullet matches 430 run tellraw @p[distance=..60] {\"color\":\"light_purple\",\"text\":\"<EverlaPrismerAya> 哈利路大旋风！！！\"}\nexecute as @e[scores={gapplelang=0,xeloclang=0},type=everlatweaker:everla_boss_gfb_1,nbt={ForgeData:{HalfHealth:1b}}] at @s if score @s phase1crossbullet matches 430 run execute as @p[distance=..60] at @s run playsound everlatweaker:harryroad_cyclone hostile @s\n\nexecute as @e[scores={gapplelang=0,xeloclang=0},type=everlatweaker:everla_boss_gfb_1,nbt={ForgeData:{HalfHealth:1b}}] at @s if score @s phase1crossbullet matches 440 run execute as @p[distance=..60] at @s run function everlatweaker:e_zrain\nexecute as @e[scores={gapplelang=0,xeloclang=0},type=everlatweaker:everla_boss_gfb_1,nbt={ForgeData:{HalfHealth:1b}}] at @s if score @s phase1crossbullet matches 440 run execute as @p[distance=..60] at @s positioned ~ ~ ~18 run function everlatweaker:ns_rain\nexecute as @e[scores={gapplelang=0,xeloclang=0},type=everlatweaker:everla_boss_gfb_1,nbt={ForgeData:{HalfHealth:1b}}] at @s if score @s phase1crossbullet matches 440 run execute as @p[distance=..60] at @s positioned ~18 ~ ~ run function everlatweaker:ew_rain\nexecute as @e[scores={gapplelang=0,xeloclang=0},type=everlatweaker:everla_boss_gfb_1,nbt={ForgeData:{HalfHealth:1b}}] at @s if score @s phase1crossbullet matches 440 run tellraw @p[distance=..60] {\"color\":\"light_purple\",\"text\":\"<EverlaPrismerAya> 哈利路大旋风！！！\"}\nexecute as @e[scores={gapplelang=0,xeloclang=0},type=everlatweaker:everla_boss_gfb_1,nbt={ForgeData:{HalfHealth:1b}}] at @s if score @s phase1crossbullet matches 440 run execute as @p[distance=..60] at @s run playsound everlatweaker:harryroad_cyclone hostile @s\n\nexecute as @e[scores={gapplelang=0,xeloclang=0},type=everlatweaker:everla_boss_gfb_1,nbt={ForgeData:{HalfHealth:1b}}] at @s if score @s phase1crossbullet matches 450 run execute as @p[distance=..60] at @s run function everlatweaker:e_zrain\nexecute as @e[scores={gapplelang=0,xeloclang=0},type=everlatweaker:everla_boss_gfb_1,nbt={ForgeData:{HalfHealth:1b}}] at @s if score @s phase1crossbullet matches 450 run execute as @p[distance=..60] at @s positioned ~ ~ ~18 run function everlatweaker:ns_rain\nexecute as @e[scores={gapplelang=0,xeloclang=0},type=everlatweaker:everla_boss_gfb_1,nbt={ForgeData:{HalfHealth:1b}}] at @s if score @s phase1crossbullet matches 450 run execute as @p[distance=..60] at @s positioned ~18 ~ ~ run function everlatweaker:ew_rain\nexecute as @e[scores={gapplelang=0,xeloclang=0},type=everlatweaker:everla_boss_gfb_1,nbt={ForgeData:{HalfHealth:1b}}] at @s if score @s phase1crossbullet matches 450 run tellraw @p[distance=..60] {\"color\":\"light_purple\",\"text\":\"<EverlaPrismerAya> 哈利路大旋风！！！\"}\nexecute as @e[scores={gapplelang=0,xeloclang=0},type=everlatweaker:everla_boss_gfb_1,nbt={ForgeData:{HalfHealth:1b}}] at @s if score @s phase1crossbullet matches 450 run execute as @p[distance=..60] at @s run playsound everlatweaker:harryroad_cyclone hostile @s\n\nexecute as @e[scores={gapplelang=0,xeloclang=0},type=everlatweaker:everla_boss_gfb_1,nbt={ForgeData:{HalfHealth:1b}}] at @s if score @s phase1crossbullet matches 460 run execute as @p[distance=..60] at @s run function everlatweaker:e_zrain\nexecute as @e[scores={gapplelang=0,xeloclang=0},type=everlatweaker:everla_boss_gfb_1,nbt={ForgeData:{HalfHealth:1b}}] at @s if score @s phase1crossbullet matches 460 run execute as @p[distance=..60] at @s positioned ~ ~ ~18 run function everlatweaker:ns_rain\nexecute as @e[scores={gapplelang=0,xeloclang=0},type=everlatweaker:everla_boss_gfb_1,nbt={ForgeData:{HalfHealth:1b}}] at @s if score @s phase1crossbullet matches 460 run execute as @p[distance=..60] at @s positioned ~18 ~ ~ run function everlatweaker:ew_rain\nexecute as @e[scores={gapplelang=0,xeloclang=0},type=everlatweaker:everla_boss_gfb_1,nbt={ForgeData:{HalfHealth:1b}}] at @s if score @s phase1crossbullet matches 460 run tellraw @p[distance=..60] {\"color\":\"light_purple\",\"text\":\"<EverlaPrismerAya> 哈利路大旋风！！！\"}\nexecute as @e[scores={gapplelang=0,xeloclang=0},type=everlatweaker:everla_boss_gfb_1,nbt={ForgeData:{HalfHealth:1b}}] at @s if score @s phase1crossbullet matches 460 run execute as @p[distance=..60] at @s run playsound everlatweaker:harryroad_cyclone hostile @s\n\nexecute as @e[scores={gapplelang=0,xeloclang=0},type=everlatweaker:everla_boss_gfb_1,nbt={ForgeData:{HalfHealth:1b}}] at @s if score @s phase1crossbullet matches 480 run tellraw @p[distance=..60] {\"color\":\"light_purple\",\"text\":\"<EverlaPrismerAya> 稻光，亦是永恒！\"} \nexecute as @e[scores={gapplelang=0,xeloclang=0},type=everlatweaker:everla_boss_gfb_1,nbt={ForgeData:{HalfHealth:1b}}] at @s if score @s phase1crossbullet matches 480 run execute as @p[distance=..60] at @s run function everlatweaker:cross_lightning_func_1\nexecute as @e[scores={gapplelang=0,xeloclang=0},type=everlatweaker:everla_boss_gfb_1,nbt={ForgeData:{HalfHealth:1b}}] at @s if score @s phase1crossbullet matches 481 run execute as @p[distance=..60] at @s run function everlatweaker:cross_lightning_func_1\nexecute as @e[scores={gapplelang=0,xeloclang=0},type=everlatweaker:everla_boss_gfb_1,nbt={ForgeData:{HalfHealth:1b}}] at @s if score @s phase1crossbullet matches 482 run execute as @p[distance=..60] at @s run function everlatweaker:cross_lightning_func_1\nexecute as @e[scores={gapplelang=0,xeloclang=0},type=everlatweaker:everla_boss_gfb_1,nbt={ForgeData:{HalfHealth:1b}}] at @s if score @s phase1crossbullet matches 483 run execute as @p[distance=..60] at @s run function everlatweaker:cross_lightning_func_1\nexecute as @e[scores={gapplelang=0,xeloclang=0},type=everlatweaker:everla_boss_gfb_1,nbt={ForgeData:{HalfHealth:1b}}] at @s if score @s phase1crossbullet matches 484 run execute as @p[distance=..60] at @s run function everlatweaker:cross_lightning_func_1\nexecute as @e[scores={gapplelang=0,xeloclang=0},type=everlatweaker:everla_boss_gfb_1,nbt={ForgeData:{HalfHealth:1b}}] at @s if score @s phase1crossbullet matches 485 run execute as @p[distance=..60] at @s run function everlatweaker:cross_lightning_func_1\nexecute as @e[scores={gapplelang=0,xeloclang=0},type=everlatweaker:everla_boss_gfb_1,nbt={ForgeData:{HalfHealth:1b}}] at @s if score @s phase1crossbullet matches 486 run execute as @p[distance=..60] at @s run function everlatweaker:cross_lightning_func_1\nexecute as @e[scores={gapplelang=0,xeloclang=0},type=everlatweaker:everla_boss_gfb_1,nbt={ForgeData:{HalfHealth:1b}}] at @s if score @s phase1crossbullet matches 487 run execute as @p[distance=..60] at @s run function everlatweaker:cross_lightning_func_1\nexecute as @e[scores={gapplelang=0,xeloclang=0},type=everlatweaker:everla_boss_gfb_1,nbt={ForgeData:{HalfHealth:1b}}] at @s if score @s phase1crossbullet matches 488 run execute as @p[distance=..60] at @s run function everlatweaker:cross_lightning_func_1\nexecute as @e[scores={gapplelang=0,xeloclang=0},type=everlatweaker:everla_boss_gfb_1,nbt={ForgeData:{HalfHealth:1b}}] at @s if score @s phase1crossbullet matches 489 run execute as @p[distance=..60] at @s run function everlatweaker:cross_lightning_func_1\nexecute as @e[scores={gapplelang=0,xeloclang=0},type=everlatweaker:everla_boss_gfb_1,nbt={ForgeData:{HalfHealth:1b}}] at @s if score @s phase1crossbullet matches 490 run execute as @p[distance=..60] at @s run function everlatweaker:cross_lightning_func_1\n\nexecute as @e[scores={gapplelang=0,xeloclang=0},type=everlatweaker:everla_boss_gfb_1,nbt={ForgeData:{HalfHealth:1b}}] at @s if score @s phase1crossbullet matches 510 run execute as @p[distance=..60] at @s run function everlatweaker:instakill_lightning\nexecute as @e[scores={gapplelang=0,xeloclang=0},type=everlatweaker:everla_boss_gfb_1,nbt={ForgeData:{HalfHealth:1b}}] at @s if score @s phase1crossbullet matches 510 run tellraw @p[distance=..60] {\"color\":\"light_purple\",\"text\":\"<EverlaPrismerAya> 求求你了死一下吧喵~\"} \nexecute as @e[scores={gapplelang=0,xeloclang=0},type=everlatweaker:everla_boss_gfb_1,nbt={ForgeData:{HalfHealth:1b}}] at @s if score @s phase1crossbullet matches 520 run execute as @p[distance=..60] at @s run function everlatweaker:instakill_lightning\nexecute as @e[scores={gapplelang=0,xeloclang=0},type=everlatweaker:everla_boss_gfb_1,nbt={ForgeData:{HalfHealth:1b}}] at @s if score @s phase1crossbullet matches 520 run tellraw @p[distance=..60] {\"color\":\"light_purple\",\"text\":\"<EverlaPrismerAya> 死一下吧人家求你了~\"} \nexecute as @e[scores={gapplelang=0,xeloclang=0},type=everlatweaker:everla_boss_gfb_1,nbt={ForgeData:{HalfHealth:1b}}] at @s if score @s phase1crossbullet matches 530 run execute as @p[distance=..60] at @s run function everlatweaker:instakill_lightning\nexecute as @e[scores={gapplelang=0,xeloclang=0},type=everlatweaker:everla_boss_gfb_1,nbt={ForgeData:{HalfHealth:1b}}] at @s if score @s phase1crossbullet matches 530 run tellraw @p[distance=..60] {\"color\":\"light_purple\",\"text\":\"<EverlaPrismerAya> 求求你了求求你了~\"} \nexecute as @e[scores={gapplelang=0,xeloclang=0},type=everlatweaker:everla_boss_gfb_1,nbt={ForgeData:{HalfHealth:1b}}] at @s if score @s phase1crossbullet matches 540 run execute as @p[distance=..60] at @s run function everlatweaker:instakill_lightning\nexecute as @e[scores={gapplelang=0,xeloclang=0},type=everlatweaker:everla_boss_gfb_1,nbt={ForgeData:{HalfHealth:1b}}] at @s if score @s phase1crossbullet matches 540 run tellraw @p[distance=..60] {\"color\":\"light_purple\",\"text\":\"<EverlaPrismerAya> 帮帮七叶镜绫吧~\"} \n\nexecute as @e[scores={gapplelang=0,xeloclang=0},type=everlatweaker:everla_boss_gfb_1,nbt={ForgeData:{HalfHealth:1b}}] at @s if score @s phase1crossbullet matches 550 run tellraw @p[distance=..60] {\"color\":\"light_purple\",\"text\":\"<EverlaPrismerAya> 『天堂制造』！\"} \nexecute as @e[scores={gapplelang=0,xeloclang=0},type=everlatweaker:everla_boss_gfb_1,nbt={ForgeData:{HalfHealth:1b}}] at @s if score @s phase1crossbullet matches 550..660 run time add 1s\nexecute as @e[scores={gapplelang=0,xeloclang=0},type=everlatweaker:everla_boss_gfb_1,nbt={ForgeData:{HalfHealth:1b}}] at @s if score @s phase1crossbullet matches 550..600 run particle minecraft:soul_fire_flame ~ ~ ~ 0 0 0 0.1 12\nexecute as @e[scores={gapplelang=0,xeloclang=0},type=everlatweaker:everla_boss_gfb_1,nbt={ForgeData:{HalfHealth:1b}}] at @s if score @s phase1crossbullet matches 550..600 run damage @r[distance=..2] 300 thorns by @s\nexecute as @e[scores={gapplelang=0,xeloclang=0},type=everlatweaker:everla_boss_gfb_1,nbt={ForgeData:{HalfHealth:1b}}] at @p if score @s phase1crossbullet matches 550..600 run spreadplayers ~ ~ 15 15 false @s\nexecute as @e[scores={gapplelang=0,xeloclang=0},type=everlatweaker:everla_boss_gfb_1,nbt={ForgeData:{HalfHealth:1b}}] at @p if score @s phase1crossbullet matches 601 run damage @s 1 fall\n\nexecute as @e[scores={gapplelang=0,xeloclang=0},type=everlatweaker:everla_boss_gfb_1,nbt={ForgeData:{HalfHealth:1b}}] at @s if score @s phase1crossbullet matches 601 run execute at @p facing entity @p feet run tp ~ ~ ~10\nexecute as @e[scores={gapplelang=0,xeloclang=0},type=everlatweaker:everla_boss_gfb_1,nbt={ForgeData:{HalfHealth:1b}}] at @s if score @s phase1crossbullet matches 601 run execute at @s facing entity @p feet run tp ^ ^ ^0.1\nexecute as @e[scores={gapplelang=0,xeloclang=0},type=everlatweaker:everla_boss_gfb_1,nbt={ForgeData:{HalfHealth:1b}}] at @s if score @s phase1crossbullet matches 601 positioned ~ ~1.5 ~ run function everlatweaker:launchbullet\n\nexecute as @e[scores={gapplelang=0,xeloclang=0},type=everlatweaker:everla_boss_gfb_1,nbt={ForgeData:{HalfHealth:1b}}] at @s if score @s phase1crossbullet matches 602 run execute at @p facing entity @p feet run tp ~ ~ ~10\nexecute as @e[scores={gapplelang=0,xeloclang=0},type=everlatweaker:everla_boss_gfb_1,nbt={ForgeData:{HalfHealth:1b}}] at @s if score @s phase1crossbullet matches 602 run execute at @s facing entity @p feet run tp ^ ^ ^0.1\nexecute as @e[scores={gapplelang=0,xeloclang=0},type=everlatweaker:everla_boss_gfb_1,nbt={ForgeData:{HalfHealth:1b}}] at @s if score @s phase1crossbullet matches 602 positioned ~ ~1.5 ~ run function everlatweaker:launchbullet\n\nexecute as @e[scores={gapplelang=0,xeloclang=0},type=everlatweaker:everla_boss_gfb_1,nbt={ForgeData:{HalfHealth:1b}}] at @s if score @s phase1crossbullet matches 603 run execute at @p facing entity @p feet run tp ~ ~ ~10\nexecute as @e[scores={gapplelang=0,xeloclang=0},type=everlatweaker:everla_boss_gfb_1,nbt={ForgeData:{HalfHealth:1b}}] at @s if score @s phase1crossbullet matches 603 run execute at @s facing entity @p feet run tp ^ ^ ^0.1\nexecute as @e[scores={gapplelang=0,xeloclang=0},type=everlatweaker:everla_boss_gfb_1,nbt={ForgeData:{HalfHealth:1b}}] at @s if score @s phase1crossbullet matches 603 positioned ~ ~1.5 ~ run function everlatweaker:launchbullet\n\nexecute as @e[scores={gapplelang=0,xeloclang=0},type=everlatweaker:everla_boss_gfb_1,nbt={ForgeData:{HalfHealth:1b}}] at @s if score @s phase1crossbullet matches 604 run execute at @p facing entity @p feet run tp ~ ~ ~10\nexecute as @e[scores={gapplelang=0,xeloclang=0},type=everlatweaker:everla_boss_gfb_1,nbt={ForgeData:{HalfHealth:1b}}] at @s if score @s phase1crossbullet matches 604 run execute at @s facing entity @p feet run tp ^ ^ ^0.1\nexecute as @e[scores={gapplelang=0,xeloclang=0},type=everlatweaker:everla_boss_gfb_1,nbt={ForgeData:{HalfHealth:1b}}] at @s if score @s phase1crossbullet matches 604 positioned ~ ~1.5 ~ run function everlatweaker:launchbullet\n\nexecute as @e[scores={gapplelang=0,xeloclang=0},type=everlatweaker:everla_boss_gfb_1,nbt={ForgeData:{HalfHealth:1b}}] at @s if score @s phase1crossbullet matches 605 run execute at @p facing entity @p feet run tp ~ ~ ~10\nexecute as @e[scores={gapplelang=0,xeloclang=0},type=everlatweaker:everla_boss_gfb_1,nbt={ForgeData:{HalfHealth:1b}}] at @s if score @s phase1crossbullet matches 605 run execute at @s facing entity @p feet run tp ^ ^ ^0.1\nexecute as @e[scores={gapplelang=0,xeloclang=0},type=everlatweaker:everla_boss_gfb_1,nbt={ForgeData:{HalfHealth:1b}}] at @s if score @s phase1crossbullet matches 605 positioned ~ ~1.5 ~ run function everlatweaker:launchbullet\n\nexecute as @e[scores={gapplelang=0,xeloclang=0},type=everlatweaker:everla_boss_gfb_1,nbt={ForgeData:{HalfHealth:1b}}] at @s if score @s phase1crossbullet matches 606 run execute at @p facing entity @p feet run tp ~ ~ ~10\nexecute as @e[scores={gapplelang=0,xeloclang=0},type=everlatweaker:everla_boss_gfb_1,nbt={ForgeData:{HalfHealth:1b}}] at @s if score @s phase1crossbullet matches 606 run execute at @s facing entity @p feet run tp ^ ^ ^0.1\nexecute as @e[scores={gapplelang=0,xeloclang=0},type=everlatweaker:everla_boss_gfb_1,nbt={ForgeData:{HalfHealth:1b}}] at @s if score @s phase1crossbullet matches 606 positioned ~ ~1.5 ~ run function everlatweaker:launchbullet\n\nexecute as @e[scores={gapplelang=0,xeloclang=0},type=everlatweaker:everla_boss_gfb_1,nbt={ForgeData:{HalfHealth:1b}}] at @s if score @s phase1crossbullet matches 607 run execute at @p facing entity @p feet run tp ~ ~ ~10\nexecute as @e[scores={gapplelang=0,xeloclang=0},type=everlatweaker:everla_boss_gfb_1,nbt={ForgeData:{HalfHealth:1b}}] at @s if score @s phase1crossbullet matches 607 run execute at @s facing entity @p feet run tp ^ ^ ^0.1\nexecute as @e[scores={gapplelang=0,xeloclang=0},type=everlatweaker:everla_boss_gfb_1,nbt={ForgeData:{HalfHealth:1b}}] at @s if score @s phase1crossbullet matches 607 positioned ~ ~1.5 ~ run function everlatweaker:launchbullet\n\nexecute as @e[scores={gapplelang=0,xeloclang=0},type=everlatweaker:everla_boss_gfb_1,nbt={ForgeData:{HalfHealth:1b}}] at @s if score @s phase1crossbullet matches 608 run execute at @p facing entity @p feet run tp ~ ~ ~10\nexecute as @e[scores={gapplelang=0,xeloclang=0},type=everlatweaker:everla_boss_gfb_1,nbt={ForgeData:{HalfHealth:1b}}] at @s if score @s phase1crossbullet matches 608 run execute at @s facing entity @p feet run tp ^ ^ ^0.1\nexecute as @e[scores={gapplelang=0,xeloclang=0},type=everlatweaker:everla_boss_gfb_1,nbt={ForgeData:{HalfHealth:1b}}] at @s if score @s phase1crossbullet matches 608 positioned ~ ~1.5 ~ run function everlatweaker:launchbullet\n\nexecute as @e[scores={gapplelang=0,xeloclang=0},type=everlatweaker:everla_boss_gfb_1,nbt={ForgeData:{HalfHealth:1b}}] at @s if score @s phase1crossbullet matches 609 run execute at @p facing entity @p feet run tp ~ ~ ~10\nexecute as @e[scores={gapplelang=0,xeloclang=0},type=everlatweaker:everla_boss_gfb_1,nbt={ForgeData:{HalfHealth:1b}}] at @s if score @s phase1crossbullet matches 609 run execute at @s facing entity @p feet run tp ^ ^ ^0.1\nexecute as @e[scores={gapplelang=0,xeloclang=0},type=everlatweaker:everla_boss_gfb_1,nbt={ForgeData:{HalfHealth:1b}}] at @s if score @s phase1crossbullet matches 609 positioned ~ ~1.5 ~ run function everlatweaker:launchbullet\n\nexecute as @e[scores={gapplelang=0,xeloclang=0},type=everlatweaker:everla_boss_gfb_1,nbt={ForgeData:{HalfHealth:1b}}] at @s if score @s phase1crossbullet matches 610 run execute at @p facing entity @p feet run tp ~ ~ ~10\nexecute as @e[scores={gapplelang=0,xeloclang=0},type=everlatweaker:everla_boss_gfb_1,nbt={ForgeData:{HalfHealth:1b}}] at @s if score @s phase1crossbullet matches 610 run execute at @s facing entity @p feet run tp ^ ^ ^0.1\nexecute as @e[scores={gapplelang=0,xeloclang=0},type=everlatweaker:everla_boss_gfb_1,nbt={ForgeData:{HalfHealth:1b}}] at @s if score @s phase1crossbullet matches 610 positioned ~ ~1.5 ~ run function everlatweaker:launchbullet\n\nexecute as @e[scores={gapplelang=0,xeloclang=0},type=everlatweaker:everla_boss_gfb_1,nbt={ForgeData:{HalfHealth:1b}}] at @s if score @s phase1crossbullet matches 611 run execute at @p facing entity @p feet run tp ~ ~ ~10\nexecute as @e[scores={gapplelang=0,xeloclang=0},type=everlatweaker:everla_boss_gfb_1,nbt={ForgeData:{HalfHealth:1b}}] at @s if score @s phase1crossbullet matches 611 run execute at @s facing entity @p feet run tp ^ ^ ^0.1\nexecute as @e[scores={gapplelang=0,xeloclang=0},type=everlatweaker:everla_boss_gfb_1,nbt={ForgeData:{HalfHealth:1b}}] at @s if score @s phase1crossbullet matches 611 positioned ~ ~1.5 ~ run function everlatweaker:launchbullet\n\nexecute as @e[scores={gapplelang=0,xeloclang=0},type=everlatweaker:everla_boss_gfb_1,nbt={ForgeData:{HalfHealth:1b}}] at @s if score @s phase1crossbullet matches 612 run execute at @p facing entity @p feet run tp ~ ~ ~10\nexecute as @e[scores={gapplelang=0,xeloclang=0},type=everlatweaker:everla_boss_gfb_1,nbt={ForgeData:{HalfHealth:1b}}] at @s if score @s phase1crossbullet matches 612 run execute at @s facing entity @p feet run tp ^ ^ ^0.1\nexecute as @e[scores={gapplelang=0,xeloclang=0},type=everlatweaker:everla_boss_gfb_1,nbt={ForgeData:{HalfHealth:1b}}] at @s if score @s phase1crossbullet matches 612 positioned ~ ~1.5 ~ run function everlatweaker:launchbullet\n\nexecute as @e[scores={gapplelang=0,xeloclang=0},type=everlatweaker:everla_boss_gfb_1,nbt={ForgeData:{HalfHealth:1b}}] at @s if score @s phase1crossbullet matches 613 run execute at @p facing entity @p feet run tp ~ ~ ~10\nexecute as @e[scores={gapplelang=0,xeloclang=0},type=everlatweaker:everla_boss_gfb_1,nbt={ForgeData:{HalfHealth:1b}}] at @s if score @s phase1crossbullet matches 613 run execute at @s facing entity @p feet run tp ^ ^ ^0.1\nexecute as @e[scores={gapplelang=0,xeloclang=0},type=everlatweaker:everla_boss_gfb_1,nbt={ForgeData:{HalfHealth:1b}}] at @s if score @s phase1crossbullet matches 613 positioned ~ ~1.5 ~ run function everlatweaker:launchbullet\n\nexecute as @e[scores={gapplelang=0,xeloclang=0},type=everlatweaker:everla_boss_gfb_1,nbt={ForgeData:{HalfHealth:1b}}] at @s if score @s phase1crossbullet matches 614 run execute at @p facing entity @p feet run tp ~ ~ ~10\nexecute as @e[scores={gapplelang=0,xeloclang=0},type=everlatweaker:everla_boss_gfb_1,nbt={ForgeData:{HalfHealth:1b}}] at @s if score @s phase1crossbullet matches 614 run execute at @s facing entity @p feet run tp ^ ^ ^0.1\nexecute as @e[scores={gapplelang=0,xeloclang=0},type=everlatweaker:everla_boss_gfb_1,nbt={ForgeData:{HalfHealth:1b}}] at @s if score @s phase1crossbullet matches 614 positioned ~ ~1.5 ~ run function everlatweaker:launchbullet\n\nexecute as @e[scores={gapplelang=0,xeloclang=0},type=everlatweaker:everla_boss_gfb_1,nbt={ForgeData:{HalfHealth:1b}}] at @s if score @s phase1crossbullet matches 615 run execute at @p facing entity @p feet run tp ~ ~ ~10\nexecute as @e[scores={gapplelang=0,xeloclang=0},type=everlatweaker:everla_boss_gfb_1,nbt={ForgeData:{HalfHealth:1b}}] at @s if score @s phase1crossbullet matches 615 run execute at @s facing entity @p feet run tp ^ ^ ^0.1\nexecute as @e[scores={gapplelang=0,xeloclang=0},type=everlatweaker:everla_boss_gfb_1,nbt={ForgeData:{HalfHealth:1b}}] at @s if score @s phase1crossbullet matches 615 positioned ~ ~1.5 ~ run function everlatweaker:launchbullet\n\nexecute as @e[scores={gapplelang=0,xeloclang=0},type=everlatweaker:everla_boss_gfb_1,nbt={ForgeData:{HalfHealth:1b}}] at @s if score @s phase1crossbullet matches 616 run execute at @p facing entity @p feet run tp ~ ~ ~10\nexecute as @e[scores={gapplelang=0,xeloclang=0},type=everlatweaker:everla_boss_gfb_1,nbt={ForgeData:{HalfHealth:1b}}] at @s if score @s phase1crossbullet matches 616 run execute at @s facing entity @p feet run tp ^ ^ ^0.1\nexecute as @e[scores={gapplelang=0,xeloclang=0},type=everlatweaker:everla_boss_gfb_1,nbt={ForgeData:{HalfHealth:1b}}] at @s if score @s phase1crossbullet matches 616 positioned ~ ~1.5 ~ run function everlatweaker:launchbullet\n\nexecute as @e[scores={gapplelang=0,xeloclang=0},type=everlatweaker:everla_boss_gfb_1,nbt={ForgeData:{HalfHealth:1b}}] at @s if score @s phase1crossbullet matches 617 run execute at @p facing entity @p feet run tp ~ ~ ~10\nexecute as @e[scores={gapplelang=0,xeloclang=0},type=everlatweaker:everla_boss_gfb_1,nbt={ForgeData:{HalfHealth:1b}}] at @s if score @s phase1crossbullet matches 617 run execute at @s facing entity @p feet run tp ^ ^ ^0.1\nexecute as @e[scores={gapplelang=0,xeloclang=0},type=everlatweaker:everla_boss_gfb_1,nbt={ForgeData:{HalfHealth:1b}}] at @s if score @s phase1crossbullet matches 617 positioned ~ ~1.5 ~ run function everlatweaker:launchbullet\n\nexecute as @e[scores={gapplelang=0,xeloclang=0},type=everlatweaker:everla_boss_gfb_1,nbt={ForgeData:{HalfHealth:1b}}] at @s if score @s phase1crossbullet matches 618 run execute at @p facing entity @p feet run tp ~ ~ ~10\nexecute as @e[scores={gapplelang=0,xeloclang=0},type=everlatweaker:everla_boss_gfb_1,nbt={ForgeData:{HalfHealth:1b}}] at @s if score @s phase1crossbullet matches 618 run execute at @s facing entity @p feet run tp ^ ^ ^0.1\nexecute as @e[scores={gapplelang=0,xeloclang=0},type=everlatweaker:everla_boss_gfb_1,nbt={ForgeData:{HalfHealth:1b}}] at @s if score @s phase1crossbullet matches 618 positioned ~ ~1.5 ~ run function everlatweaker:launchbullet\n\nexecute as @e[scores={gapplelang=0,xeloclang=0},type=everlatweaker:everla_boss_gfb_1,nbt={ForgeData:{HalfHealth:1b}}] at @s if score @s phase1crossbullet matches 619 run execute at @p facing entity @p feet run tp ~ ~ ~10\nexecute as @e[scores={gapplelang=0,xeloclang=0},type=everlatweaker:everla_boss_gfb_1,nbt={ForgeData:{HalfHealth:1b}}] at @s if score @s phase1crossbullet matches 619 run execute at @s facing entity @p feet run tp ^ ^ ^0.1\nexecute as @e[scores={gapplelang=0,xeloclang=0},type=everlatweaker:everla_boss_gfb_1,nbt={ForgeData:{HalfHealth:1b}}] at @s if score @s phase1crossbullet matches 619 run function everlatweaker:launchbullet\n\nexecute as @e[scores={gapplelang=0,xeloclang=0},type=everlatweaker:everla_boss_gfb_1,nbt={ForgeData:{HalfHealth:1b}}] at @s if score @s phase1crossbullet matches 620 run execute at @p facing entity @p feet run tp ~ ~ ~10\nexecute as @e[scores={gapplelang=0,xeloclang=0},type=everlatweaker:everla_boss_gfb_1,nbt={ForgeData:{HalfHealth:1b}}] at @s if score @s phase1crossbullet matches 620 run execute at @s facing entity @p feet run tp ^ ^ ^0.1\nexecute as @e[scores={gapplelang=0,xeloclang=0},type=everlatweaker:everla_boss_gfb_1,nbt={ForgeData:{HalfHealth:1b}}] at @s if score @s phase1crossbullet matches 620 positioned ~ ~1.5 ~ run function everlatweaker:launchbullet\n\nexecute as @e[scores={gapplelang=0,xeloclang=0},type=everlatweaker:everla_boss_gfb_1,nbt={ForgeData:{HalfHealth:1b}}] at @p if score @s phase1crossbullet matches 621 run damage @s 1 fall\n\nexecute as @e[scores={gapplelang=0,xeloclang=0},type=everlatweaker:everla_boss_gfb_1,nbt={ForgeData:{HalfHealth:1b}}] at @p if score @s phase1crossbullet matches 630..660 run spreadplayers ~ ~ 15 15 false @s\nexecute as @e[scores={gapplelang=0,xeloclang=0},type=everlatweaker:everla_boss_gfb_1,nbt={ForgeData:{HalfHealth:1b}}] at @s if score @s phase1crossbullet matches 630..660 run execute at @s facing entity @p feet run tp ^ ^ ^0.1\nexecute as @e[scores={gapplelang=0,xeloclang=0},type=everlatweaker:everla_boss_gfb_1,nbt={ForgeData:{HalfHealth:1b}}] at @s if score @s phase1crossbullet matches 630..660 positioned ~ ~1.5 ~ run function everlatweaker:launchbullet\n\nexecute as @e[scores={gapplelang=0,xeloclang=0},type=everlatweaker:everla_boss_gfb_1,nbt={ForgeData:{HalfHealth:1b}}] at @p if score @s phase1crossbullet matches 661 run damage @s 1 fall\n\nexecute as @e[scores={gapplelang=0,xeloclang=0},type=everlatweaker:everla_boss_gfb_1,nbt={ForgeData:{HalfHealth:1b}}] at @s if score @s phase1crossbullet matches 670.. run scoreboard players set @s phase1crossbullet 0",
    "name": "everla_gfb_phase_1",
    "namespace": "mod"
  }
}