{
  "_fv": 57,
  "_type": "function",
  "definition": {
    "code": "scoreboard objectives add everlatheme1 dummy\nscoreboard players add @a everlatheme1 0\nscoreboard players set @a[scores={everlatheme1=1..},tag=!everlatheme1] everlatheme1 0\nexecute as @a at @s run execute if entity @e[type=everlatweaker:everla_boss_stage_1,distance=..128] run tag @s add everlatheme1\nexecute as @a at @s if score @s everlatheme1 matches 1 run playsound everlatweaker:everlabosstheme1 music @s\nexecute as @a[tag=everlatheme1] run scoreboard players add @s everlatheme1 1\nexecute as @a if score @s everlatheme1 matches 2401.. run scoreboard players set @s everlatheme1 0\nexecute as @a at @s run execute unless entity @e[type=everlatweaker:everla_boss_stage_1,distance=..128] run tag @s remove everlatheme1\nexecute as @a at @s run execute unless entity @e[type=everlatweaker:everla_boss_stage_1,distance=..128] run stopsound @s music everlatweaker:everlabosstheme1",
    "name": "everla_boss_theme_1_play",
    "namespace": "mod"
  }
}