{
  "_fv": 57,
  "_type": "function",
  "definition": {
    "code": "scoreboard players add @e[scores={xeloclang=0},type=everlatweaker:everla_boss_stage_0] phase1crossbullet 1\nexecute as @e[scores={xeloclang=0},type=everlatweaker:everla_boss_stage_0] at @s if score @s phase1crossbullet matches 1 run tellraw @a[distance=..128] {\"translate\":\"text.everlatweaker.bosstext0\",\"fallback\":\"EverlaPrismerAya joined the game\",\"color\":\"yellow\"}\nexecute as @e[scores={xeloclang=0},type=everlatweaker:everla_boss_stage_0] at @s if score @s phase1crossbullet matches 21 run tellraw @a[distance=..128] {\"translate\":\"text.everlatweaker.bosstext1\",\"fallback\":\"<EverlaPrismerAya> Hello.\"}\nexecute as @e[scores={xeloclang=0},type=everlatweaker:everla_boss_stage_0] at @s if score @s phase1crossbullet matches 81 run tellraw @a[distance=..128] {\"translate\":\"text.everlatweaker.bosstext2\",\"fallback\":\"<EverlaPrismerAya> You finally comes here.\"}\nexecute as @e[scores={xeloclang=0},type=everlatweaker:everla_boss_stage_0] at @s if score @s phase1crossbullet matches 141 run tellraw @a[distance=..128] {\"translate\":\"text.everlatweaker.bosstext3\",\"fallback\":\"<EverlaPrismerAya> Now,It's the time to start your final challenge.\"}\nexecute as @e[scores={xeloclang=0},type=everlatweaker:everla_boss_stage_0] at @s if score @s phase1crossbullet matches 151.. run kill @s",
    "name": "everla_boss_phase_0",
    "namespace": "mod"
  }
}