{
  "_fv": 57,
  "_type": "function",
  "definition": {
    "code": "scoreboard players add @e[scores={xeloclang=0},type=everlatweaker:everla_boss_stage_4] phase1crossbullet 1\nscoreboard players add @e[scores={xeloclang=0},type=everlatweaker:everla_boss_stage_4] bulletspawntime 1\neffect give @e[type=everlatweaker:everla_boss_stage_4] resistance 5 255 true\nexecute as @e[type=everlatweaker:you_cant_escape] at @s run execute as @s at @s run tp @s ~ ~ ~ ~9 ~\nexecute as @e[type=everlatweaker:you_cant_escape] at @s run particle minecraft:explosion_emitter ^ ^0.5 ^28\nexecute as @e[type=everlatweaker:you_cant_escape] at @s run particle minecraft:explosion_emitter ^ ^0.5 ^-28\nexecute as @e[type=everlatweaker:you_cant_escape] at @s run particle minecraft:explosion_emitter ^28 ^0.5 ^\nexecute as @e[type=everlatweaker:you_cant_escape] at @s run particle minecraft:explosion_emitter ^-28 ^0.5 ^\nexecute as @e[scores={xeloclang=0},type=everlatweaker:everla_boss_stage_4] at @s if score @s phase1crossbullet matches 270.. run function everlatweaker:final_blast\nexecute as @e[scores={xeloclang=0},type=everlatweaker:everla_boss_stage_4] at @s if score @s phase1crossbullet matches 1.. run execute as @a[distance=25..40] run damage @s[gamemode=!creative,gamemode=!spectator] 20 minecraft:out_of_world\nexecute as @e[scores={xeloclang=0},type=everlatweaker:everla_boss_stage_4] at @s if score @s phase1crossbullet matches 270.. run tp @s ~ ~ ~ ~3 ~\nexecute as @e[scores={xeloclang=0},type=everlatweaker:everla_boss_stage_4] at @s if score @s phase1crossbullet matches 700 run give @p[distance=..40] everlatweaker:treasure_bag\nexecute as @e[scores={xeloclang=0},type=everlatweaker:everla_boss_stage_4] at @s if score @s phase1crossbullet matches 700 run tellraw @a[distance=..40] {\"translate\":\"text.everlatweaker.bosstext4\",\"fallback\":\"<EverlaPrismerAya> You have passed the challenge.Good job.\"}\nexecute as @e[scores={xeloclang=0},type=everlatweaker:everla_boss_stage_4] at @s if score @s phase1crossbullet matches 701.. run stopsound @a[distance=..128] music everlatweaker:everlabosstheme4\nexecute as @e[scores={xeloclang=0},type=everlatweaker:everla_boss_stage_4] at @s if score @s phase1crossbullet matches 701.. run effect clear @a[distance=..128] everlatweaker:no_more_flight\nexecute as @e[scores={xeloclang=0},type=everlatweaker:everla_boss_stage_4] at @s if score @s phase1crossbullet matches 701.. run kill @e[type=everlatweaker:you_cant_escape,limit=1,sort=nearest,distance=..60]\nexecute as @e[scores={xeloclang=0},type=everlatweaker:everla_boss_stage_4] at @s if score @s phase1crossbullet matches 701.. run kill @s\nexecute as @e[type=everlatweaker:everla_boss_stage_4,scores={bulletspawntime=20..,xeloclang=0}] at @s run damage @s 3 minecraft:out_of_world\nexecute as @e[type=everlatweaker:everla_boss_stage_4,scores={bulletspawntime=20..,xeloclang=0}] at @s run scoreboard players set @s bulletspawntime 0\nexecute as @e[scores={xeloclang=0},type=everlatweaker:everla_boss_stage_4] at @s if score @s bulletspawntime matches 19 run execute as @p[distance=..60] at @s run function everlatweaker:cross_lightning_func_1",
    "name": "everla_boss_phase_4",
    "namespace": "mod"
  }
}