{
  "_fv": 57,
  "_type": "function",
  "definition": {
    "code": "scoreboard objectives add everlatheme3 dummy\nscoreboard players add @a everlatheme3 0\nscoreboard players set @a[scores={everlatheme3=1..},tag=!everlatheme3] everlatheme3 0\nexecute as @a at @s run execute if entity @e[type=everlatweaker:everla_boss_stage_3,distance=..128] run tag @s add everlatheme3\nexecute as @a at @s if score @s everlatheme3 matches 1 run playsound everlatweaker:everlabosstheme3 music @s\nexecute as @a[tag=everlatheme3] run scoreboard players add @s everlatheme3 1\nexecute as @a if score @s everlatheme3 matches 5161.. run scoreboard players set @s everlatheme3 0\nexecute as @a at @s run execute unless entity @e[type=everlatweaker:everla_boss_stage_3,distance=..128] run tag @s remove everlatheme3\nexecute as @a at @s run execute unless entity @e[type=everlatweaker:everla_boss_stage_3,distance=..128] run stopsound @s music everlatweaker:everlabosstheme3",
    "name": "everla_boss_theme_3_play",
    "namespace": "mod"
  }
}