{
  "_fv": 57,
  "_type": "function",
  "definition": {
    "code": "scoreboard objectives add punishbullet1cooldown dummy\nexecute as @e[type=everlatweaker:everla_boss_stage_1] at @s if score @s punishbullet1cooldown matches 40.. if entity @p[distance=30..70] run summon everlatweaker:chasing_prismallaser ~ ~2 ~\nexecute as @e[type=everlatweaker:everla_boss_stage_1] at @s if score @s punishbullet1cooldown matches 40.. run scoreboard players set @s punishbullet1cooldown 0\nexecute as @e[type=everlatweaker:everla_boss_stage_1] at @s if entity @p[distance=30..70] run scoreboard players add @s punishbullet1cooldown 1\n\nexecute as @e[type=#everlatweaker:bullets] run scoreboard players add @s bulletspawntime 1\nkill @e[type=#everlatweaker:bullets,scores={bulletspawntime=200..}]\nexecute as @e[scores={xeloclang=0},type=everlatweaker:everla_boss_stage_1] at @s if score @s phase1crossbullet matches 80 run execute as @p[distance=..60] at @s run function everlatweaker:cross_bullet_func_1\nexecute as @e[scores={xeloclang=0},type=everlatweaker:everla_boss_stage_1] at @s if score @s phase1crossbullet matches 160 run execute as @p[distance=..60] at @s run function everlatweaker:cross_bullet_func_2\nexecute as @e[scores={xeloclang=0},type=everlatweaker:everla_boss_stage_1] at @s if score @s phase1crossbullet matches 240 run execute as @p[distance=..60] at @s run function everlatweaker:cross_bullet_func_1\nexecute as @e[scores={xeloclang=0},type=everlatweaker:everla_boss_stage_1] at @s if score @s phase1crossbullet matches 320 run execute as @p[distance=..60] at @s run function everlatweaker:cross_bullet_func_2\nexecute as @e[scores={xeloclang=0},type=everlatweaker:everla_boss_stage_1] at @s if score @s phase1crossbullet matches 360 run execute as @a[distance=..60] at @s run summon everlatweaker:lightning_strike_signal\nexecute as @e[scores={xeloclang=0},type=everlatweaker:everla_boss_stage_1] at @s if score @s phase1crossbullet matches 380 run execute as @a[distance=..60] at @s run summon everlatweaker:lightning_strike_signal\nexecute as @e[scores={xeloclang=0},type=everlatweaker:everla_boss_stage_1] at @s if score @s phase1crossbullet matches 400 run execute as @a[distance=..60] at @s run summon everlatweaker:lightning_strike_signal\nexecute as @e[scores={xeloclang=0},type=everlatweaker:everla_boss_stage_1] at @s if score @s phase1crossbullet matches 420 run execute as @a[distance=..60] at @s run summon everlatweaker:lightning_strike_signal\nexecute as @e[scores={xeloclang=0},type=everlatweaker:everla_boss_stage_1] at @s if score @s phase1crossbullet matches 440 run execute as @a[distance=..60] at @s run summon everlatweaker:lightning_strike_signal\nexecute as @e[scores={xeloclang=0},type=everlatweaker:everla_boss_stage_1] at @s if score @s phase1crossbullet matches 480 run execute as @p[distance=..60] at @s run function everlatweaker:e_zrain\nexecute as @e[scores={xeloclang=0},type=everlatweaker:everla_boss_stage_1] at @s if score @s phase1crossbullet matches 500 run execute as @p[distance=..60] at @s run function everlatweaker:e_zrain\nexecute as @e[scores={xeloclang=0},type=everlatweaker:everla_boss_stage_1] at @s if score @s phase1crossbullet matches 520 run execute as @p[distance=..60] at @s run function everlatweaker:e_zrain\nexecute as @e[scores={xeloclang=0},type=everlatweaker:everla_boss_stage_1] at @s if score @s phase1crossbullet matches 540 run execute as @p[distance=..60] at @s run function everlatweaker:e_zrain\nexecute as @e[scores={xeloclang=0},type=everlatweaker:everla_boss_stage_1] at @s if score @s phase1crossbullet matches 560 run execute as @p[distance=..60] at @s run function everlatweaker:e_zrain\nexecute as @e[scores={xeloclang=0},type=everlatweaker:everla_boss_stage_1] at @s if score @s phase1crossbullet matches 580 run execute as @p[distance=..60] at @s run function everlatweaker:e_zrain\nexecute as @e[scores={xeloclang=0},type=everlatweaker:everla_boss_stage_1] at @s if score @s phase1crossbullet matches 620 run execute as @p[distance=..60] at @s run function everlatweaker:cross_bullet_func_1\nexecute as @e[scores={xeloclang=0},type=everlatweaker:everla_boss_stage_1] at @s if score @s phase1crossbullet matches 640 run execute as @p[distance=..60] at @s run function everlatweaker:cross_bullet_func_2\nexecute as @e[scores={xeloclang=0},type=everlatweaker:everla_boss_stage_1] at @s if score @s phase1crossbullet matches 660 run execute as @p[distance=..60] at @s run function everlatweaker:cross_lightning_func_1\nexecute as @e[scores={xeloclang=0},type=everlatweaker:everla_boss_stage_1] at @s if score @s phase1crossbullet matches 680 run execute as @p[distance=..60] at @s run function everlatweaker:cross_lightning_func_1\nexecute as @e[scores={xeloclang=0},type=everlatweaker:everla_boss_stage_1] at @s if score @s phase1crossbullet matches 720 run execute as @p[distance=..60] at @s run function everlatweaker:cross_bullet_func_1\nexecute as @e[scores={xeloclang=0},type=everlatweaker:everla_boss_stage_1] at @s if score @s phase1crossbullet matches 740 run execute as @p[distance=..60] at @s run function everlatweaker:cross_bullet_func_2\nexecute as @e[scores={xeloclang=0},type=everlatweaker:everla_boss_stage_1] at @s if score @s phase1crossbullet matches 780 run execute as @p[distance=..60] at @s run function everlatweaker:cross_bullet_func_1\nexecute as @e[scores={xeloclang=0},type=everlatweaker:everla_boss_stage_1] at @s if score @s phase1crossbullet matches 800 run execute as @p[distance=..60] at @s run function everlatweaker:cross_bullet_func_2\nexecute as @e[scores={xeloclang=0},type=everlatweaker:everla_boss_stage_1] at @s if score @s phase1crossbullet matches 801.. run scoreboard players set @s phase1crossbullet 0\nexecute as @e[scores={xeloclang=0},type=everlatweaker:everla_boss_stage_1] at @s if entity @p[distance=..60] run scoreboard players add @s phase1crossbullet 1\n",
    "name": "everla_boss_phase_1",
    "namespace": "mod"
  }
}