{
  "_fv": 57,
  "_type": "function",
  "definition": {
    "code": "scoreboard objectives add everlatheme40 dummy\nscoreboard players add @a everlatheme40 0\nscoreboard players set @a[scores={everlatheme40=1..},tag=!everlatheme40] everlatheme40 0\nexecute as @a at @s run execute if entity @e[type=everlatweaker:everla_boss_gfb_2,distance=..128] run tag @s add everlatheme40\nexecute as @a at @s if score @s everlatheme40 matches 1 run playsound everlatweaker:everlabosstheme40 music @s\nexecute as @a[tag=everlatheme40] run scoreboard players add @s everlatheme40 1\nexecute as @a if score @s everlatheme40 matches 2141.. run scoreboard players set @s everlatheme40 0\nexecute as @a at @s run execute unless entity @e[type=everlatweaker:everla_boss_gfb_2,distance=..128] run tag @s remove everlatheme40\nexecute as @a at @s run execute unless entity @e[type=everlatweaker:everla_boss_gfb_2,distance=..128] run stopsound @s music everlatweaker:everlabosstheme40\n\nexecute as @a at @s if score @s everlatheme40 matches 720 run title @s actionbar {\"text\":\"There are things in this world that you're not meant to see 世间有物为汝本不应窥探\"}\nexecute as @a at @s if score @s everlatheme40 matches 820 run title @s actionbar {\"text\":\"Now the voice of a deity permeates 神明之音彻骨透寒\"}\nexecute as @a at @s if score @s everlatheme40 matches 900 run title @s actionbar {\"text\":\"You feel above yourself 汝目空而傲慢\"}\nexecute as @a at @s if score @s everlatheme40 matches 980 run title @s actionbar {\"text\":\"And now you'll pay the price 故此圣命作码\"}\nexecute as @a at @s if score @s everlatheme40 matches 1020 run title @s actionbar {\"text\":\"With your sacred life 以度汝之刑罚\"}\nexecute as @a at @s if score @s everlatheme40 matches 1080 run title @s actionbar {\"text\":\"When you ascend past yourself you will gaze down below 飞升过往令汝妄蔑视苍茫\"}\nexecute as @a at @s if score @s everlatheme40 matches 1180 run title @s actionbar {\"text\":\"A reflection of exactly how far you've come 明镜全鉴峥嵘过往\"}\nexecute as @a at @s if score @s everlatheme40 matches 1260 run title @s actionbar {\"text\":\"Well,don't you want to shine? 汝无闪瞬念想?\"}\nexecute as @a at @s if score @s everlatheme40 matches 1320 run title @s actionbar {\"text\":\"Rise and face the stars 起而直面星辰\"}\nexecute as @a at @s if score @s everlatheme40 matches 1380 run title @s actionbar {\"text\":\"Given second life? 以期再获新生?\"}\nexecute as @a at @s if score @s everlatheme40 matches 1420 run title @s actionbar {\"text\":\"PETRICHOR-STAINED DESTINY 垢浊的宿命\"}\nexecute as @a at @s if score @s everlatheme40 matches 1520 run title @s actionbar {\"text\":\"EPICENTER OF ENTROPY 浑熵之中心\"}\nexecute as @a at @s if score @s everlatheme40 matches 1600 run title @s actionbar {\"text\":\"TWISTED GARDEN LACED WITH POWER 扭曲庭院，怪力污秽\"}\nexecute as @a at @s if score @s everlatheme40 matches 1700 run title @s actionbar {\"text\":\"PORTRATT-OF THE SCATTERED FLOWERS 描绘那残破的花卉\"}\nexecute as @a at @s if score @s everlatheme40 matches 1800 run title @s actionbar {\"text\":\"You'll never be the same again 汝再无同过往之样\"}\nexecute as @a at @s if score @s everlatheme40 matches 1900 run title @s actionbar {\"text\":\"ALL SHALL BOW IN SERVITUDE 万物俯首甘为奴\"}\nexecute as @a at @s if score @s everlatheme40 matches 1980 run title @s actionbar {\"text\":\"This is the beginning and the end 此是开幕亦为终场\"}\nexecute as @a at @s if score @s everlatheme40 matches 2060 run title @s actionbar {\"text\":\"ALL SHALL BOW 万物俯首\"}",
    "name": "everla_gfb_theme_1_play",
    "namespace": "mod"
  }
}