{
  "_fv": 57,
  "_type": "function",
  "definition": {
    "code": "summon everlatweaker:prismal_flare\nsummon everlatweaker:prismal_flare\nsummon everlatweaker:prismal_flare\nsummon everlatweaker:prismal_flare\nsummon everlatweaker:prismal_flare\nsummon everlatweaker:prismal_flare\nsummon everlatweaker:prismal_flare\nsummon everlatweaker:prismal_flare\nsummon everlatweaker:prismal_flare\nsummon everlatweaker:prismal_flare\nexecute as @e[type=everlatweaker:prismal_flare,tag=!ns,tag=!ew,tag=!spawned] at @s run tp @s ~ ~ ~ facing ~-10 ~ ~\ntag @e[type=everlatweaker:prismal_flare,tag=!ns,tag=!ew,tag=!spawned] add ew\ntag @e[type=everlatweaker:prismal_flare,tag=!ns,tag=ew,tag=!spawned] add spawned",
    "name": "ew_rain",
    "namespace": "mod"
  }
}