{
  "_fv": 57,
  "_type": "tool",
  "definition": {
    "toolType": "Sword",
    "renderType": 0,
    "blockingRenderType": 0,
    "texture": "excelsus",
    "customModelName": "Normal",
    "blockingModelName": "Normal blocking",
    "name": "Excelsus",
    "specialInformation": {
      "fixedValue": [
        "text.excelsus.desc"
      ]
    },
    "creativeTab": {
      "value": "COMBAT"
    },
    "harvestLevel": 4,
    "efficiency": 4.0,
    "attackSpeed": 1.6,
    "enchantability": 18,
    "damageVsEntity": 24.0,
    "usageCount": 0,
    "blocksAffected": [],
    "repairItems": [
      {
        "value": "CUSTOM:CosmosIngot"
      }
    ],
    "immuneToFire": true,
    "stayInGridWhenCrafting": false,
    "damageOnCrafting": false,
    "onRightClickedInAir": {
      "name": "ExcelsusLaunch"
    }
  }
}