{
  "_fv": 57,
  "_type": "function",
  "definition": {
    "code": "execute as @e[type=#everlatweaker:everla_boss] at @s run execute as @a[distance=..30] at @s run execute if entity @s[nbt={SelectedItem:{id:\"minecraft:command_block\"}}] run tag @s add escape\nexecute as @e[type=#everlatweaker:everla_boss] at @s run execute as @a[distance=..30] at @s run execute if entity @s[nbt={SelectedItem:{id:\"slashblade:slashblade\"}}] run tag @s add escape\nexecute as @e[type=#everlatweaker:everla_boss] at @s run execute as @a[distance=..30] at @s run execute if entity @s[nbt={SelectedItem:{id:\"aquamirae:divider\"}}] run tag @s add escape\nexecute as @e[type=#everlatweaker:everla_boss] at @s run execute as @a[distance=..30] at @s run execute if entity @s[nbt={SelectedItem:{id:\"aquamirae:whisper_of_the_abyss\"}}] run tag @s add escape\nexecute as @e[type=#everlatweaker:everla_boss] at @s run execute as @a[distance=..30] at @s run execute if entity @s[nbt={SelectedItem:{id:\"enderio:empty_soul_vail\"}}] run tag @s add escape\nexecute as @e[type=#everlatweaker:everla_boss] at @s run execute as @a[distance=..30] at @s run execute if entity @s[nbt={SelectedItem:{id:\"rftoolsutility:syringe\"}}] run tag @s add escape\n\nexecute as @a[tag=escape] at @s run effect clear @s everlatweaker:no_more_flight\nexecute as @a[tag=escape] at @s run tp @s ~ ~200 ~\nexecute as @a[tag=escape] at @s run playsound everlatweaker:fuckout hostile @s\nexecute as @a[tag=escape] at @s positioned ~ ~200 ~ run tellraw @a[distance=..60] {\"translate\":\"text.everlaboss.kick\"}\nexecute as @a[tag=escape] at @s run tag @s remove escape\n\neffect give @e[type=#everlatweaker:everla_boss,scores={xeloclang=1..}] resistance 5 255 true\n\nscoreboard players add @e[type=#everlatweaker:everla_boss] xeloclang 0\nscoreboard players remove @e[type=#everlatweaker:everla_boss,scores={xeloclang=1..}] xeloclang 1\nexecute as @e[type=#everlatweaker:everla_boss] at @s if entity @p[distance=..60,nbt={SelectedItem:{Count:1b,id:\"mekanism:meka_tool\"}}] run scoreboard players set @s xeloclang 1101\nexecute as @e[type=#everlatweaker:everla_boss] at @s if entity @p[distance=..60,nbt={SelectedItem:{Count:1b,id:\"mekanism:meka_tool\"}}] run execute as @p[distance=..60] at @s run stopsound @s\nexecute as @e[type=#everlatweaker:everla_boss] at @s if entity @p[distance=..60,nbt={SelectedItem:{Count:1b,id:\"mekanism:meka_tool\"}}] run execute as @p[distance=..60] at @s run playsound everlatweaker:xeloc hostile @s\nexecute as @e[type=#everlatweaker:everla_boss] at @s if entity @p[distance=..60,nbt={SelectedItem:{Count:1b,id:\"mekanism:meka_tool\"}}] run execute at @p[distance=..60] run summon minecraft:item_display ~ ~2 ~ {item:{id:\"mekanism:meka_tool\",Count:1},Tags:[\"summoned_by_everla_gfb\",\"meka\"]}\nexecute as @e[type=#everlatweaker:everla_boss] at @s if entity @p[distance=..60,nbt={SelectedItem:{Count:1b,id:\"mekanism:meka_tool\"}}] run clear @p[distance=..60] #everlatweaker:banned\nexecute as @e[type=#everlatweaker:everla_boss] at @s if score @s xeloclang matches 1100 run tellraw @a[distance=..60] {\"color\":\"white\",\"translate\":\"text.everlaboss.xeloc0\",\"fallback\": \"<EverlaPrismerAya> Wait a second...\"} \nexecute as @e[type=#everlatweaker:everla_boss] at @s if score @s xeloclang matches 1080 run tellraw @a[distance=..60] {\"color\":\"white\",\"translate\":\"text.everlaboss.xeloc1\",\"fallback\": \"<EverlaPrismerAya> Get that Meka tool out of here, I don't ever want to see that ever again\"} \nexecute as @e[type=#everlatweaker:everla_boss] at @s if score @s xeloclang matches 1080 run execute at @e[tag=meka,type=minecraft:item_display] run summon tnt\nexecute as @e[type=#everlatweaker:everla_boss] at @s if score @s xeloclang matches 1080 run kill @e[tag=meka,type=minecraft:item_display,distance=..60]\nexecute as @e[type=#everlatweaker:everla_boss] at @s if score @s xeloclang matches 1040 run tellraw @a[distance=..60] {\"color\":\"white\",\"translate\":\"text.everlaboss.xeloc2\",\"fallback\": \"<EverlaPrismerAya> I mean, What was Mekanism's developement team thinking? An ender pearl with no cooldown? Seriously?\"} \nexecute as @e[type=#everlatweaker:everla_boss] at @s if score @s xeloclang matches 940 run tellraw @a[distance=..60] {\"color\":\"white\",\"translate\":\"text.everlaboss.xeloc3\",\"fallback\": \"<EverlaPrismerAya> Post-antimatter pellet modpack balance is RUINED\"} \nexecute as @e[type=#everlatweaker:everla_boss] at @s if score @s xeloclang matches 880 run tellraw @a[distance=..60] {\"color\":\"white\",\"translate\":\"text.everlaboss.xeloc4\",\"fallback\": \"<EverlaPrismerAya> Come on, man\"} \nexecute as @e[type=#everlatweaker:everla_boss] at @s if score @s xeloclang matches 860 run tellraw @a[distance=..60] {\"color\":\"white\",\"translate\":\"text.everlaboss.xeloc5\",\"fallback\": \"<EverlaPrismerAya> I want to make a modpack with a good balancement. But Meka tool ruins EVERYTHING\"} \nexecute as @e[type=#everlatweaker:everla_boss] at @s if score @s xeloclang matches 700 run tellraw @a[distance=..60] {\"color\":\"white\",\"translate\":\"text.everlaboss.xeloc6\",\"fallback\": \"<EverlaPrismerAya> So no, I'm not letting you use it\"} \nexecute as @e[type=#everlatweaker:everla_boss] at @s if score @s xeloclang matches 680 run tellraw @a[distance=..60] {\"color\":\"white\",\"translate\":\"text.everlaboss.xeloc7\",\"fallback\": \"<EverlaPrismerAya> You thought you could troll me, and it turns out YOU ARE the one getting trolled\"} \nexecute as @e[type=#everlatweaker:everla_boss] at @s if score @s xeloclang matches 600 run tellraw @a[distance=..60] {\"color\":\"white\",\"translate\":\"text.everlaboss.xeloc8\",\"fallback\": \"<EverlaPrismerAya> And you know that\"} \nexecute as @e[type=#everlatweaker:everla_boss] at @s if score @s xeloclang matches 580 run tellraw @a[distance=..60] {\"color\":\"white\",\"translate\":\"text.everlaboss.xeloc9\",\"fallback\": \"<EverlaPrismerAya> Fu*k, you probably already know that anyway\"} \nexecute as @e[type=#everlatweaker:everla_boss] at @s if score @s xeloclang matches 520 run tellraw @a[distance=..60] {\"color\":\"white\",\"translate\":\"text.everlaboss.xeloc10\",\"fallback\": \"<EverlaPrismerAya> You probably know theres another God of Light called Xeloc\"} \nexecute as @e[type=#everlatweaker:everla_boss] at @s if score @s xeloclang matches 500 run tellraw @a[distance=..60] {\"color\":\"white\",\"translate\":\"text.everlaboss.xeloc11\",\"fallback\": \"<EverlaPrismerAya> You probably KNOW they are doing this too\"} \nexecute as @e[type=#everlatweaker:everla_boss] at @s if score @s xeloclang matches 440 run tellraw @a[distance=..60] {\"color\":\"white\",\"translate\":\"text.everlaboss.xeloc12\",\"fallback\": \"<EverlaPrismerAya> I mean, I can't see why you wouldn't expect it, I can escape when you are holding an OP weapon, of COURSE I can smash your Meka tool\"} \nexecute as @e[type=#everlatweaker:everla_boss] at @s if score @s xeloclang matches 300 run tellraw @a[distance=..60] {\"color\":\"white\",\"translate\":\"text.everlaboss.xeloc13\",\"fallback\": \"<EverlaPrismerAya> But now, I'm gonna shoot you dead\"} \nexecute as @e[type=#everlatweaker:everla_boss] at @s if score @s xeloclang matches 260 run tellraw @a[distance=..60] {\"color\":\"white\",\"translate\":\"text.everlaboss.xeloc14\",\"fallback\": \"<EverlaPrismerAya> Ooh, damn, that came out wrong...\"} \nexecute as @e[type=#everlatweaker:everla_boss] at @s if score @s xeloclang matches 220 run tellraw @a[distance=..60] {\"color\":\"white\",\"translate\":\"text.everlaboss.xeloc15\",\"fallback\": \"<EverlaPrismerAya> Basically, what it boils down to is I don't like cheaters\"} \nexecute as @e[type=#everlatweaker:everla_boss] at @s if score @s xeloclang matches 160 run tellraw @a[distance=..60] {\"color\":\"white\",\"translate\":\"text.everlaboss.xeloc16\",\"fallback\": \"<EverlaPrismerAya> And if you disagree with that, I don't know why you want to summon me\"} \nexecute as @e[type=#everlatweaker:everla_boss] at @s if score @s xeloclang matches 100 run tellraw @a[distance=..60] {\"color\":\"white\",\"translate\":\"text.everlaboss.xeloc17\",\"fallback\": \"<EverlaPrismerAya> And you probably should've never brought that goddamn item in here\"} \nexecute as @e[type=#everlatweaker:everla_boss] at @s if score @s xeloclang matches 30 run execute as @a[distance=..60] at @s run function everlatweaker:gun_summon\nexecute as @e[type=#everlatweaker:everla_boss] at @s if score @s xeloclang matches 10 run execute as @a[distance=..60] at @s run playsound everlatweaker:metal_pipe hostile @s\nexecute as @e[type=#everlatweaker:everla_boss] at @s if score @s xeloclang matches 10 run kill @a[distance=..60]\n\nscoreboard objectives add gapplelang dummy\n\nscoreboard players add @e[type=#everlatweaker:gfb_boss] gapplelang 0\nscoreboard players remove @e[type=#everlatweaker:gfb_boss,scores={gapplelang=1..}] gapplelang 1\nexecute as @e[type=#everlatweaker:gfb_boss] at @s if entity @p[distance=..60,nbt={SelectedItem:{id:\"minecraft:enchanted_golden_apple\"}}] run scoreboard players set @s gapplelang 100\nexecute as @e[type=#everlatweaker:gfb_boss] at @s if entity @p[distance=..60,nbt={SelectedItem:{id:\"minecraft:enchanted_golden_apple\"}}] run execute as @p[distance=..60] at @s run playsound everlatweaker:iwilltellingyourdream hostile @s\nexecute as @e[type=#everlatweaker:gfb_boss] at @s if entity @p[distance=..60,nbt={SelectedItem:{id:\"minecraft:enchanted_golden_apple\"}}] run clear @p[distance=..60] minecraft:enchanted_golden_apple\nexecute as @e[type=#everlatweaker:gfb_boss] at @s if score @s gapplelang matches 80 run tellraw @a[distance=..60] {\"color\":\"white\",\"translate\":\"text.everlagfb.enchapple\",\"fallback\": \"<EverlaPrismerAya> You're tried to ate this thing? I will devour a random person for fair.\"} \nexecute as @e[type=#everlatweaker:gfb_boss] at @s if score @s gapplelang matches 40 run summon minecraft:item_display ~ ~3 ~ {item:{id:\"minecraft:player_head\",Count:1},Tags:[\"summoned_by_everla_gfb\",\"skull\"]}\nexecute as @e[type=#everlatweaker:gfb_boss] at @s if score @s gapplelang matches 40 run execute as @a[distance=..60] at @s run playsound everlatweaker:quaso hostile @s\nexecute as @e[type=#everlatweaker:gfb_boss] at @s if score @s gapplelang matches 20 run execute at @e[tag=skull,type=minecraft:item_display] run summon tnt\nexecute as @e[type=#everlatweaker:gfb_boss] at @s if score @s gapplelang matches 20 run kill @e[tag=skull,type=minecraft:item_display,distance=..60]\nexecute as @e[type=#everlatweaker:gfb_boss] at @s if score @s gapplelang matches 20 run effect give @s instant_damage 5 44 true\nexecute as @e[type=#everlatweaker:gfb_boss] at @s if score @s gapplelang matches 20 run effect give @s resistance 10 255 true\n\nexecute as @e[type=everlatweaker:everla_boss_stage_1] at @s if score @s phase1crossbullet matches 1.. run execute as @a[distance=..40] at @s[gamemode=!creative,gamemode=!spectator] run damage @s[y=324,dy=30] 100 minecraft:out_of_world\nexecute as @e[type=everlatweaker:everla_boss_stage_2] at @s if score @s phase1crossbullet matches 1.. run execute as @a[distance=..40] at @s[gamemode=!creative,gamemode=!spectator] run damage @s[y=324,dy=30] 150 minecraft:out_of_world\nexecute as @e[type=everlatweaker:everla_boss_stage_3] at @s if score @s phase1crossbullet matches 1.. run execute as @a[distance=..40] at @s[gamemode=!creative,gamemode=!spectator] run damage @s[y=324,dy=30] 200 minecraft:out_of_world\nexecute as @e[type=everlatweaker:everla_boss_stage_4] at @s if score @s phase1crossbullet matches 1.. run execute as @a[distance=..40] at @s[gamemode=!creative,gamemode=!spectator] run damage @s[y=324,dy=30] 250 minecraft:out_of_world\nexecute as @e[type=everlatweaker:everla_boss_stage_1] at @s if score @s phase1crossbullet matches 1.. run execute as @a[distance=..40] at @s[gamemode=!creative,gamemode=!spectator] run damage @s[y=288,dy=29] 100 minecraft:out_of_world\nexecute as @e[type=everlatweaker:everla_boss_stage_2] at @s if score @s phase1crossbullet matches 1.. run execute as @a[distance=..40] at @s[gamemode=!creative,gamemode=!spectator] run damage @s[y=288,dy=29] 150 minecraft:out_of_world\nexecute as @e[type=everlatweaker:everla_boss_stage_3] at @s if score @s phase1crossbullet matches 1.. run execute as @a[distance=..40] at @s[gamemode=!creative,gamemode=!spectator] run damage @s[y=288,dy=29] 200 minecraft:out_of_world\nexecute as @e[type=everlatweaker:everla_boss_stage_4] at @s if score @s phase1crossbullet matches 1.. run execute as @a[distance=..40] at @s[gamemode=!creative,gamemode=!spectator] run damage @s[y=288,dy=29] 250 minecraft:out_of_world\n\nexecute as @e[type=everlatweaker:everla_boss_gfb_2] at @s if score @s phase1crossbullet matches 1.. run execute as @a[distance=..40] at @s[gamemode=!creative,gamemode=!spectator] run damage @s[y=324,dy=30] 444 minecraft:out_of_world\nexecute as @e[type=everlatweaker:everla_boss_gfb_2] at @s if score @s phase1crossbullet matches 1.. run execute as @a[distance=..40] at @s[gamemode=!creative,gamemode=!spectator] run damage @s[y=288,dy=29] 444 minecraft:out_of_world\n\nexecute as @e[type=everlatweaker:everla_boss_gfb_1] at @s if score @s phase1crossbullet matches 1.. run execute as @a[distance=..40] at @s[gamemode=!creative,gamemode=!spectator] run damage @s[y=324,dy=30] 444 minecraft:out_of_world\nexecute as @e[type=everlatweaker:everla_boss_gfb_1] at @s if score @s phase1crossbullet matches 1.. run execute as @a[distance=..40] at @s[gamemode=!creative,gamemode=!spectator] run damage @s[y=288,dy=29] 444 minecraft:out_of_world\n\nexecute as @e[type=everlatweaker:everla_boss_gfb_final] at @s if score @s phase1crossbullet matches 1.. run execute as @a[distance=..40] at @s[gamemode=!creative,gamemode=!spectator] run damage @s[y=324,dy=30] 444 minecraft:out_of_world\nexecute as @e[type=everlatweaker:everla_boss_gfb_final] at @s if score @s phase1crossbullet matches 1.. run execute as @a[distance=..40] at @s[gamemode=!creative,gamemode=!spectator] run damage @s[y=288,dy=29] 444 minecraft:out_of_world",
    "name": "expelliarmus",
    "namespace": "mod"
  }
}