{
  "_fv": 57,
  "_type": "tag",
  "definition": {
    "type": "Entities",
    "items": [],
    "blocks": [],
    "functions": [],
    "entities": [
      {
        "value": "EntityArmorStand"
      },
      {
        "value": "EntityArrow"
      },
      {
        "value": "EntityXPOrb"
      },
      {
        "value": "EntityItem"
      },
      {
        "value": "EntityGlowItemFrame"
      },
      {
        "value": "EntityItemFrame"
      },
      {
        "value": "CUSTOM:MurasamaDisplay"
      },
      {
        "value": "CUSTOM:ExcelsusProjectile"
      },
      {
        "value": "CUSTOM:YouCantEscape"
      },
      {
        "value": "CUSTOM:ChasingPrismallaser"
      },
      {
        "value": "CUSTOM:PrismalProjectile"
      },
      {
        "value": "CUSTOM:PrismalFlare"
      },
      {
        "value": "CUSTOM:LightningStrikeSignal"
      },
      {
        "value": "CUSTOM:DeathStrikeSignal"
      },
      {
        "value": "CUSTOM:EverlaBlaster"
      }
    ],
    "biomes": [],
    "damageTypes": [],
    "name": "immune_excelsus",
    "namespace": "everlatweaker"
  }
}