{
  "_fv": 57,
  "_type": "tag",
  "definition": {
    "type": "Entities",
    "items": [],
    "blocks": [],
    "functions": [],
    "entities": [
      {
        "value": "EntityArmorStand"
      },
      {
        "value": "EntityArrow"
      },
      {
        "value": "EntityXPOrb"
      },
      {
        "value": "EntityItem"
      },
      {
        "value": "EntityGlowItemFrame"
      },
      {
        "value": "EntityItemFrame"
      },
      {
        "value": "CUSTOM:MurasamaDisplay"
      },
      {
        "value": "CUSTOM:ExcelsusProjectile"
      },
      {
        "value": "CUSTOM:YouCantEscape"
      },
      {
        "value": "CUSTOM:ChasingPrismallaser"
      },
      {
        "value": "CUSTOM:PrismalProjectile"
      },
      {
        "value": "CUSTOM:PrismalFlare"
      },
      {
        "value": "CUSTOM:LightningStrikeSignal"
      },
      {
        "value": "CUSTOM:DeathStrikeSignal"
      },
      {
        "value": "CUSTOM:EverlaBlaster"
      },
      {
        "value": "EntityMinecart"
      },
      {
        "value": "EntityMinecartChest"
      },
      {
        "value": "EntityMinecartCommandBlock"
      },
      {
        "value": "EntityMinecartFurnace"
      },
      {
        "value": "EntityMinecartHopper"
      },
      {
        "value": "EntityMinecartTNT"
      },
      {
        "value": "EntityMinecartMobSpawner"
      },
      {
        "value": "EntityLeashKnot"
      },
      {
        "value": "EntityBoat"
      },
      {
        "value": "EntityChestBoat"
      },
      {
        "value": "EntityPainting"
      },
      {
        "value": "EntityCat"
      },
      {
        "value": "EntityWolf"
      },
      {
        "value": "EntityParrot"
      },
      {
        "value": "EntityCamel"
      },
      {
        "value": "EntityPig"
      },
      {
        "value": "EntityHorse"
      },
      {
        "value": "EntitySkeletonHorse"
      }
    ],
    "biomes": [],
    "damageTypes": [],
    "name": "immune_sonic_boom",
    "namespace": "everlatweaker"
  }
}