{
  "_fv": 57,
  "_type": "tag",
  "definition": {
    "type": "Entities",
    "items": [],
    "blocks": [],
    "functions": [],
    "entities": [
      {
        "value": "CUSTOM:AvadaKedavra"
      },
      {
        "value": "CUSTOM:BulletHell"
      },
      {
        "value": "CUSTOM:EverlaBossGFB0"
      },
      {
        "value": "CUSTOM:EverlaBossGFB1"
      },
      {
        "value": "CUSTOM:EverlaBossGFB2"
      },
      {
        "value": "CUSTOM:EverlaBossGFBFinal"
      },
      {
        "value": "CUSTOM:EverlaBossStage0"
      },
      {
        "value": "CUSTOM:EverlaBossStage1"
      },
      {
        "value": "CUSTOM:EverlaBossStage2"
      },
      {
        "value": "CUSTOM:EverlaBossStage3"
      },
      {
        "value": "CUSTOM:EverlaBossStage35"
      },
      {
        "value": "CUSTOM:EverlaBossStage4"
      },
      {
        "value": "CUSTOM:GunATK"
      },
      {
        "value": "CUSTOM:YouCantEscape"
      },
      {
        "value": "CUSTOM:ChasingPrismallaser"
      },
      {
        "value": "CUSTOM:PrismalProjectile"
      },
      {
        "value": "CUSTOM:PrismalFlare"
      },
      {
        "value": "CUSTOM:LightningStrikeSignal"
      },
      {
        "value": "CUSTOM:ExcelsusProjectile"
      },
      {
        "value": "CUSTOM:MurasamaDisplay"
      },
      {
        "value": "CUSTOM:DeathStrikeSignal"
      },
      {
        "value": "CUSTOM:EverlaBlaster"
      }
    ],
    "biomes": [],
    "damageTypes": [],
    "name": "immune_to_godslayer_dash",
    "namespace": "everlatweaker"
  }
}