{
  "_fv": 57,
  "_type": "function",
  "definition": {
    "code": "summon everlatweaker:death_strike_signal ~ ~ ~\nsummon everlatweaker:death_strike_signal ~1 ~ ~1\nsummon everlatweaker:death_strike_signal ~-1 ~ ~-1\nsummon everlatweaker:death_strike_signal ~1 ~ ~-1\nsummon everlatweaker:death_strike_signal ~-1 ~ ~1\nsummon everlatweaker:death_strike_signal ~2 ~ ~2\nsummon everlatweaker:death_strike_signal ~-2 ~ ~-2\nsummon everlatweaker:death_strike_signal ~2 ~ ~-2\nsummon everlatweaker:death_strike_signal ~-2 ~ ~2",
    "name": "instakill_lightning",
    "namespace": "mod"
  }
}