{
  "_fv": 57,
  "_type": "function",
  "definition": {
    "code": "summon everlatweaker:prismal_projectile ^ ^ ^-0.2\nparticle minecraft:flash ~ ~ ~\nplaysound minecraft:entity.ghast.shoot hostile @a ~ ~ ~\nexecute as @e[type=everlatweaker:prismal_projectile,tag=!spawned] at @s run execute facing entity @e[type=#everlatweaker:everla_boss,sort=nearest,limit=1] feet run tp ^ ^ ^0.1\nexecute as @e[type=everlatweaker:prismal_projectile,tag=!spawned] run tag @s add spawned",
    "name": "launchbullet",
    "namespace": "mod"
  }
}