{
  "_fv": 57,
  "_type": "tool",
  "definition": {
    "toolType": "Pickaxe",
    "renderType": 0,
    "blockingRenderType": 0,
    "texture": "limbo_on_a_stick",
    "customModelName": "Normal",
    "blockingModelName": "Normal blocking",
    "name": "Limbo On A Stick",
    "specialInformation": {
      "fixedValue": [
        "text.limboonastick.desc",
        "text.limboonastick.desc1"
      ]
    },
    "creativeTab": {
      "value": "COMBAT"
    },
    "harvestLevel": 44,
    "efficiency": 2.0,
    "attackSpeed": 4.0,
    "enchantability": 44,
    "damageVsEntity": 4.0,
    "usageCount": 0,
    "blocksAffected": [],
    "glowCondition": {
      "fixedValue": false
    },
    "repairItems": [],
    "immuneToFire": true,
    "stayInGridWhenCrafting": false,
    "damageOnCrafting": false,
    "onEntityHitWith": {
      "name": "LimboOnAStickDamage"
    }
  }
}