{
  "_fv": 57,
  "_type": "fluid",
  "definition": {
    "name": "Liquefied Natural Gas",
    "bucketName": "Liquefied Natural Gas Bucket",
    "textureStill": "liquefied_natural_gas",
    "textureFlowing": "liquefied_natural_gas_flow",
    "tintType": "No tint",
    "canMultiply": false,
    "flowRate": 5,
    "levelDecrease": 1,
    "slopeFindDistance": 4,
    "spawnParticles": false,
    "dripParticle": {
      "value": "CUSTOM:EverlaSoul"
    },
    "flowStrength": 1.0,
    "luminosity": 0,
    "density": 420,
    "viscosity": 1000,
    "temperature": 112,
    "type": "WATER",
    "generateBucket": true,
    "textureBucket": "bucket_liquefied_natural_gas",
    "creativeTab": {
      "value": "CUSTOM:EverlaTweaker"
    },
    "emptySound": {
      "value": ""
    },
    "rarity": "COMMON",
    "specialInformation": {
      "fixedValue": []
    },
    "resistance": 7200.0,
    "luminance": 0,
    "lightOpacity": 1,
    "emissiveRendering": false,
    "tickRate": 0,
    "flammability": 0,
    "fireSpreadSpeed": 0,
    "colorOnMap": "DEFAULT",
    "onEntityCollides": {
      "name": "LiquidNitrogenFreezeDMG"
    }
  }
}