{
  "_fv": 57,
  "_type": "fluid",
  "definition": {
    "name": "Liquid Nitrogen",
    "bucketName": "Liquid Nitrogen Bucket",
    "textureStill": "liquefied_nitrogen_still",
    "textureFlowing": "liquefied_nitrogen_flow",
    "tintType": "No tint",
    "canMultiply": false,
    "flowRate": 5,
    "levelDecrease": 1,
    "slopeFindDistance": 4,
    "spawnParticles": false,
    "dripParticle": {
      "value": "CUSTOM:EverlaSoul"
    },
    "flowStrength": 0.6,
    "luminosity": 0,
    "density": 810,
    "viscosity": 800,
    "temperature": 77,
    "type": "WATER",
    "generateBucket": true,
    "textureBucket": "bucket_liquefied_nitrogen",
    "creativeTab": {
      "value": "CUSTOM:EverlaTweaker"
    },
    "emptySound": {
      "value": "item.bucket.empty"
    },
    "rarity": "COMMON",
    "specialInformation": {
      "fixedValue": []
    },
    "resistance": 7200.0,
    "luminance": 0,
    "lightOpacity": 1,
    "emissiveRendering": false,
    "tickRate": 0,
    "flammability": 0,
    "fireSpreadSpeed": 0,
    "colorOnMap": "DEFAULT",
    "onEntityCollides": {
      "name": "LiquidNitrogenFreezeDMG"
    }
  }
}