{
  "_fv": 57,
  "_type": "function",
  "definition": {
    "code": "summon everlatweaker:prismal_flare\nsummon everlatweaker:prismal_flare\nsummon everlatweaker:prismal_flare\nsummon everlatweaker:prismal_flare\nsummon everlatweaker:prismal_flare\nsummon everlatweaker:prismal_flare\nsummon everlatweaker:prismal_flare\nsummon everlatweaker:prismal_flare\nsummon everlatweaker:prismal_flare\nsummon everlatweaker:prismal_flare\nexecute as @e[type=everlatweaker:prismal_flare,tag=!ns,tag=!ew,tag=!spawned] at @s run tp @s ~ ~ ~ facing ~ ~ ~-10\ntag @e[type=everlatweaker:prismal_flare,tag=!ns,tag=!ew,tag=!spawned] add ns\ntag @e[type=everlatweaker:prismal_flare,tag=ns,tag=!ew,tag=!spawned] add spawned",
    "name": "ns_rain",
    "namespace": "mod"
  }
}