{
  "_fv": 57,
  "_type": "recipe",
  "definition": {
    "recipeType": "Crafting",
    "recipeRetstackSize": 1,
    "group": "",
    "cookingBookCategory": "MISC",
    "xpReward": 0.0,
    "cookingTime": 200,
    "craftingBookCategory": "MISC",
    "recipeShapeless": false,
    "recipeSlots": [
      {
        "value": "CUSTOM:CosmosIngot"
      },
      {
        "value": "Items.DIAMOND"
      },
      {
        "value": "CUSTOM:CosmosIngot"
      },
      {
        "value": "Items.DIAMOND"
      },
      {
        "value": "Items.TOTEM_OF_UNDYING"
      },
      {
        "value": "Items.DIAMOND"
      },
      {
        "value": ""
      },
      {
        "value": "CUSTOM:AuricIngot"
      },
      {
        "value": ""
      }
    ],
    "recipeReturnStack": {
      "value": "CUSTOM:PrismalCore"
    },
    "name": "prismal_core_recipe",
    "namespace": "mod"
  }
}