{
  "_fv": 57,
  "_type": "tag",
  "definition": {
    "type": "Blocks",
    "items": [],
    "blocks": [
      {
        "value": "CUSTOM:EuropaSand"
      },
      {
        "value": "CUSTOM:EuropaStone"
      },
      {
        "value": "CUSTOM:GanymadeSand"
      },
      {
        "value": "CUSTOM:GanymadeStone"
      },
      {
        "value": "CUSTOM:CallistoGravel"
      },
      {
        "value": "CUSTOM:CallistoSandstone"
      },
      {
        "value": "CUSTOM:CallistoStone"
      }
    ],
    "functions": [],
    "entities": [],
    "biomes": [],
    "damageTypes": [],
    "name": "snow_layer_cannot_survive_on",
    "namespace": "minecraft"
  }
}