{
  "_fv": 57,
  "_type": "procedure",
  "definition": {
    "procedurexml": "<xml xmlns=\"https://developers.google.com/blockly/xml\"><block type=\"event_trigger\" deletable=\"false\" x=\"40\" y=\"40\"><field name=\"trigger\">no_ext_trigger</field><next><block type=\"controls_if\"><mutation else=\"1\"></mutation><value name=\"IF0\"><block type=\"compare_mcblocks\"><value name=\"a\"><block type=\"world_data_blockat\"><value name=\"x\"><block type=\"coord_x\"></block></value><value name=\"y\"><block type=\"coord_y\"></block></value><value name=\"z\"><block type=\"coord_z\"></block></value></block></value><value name=\"b\"><block type=\"mcitem_allblocks\"><field name=\"value\">Blocks.BEACON</field></block></value></block></value><statement name=\"DO0\"><block type=\"controls_if\"><mutation else=\"1\"></mutation><value name=\"IF0\"><block type=\"math_binary_ops\"><field name=\"OP\">EQ</field><value name=\"A\"><block type=\"coord_y\"></block></value><value name=\"B\"><block type=\"math_number\"><field name=\"NUM\">319</field></block></value></block></value><statement name=\"DO0\"><block type=\"spawn_entity\"><field name=\"entity\">CUSTOM:YouCantEscape</field><value name=\"x\"><block type=\"coord_x\"></block></value><value name=\"y\"><block type=\"math_dual_ops\"><field name=\"OP\">ADD</field><value name=\"A\"><block type=\"coord_y\"></block></value><value name=\"B\"><block type=\"math_number\"><field name=\"NUM\">1</field></block></value></block></value><value name=\"z\"><block type=\"coord_z\"></block></value><next><block type=\"spawn_entity\"><field name=\"entity\">CUSTOM:EverlaBossGFB0</field><value name=\"x\"><block type=\"coord_x\"></block></value><value name=\"y\"><block type=\"math_dual_ops\"><field name=\"OP\">ADD</field><value name=\"A\"><block type=\"coord_y\"></block></value><value name=\"B\"><block type=\"math_number\"><field name=\"NUM\">1</field></block></value></block></value><value name=\"z\"><block type=\"coord_z\"></block></value><next><block type=\"execute_command\"><value name=\"x\"><block type=\"coord_x\"></block></value><value name=\"y\"><block type=\"coord_y\"></block></value><value name=\"z\"><block type=\"coord_z\"></block></value><value name=\"command\"><block type=\"text\"><field name=\"TEXT\">fill ~35 ~-1 ~35 ~-35 ~-1 ~-35 everlatweaker:arena_block keep</field></block></value><next><block type=\"execute_command\"><value name=\"x\"><block type=\"coord_x\"></block></value><value name=\"y\"><block type=\"coord_y\"></block></value><value name=\"z\"><block type=\"coord_z\"></block></value><value name=\"command\"><block type=\"text\"><field name=\"TEXT\">particle minecraft:end_rod ~ ~1 ~ 0 10 0 0.05 100 force</field></block></value><next><block type=\"controls_if\"><value name=\"IF0\"><block type=\"logic_binary_ops\"><field name=\"OP\">EQ</field><value name=\"A\"><block type=\"world_data_logic_getgamerule\"><field name=\"gamerulesboolean\">CUSTOM:UseWitherStormForGfbAtmosphere</field></block></value><value name=\"B\"><block type=\"logic_boolean\"><field name=\"BOOL\">TRUE</field></block></value></block></value><statement name=\"DO0\"><block type=\"execute_command\"><value name=\"x\"><block type=\"coord_x\"></block></value><value name=\"y\"><block type=\"coord_y\"></block></value><value name=\"z\"><block type=\"coord_z\"></block></value><value name=\"command\"><block type=\"text\"><field name=\"TEXT\">summon witherstormmod:wither_storm ~ 400 ~ {NoAI:1b,CustomName:'{\"text\": \"我是氛围组\"}',Tags:[\"summoned_by_everla_gfb\",\"is_witherstorm\"],Phase:7}</field></block></value></block></statement><next><block type=\"wait\"><value name=\"ticks\"><block type=\"math_number\"><field name=\"NUM\">20</field></block></value><statement name=\"do\"><block type=\"entity_open_gui\"><field name=\"guiname\">Waoooooo</field><value name=\"entity\"><block type=\"entity_from_deps\"></block></value><value name=\"x\"><block type=\"coord_x\"></block></value><value name=\"y\"><block type=\"coord_y\"></block></value><value name=\"z\"><block type=\"coord_z\"></block></value></block></statement><next><block type=\"entity_remove_item\"><value name=\"entity\"><block type=\"entity_from_deps\"></block></value><value name=\"amount\"><block type=\"math_number\"><field name=\"NUM\">1</field></block></value><value name=\"item\"><block type=\"mcitem_all\"><field name=\"value\">CUSTOM:Eownssugandrome</field></block></value></block></next></block></next></block></next></block></next></block></next></block></next></block></statement><statement name=\"ELSE\"><block type=\"entity_execute_command\"><value name=\"entity\"><block type=\"entity_from_deps\"></block></value><value name=\"command\"><block type=\"text\"><field name=\"TEXT\">tellraw @p[distance=..128] {\"text\":\"对国人的警告：如果你能看懂这个，请三思后再召唤，这个BOSS为作者半夜喝多了发癫产物，使用了大量中文互联网的烂梗，恶俗语录和无意义音效，而且很吵\"}</field></block></value></block></statement></block></statement><statement name=\"ELSE\"><block type=\"entity_execute_command\"><value name=\"entity\"><block type=\"entity_from_deps\"></block></value><value name=\"command\"><block type=\"text\"><field name=\"TEXT\">tellraw @p[distance=..128] {\"text\":\"对国人的警告：如果你能看懂这个，请三思后再召唤，这个BOSS为作者半夜喝多了发癫产物，使用了大量中文互联网的烂梗，恶俗语录和无意义音效，而且很吵\"}</field></block></value></block></statement></block></next></block></xml>"
  }
}