{
  "_fv": 57,
  "_type": "procedure",
  "definition": {
    "procedurexml": "<?xml version=\"1.0\" encoding=\"UTF-8\" standalone=\"no\"?><xml xmlns=\"https://developers.google.com/blockly/xml\"><block deletable=\"false\" type=\"event_trigger\" x=\"40\" y=\"40\"><field name=\"trigger\">no_ext_trigger</field><next><block type=\"entity_execute_command\"><value name=\"entity\"><block type=\"entity_from_deps\"/></value><value name=\"command\"><block type=\"text\"><field name=\"TEXT\">give @p everlatweaker:limbo_on_a_stick</field></block></value><next><block type=\"entity_execute_command\"><value name=\"entity\"><block type=\"entity_from_deps\"/></value><value name=\"command\"><block type=\"text\"><field name=\"TEXT\">give @p everlatweaker:pot_of_pain</field></block></value><next><block type=\"entity_execute_command\"><value name=\"entity\"><block type=\"entity_from_deps\"/></value><value name=\"command\"><block type=\"text\"><field name=\"TEXT\">give @p everlatweaker:twisted_garden</field></block></value><next><block type=\"entity_execute_command\"><value name=\"entity\"><block type=\"entity_from_deps\"/></value><value name=\"command\"><block type=\"text\"><field name=\"TEXT\">xp add @p 28800 points</field></block></value><next><block type=\"entity_execute_command\"><value name=\"entity\"><block type=\"entity_from_deps\"/></value><value name=\"command\"><block type=\"text\"><field name=\"TEXT\">give @p everlatweaker:auric_soul_light</field></block></value><next><block type=\"entity_execute_command\"><value name=\"entity\"><block type=\"entity_from_deps\"/></value><value name=\"command\"><block type=\"text\"><field name=\"TEXT\">give @p betterend:elytra_crystalite{display:{Name:'{\"translate\":\"text.crystalelytra.name\"}'},Enchantments:[{id:\"minecraft:protection\",lvl:12}],Unbreakable:true}</field></block></value><next><block type=\"entity_execute_command\"><value name=\"entity\"><block type=\"entity_from_deps\"/></value><value name=\"command\"><block type=\"text\"><field name=\"TEXT\">give @p botania:mana_tablet{creative:1b,mana:500000}</field></block></value><next><block type=\"entity_execute_command\"><value name=\"entity\"><block type=\"entity_from_deps\"/></value><value name=\"command\"><block type=\"text\"><field name=\"TEXT\">give @p botania:dice</field></block></value><next><block type=\"entity_execute_command\"><value name=\"entity\"><block type=\"entity_from_deps\"/></value><value name=\"command\"><block type=\"text\"><field name=\"TEXT\">give @p travelersbackpack:dragon</field></block></value><next><block type=\"entity_execute_command\"><value name=\"entity\"><block type=\"entity_from_deps\"/></value><value name=\"command\"><block type=\"text\"><field name=\"TEXT\">give @p artifacts:everlasting_beef</field></block></value><next><block type=\"entity_execute_command\"><value name=\"entity\"><block type=\"entity_from_deps\"/></value><value name=\"command\"><block type=\"text\"><field name=\"TEXT\">give @p apotheosis:gem_dust 64</field></block></value><next><block type=\"entity_execute_command\"><value name=\"entity\"><block type=\"entity_from_deps\"/></value><value name=\"command\"><block type=\"text\"><field name=\"TEXT\">give @p apotheosis:mythic_material 8</field></block></value><next><block type=\"entity_add_item\"><value name=\"amount\"><block type=\"math_number\"><field name=\"NUM\">1</field></block></value><value name=\"item\"><block type=\"mcitem_all\"><field name=\"value\">CUSTOM:GoodApple</field></block></value><value name=\"entity\"><block type=\"entity_from_deps\"/></value><next><block type=\"entity_add_item\"><value name=\"amount\"><block type=\"math_random_int_between\"><value name=\"min\"><block type=\"math_number\"><field name=\"NUM\">400</field></block></value><value name=\"max\"><block type=\"math_number\"><field name=\"NUM\">600</field></block></value></block></value><value name=\"item\"><block type=\"mcitem_all\"><field name=\"value\">CUSTOM:PayToWinShard1</field></block></value><value name=\"entity\"><block type=\"entity_from_deps\"/></value><next><block type=\"entity_add_item\"><value name=\"amount\"><block type=\"math_random_int_between\"><value name=\"min\"><block type=\"math_number\"><field name=\"NUM\">100</field></block></value><value name=\"max\"><block type=\"math_number\"><field name=\"NUM\">200</field></block></value></block></value><value name=\"item\"><block type=\"mcitem_all\"><field name=\"value\">CUSTOM:PayToWinShard2</field></block></value><value name=\"entity\"><block type=\"entity_from_deps\"/></value><next><block type=\"entity_add_item\"><value name=\"amount\"><block type=\"math_random_int_between\"><value name=\"min\"><block type=\"math_number\"><field name=\"NUM\">30</field></block></value><value name=\"max\"><block type=\"math_number\"><field name=\"NUM\">60</field></block></value></block></value><value name=\"item\"><block type=\"mcitem_all\"><field name=\"value\">CUSTOM:PayToWinShard3</field></block></value><value name=\"entity\"><block type=\"entity_from_deps\"/></value><next><block type=\"entity_add_item\"><value name=\"amount\"><block type=\"math_random_int_between\"><value name=\"min\"><block type=\"math_number\"><field name=\"NUM\">9</field></block></value><value name=\"max\"><block type=\"math_number\"><field name=\"NUM\">12</field></block></value></block></value><value name=\"item\"><block type=\"mcitem_all\"><field name=\"value\">CUSTOM:PayToWinShard4</field></block></value><value name=\"entity\"><block type=\"entity_from_deps\"/></value><next><block type=\"entity_add_item\"><value name=\"amount\"><block type=\"math_random_int_between\"><value name=\"min\"><block type=\"math_number\"><field name=\"NUM\">0</field></block></value><value name=\"max\"><block type=\"math_number\"><field name=\"NUM\">3</field></block></value></block></value><value name=\"item\"><block type=\"mcitem_all\"><field name=\"value\">CUSTOM:PayToWinShard5</field></block></value><value name=\"entity\"><block type=\"entity_from_deps\"/></value><next><block type=\"entity_add_item\"><value name=\"amount\"><block type=\"math_random_int_between\"><value name=\"min\"><block type=\"math_number\"><field name=\"NUM\">3</field></block></value><value name=\"max\"><block type=\"math_number\"><field name=\"NUM\">7</field></block></value></block></value><value name=\"item\"><block type=\"mcitem_all\"><field name=\"value\">CUSTOM:RawNvidium</field></block></value><value name=\"entity\"><block type=\"entity_from_deps\"/></value><next><block type=\"entity_remove_item\"><value name=\"entity\"><block type=\"entity_from_deps\"/></value><value name=\"amount\"><block type=\"math_number\"><field name=\"NUM\">1</field></block></value><value name=\"item\"><block type=\"mcitem_all\"><field name=\"value\">CUSTOM:TreassureGFB</field></block></value></block></next></block></next></block></next></block></next></block></next></block></next></block></next></block></next></block></next></block></next></block></next></block></next></block></next></block></next></block></next></block></next></block></next></block></next></block></next></block></next></block></xml>"
  }
}