{
  "_fv": 57,
  "_type": "gui",
  "definition": {
    "type": 0,
    "width": 176,
    "height": 166,
    "inventoryOffsetX": 0,
    "inventoryOffsetY": 0,
    "renderBgLayer": false,
    "doesPauseGame": false,
    "components": [
      {
        "type": "imagebutton",
        "data": {
          "name": "imagebutton_waaoooooo",
          "image": "waaoooooo.png",
          "hoveredImage": "waaoooooo.png",
          "onClick": {
            "name": "WaaoooGuiOff"
          },
          "x": -113,
          "y": -252
        }
      }
    ],
    "gridSettings": {
      "sx": 18,
      "sy": 18,
      "ox": 11,
      "oy": 15,
      "snapOnGrid": false
    }
  }
}