{
  "_fv": 57,
  "_type": "item",
  "definition": {
    "renderType": 0,
    "texture": "aurora_cake",
    "customModelName": "Normal",
    "customProperties": {},
    "states": [],
    "name": "Weird Mint Candy",
    "rarity": "EPIC",
    "creativeTab": {
      "value": "CUSTOM:EverlaTweaker"
    },
    "stackSize": 1,
    "enchantability": 0,
    "useDuration": 32,
    "toolType": 1.0,
    "damageCount": 0,
    "recipeRemainder": {
      "value": ""
    },
    "destroyAnyBlock": false,
    "immuneToFire": true,
    "stayInGridWhenCrafting": false,
    "damageOnCrafting": false,
    "enableMeleeDamage": false,
    "damageVsEntity": 0.0,
    "specialInformation": {
      "fixedValue": [
        "text.weirdcandy.desc.1",
        "text.weirdcandy.desc.2",
        "text.weirdcandy.desc.3",
        "text.weirdcandy.desc.4"
      ]
    },
    "glowCondition": {
      "fixedValue": true
    },
    "guiBoundTo": "<NONE>",
    "inventorySize": 9,
    "inventoryStackSize": 64,
    "onRightClickedOnBlock": {
      "name": "SummonEverlaBoss"
    },
    "enableRanged": false,
    "shootConstantly": false,
    "isFood": true,
    "nutritionalValue": 4,
    "saturation": 6.0,
    "eatResultItem": {
      "value": ""
    },
    "isMeat": false,
    "isAlwaysEdible": true,
    "animation": "eat"
  }
}