{
  "_fv": 57,
  "_type": "tag",
  "definition": {
    "type": "Blocks",
    "items": [],
    "blocks": [
      {
        "value": "CUSTOM:ArenaBlock"
      },
      {
        "value": "CUSTOM:DeepslateAuricOre"
      },
      {
        "value": "CUSTOM:AuricScrapBlock"
      },
      {
        "value": "CUSTOM:LiquidNitrogen"
      },
      {
        "value": "CUSTOM:SulfosaltLava"
      },
      {
        "value": "CUSTOM:Liquefiednaturalgas"
      }
    ],
    "functions": [],
    "entities": [],
    "biomes": [],
    "damageTypes": [],
    "name": "wither_immune",
    "namespace": "minecraft"
  }
}