{
  "_fv": 57,
  "_type": "function",
  "definition": {
    "code": "scoreboard objectives add deathescape deathCount\nscoreboard objectives add escapereset dummy\nscoreboard players add @a[scores={deathescape=1..}] escapereset 60\nscoreboard players reset @a[scores={deathescape=1..}] deathescape\n\nexecute as @e[type=everlatweaker:you_cant_escape] at @s run execute as @a[distance=30..50] at @s facing entity @e[type=everlatweaker:you_cant_escape,limit=1] feet run tp ^ ^ ^0.2\nexecute as @e[type=everlatweaker:you_cant_escape] at @s run execute as @e[distance=30..50,tag=summoned_by_everla_gfb] at @s facing entity @e[type=everlatweaker:you_cant_escape,limit=1] feet run tp ^ ^ ^0.2\nexecute as @e[type=everlatweaker:you_cant_escape] at @s run effect give @a[distance=..35] everlatweaker:no_more_flight 1 0\n\nexecute as @e[type=everlatweaker:you_cant_escape] at @s run execute as @s at @s run tp @s ~ ~ ~ ~1 ~\nexecute as @e[type=everlatweaker:you_cant_escape] at @s run particle minecraft:end_rod ~ ~ ~ 0 0 0 0.6 1\nexecute as @e[type=everlatweaker:you_cant_escape] at @s run particle minecraft:soul_fire_flame ^ ^0.5 ^30\nexecute as @e[type=everlatweaker:you_cant_escape] at @s run particle minecraft:soul_fire_flame ^ ^0.5 ^-30\nexecute as @e[type=everlatweaker:you_cant_escape] at @s run particle minecraft:soul_fire_flame ^30 ^0.5 ^\nexecute as @e[type=everlatweaker:you_cant_escape] at @s run particle minecraft:soul_fire_flame ^-30 ^0.5 ^\n\nexecute as @e[type=everlatweaker:you_cant_escape] at @s run setblock ^ ^-1 ^31 everlatweaker:arena_block\nexecute as @e[type=everlatweaker:you_cant_escape] at @s run setblock ^ ^-1 ^-31 everlatweaker:arena_block\nexecute as @e[type=everlatweaker:you_cant_escape] at @s run setblock ^31 ^-1 ^ everlatweaker:arena_block\nexecute as @e[type=everlatweaker:you_cant_escape] at @s run setblock ^-31 ^-1 ^ everlatweaker:arena_block\n\nexecute as @e[type=everlatweaker:you_cant_escape] at @s run execute unless entity @p[distance=..40] run tp @e[type=#everlatweaker:everla_boss,distance=..96] ~ -400 ~\nexecute as @e[type=everlatweaker:you_cant_escape] at @s run execute unless entity @p[distance=..40] positioned ~ -400 ~ run kill @e[type=#everlatweaker:everla_boss,distance=..96]\n\n\nexecute as @e[type=#everlatweaker:everla_boss,scores={escapetimer=5..}] at @s run tp ~ 320 ~\nexecute as @e[type=#everlatweaker:everla_boss,scores={escapetimer=5..}] at @s run tp @e[type=everlatweaker:you_cant_escape,distance=..96,limit=1,sort=nearest]\nexecute as @e[type=#everlatweaker:everla_boss,scores={escapetimer=5..}] at @s run damage @s 1 minecraft:fall\n\nexecute as @e[type=#everlatweaker:everla_boss,scores={escapetimer=20..}] at @s unless entity @e[type=everlatweaker:you_cant_escape,distance=..96] run tp ~ -400 ~\nexecute as @e[type=#everlatweaker:everla_boss,scores={escapetimer=20..}] at @s unless entity @e[type=everlatweaker:you_cant_escape,distance=..96] run kill @s\n\nscoreboard players add @e[type=#everlatweaker:everla_boss] escapetimer 1\nexecute as @e[type=#everlatweaker:everla_boss] at @s if entity @e[type=everlatweaker:you_cant_escape,distance=..96] run scoreboard players set @s escapetimer 0\n\nscoreboard objectives add escapetimer dummy\nexecute as @e[type=everlatweaker:you_cant_escape] at @s unless entity @e[type=#everlatweaker:everla_boss,distance=..96] run scoreboard players add @s escapetimer 1\nexecute as @e[type=everlatweaker:you_cant_escape] at @s if entity @e[type=#everlatweaker:everla_boss,distance=..96] run scoreboard players set @s escapetimer 0\n\nexecute as @e[type=everlatweaker:you_cant_escape] at @s if score @s escapetimer matches 15.. run tellraw @a[distance=..60] {\"translate\":\"text.everlaboss.escape\",\"color\":\"red\"}\nexecute as @e[type=everlatweaker:you_cant_escape] at @s if score @s escapetimer matches 15.. run kill @e[distance=..96,type=everlatweaker:jsdtqhj,tag=summoned_by_everla_gfb]\nexecute as @e[type=everlatweaker:you_cant_escape] at @s if score @s escapetimer matches 15.. run kill @e[distance=..96,type=wither,tag=summoned_by_everla_gfb]\nexecute as @e[type=everlatweaker:you_cant_escape] at @s if score @s escapetimer matches 15.. run kill @e[distance=..96,type=warden,tag=summoned_by_everla_gfb]\nexecute as @e[type=everlatweaker:you_cant_escape] at @s if score @s escapetimer matches 15.. run execute as @a[distance=..60] at @s run stopsound @s music\nexecute as @e[type=everlatweaker:you_cant_escape] at @s if score @s escapetimer matches 15.. run fill ~35 319 ~35 ~-35 ~319 ~-35 air replace everlatweaker:arena_block\nexecute as @e[type=everlatweaker:you_cant_escape] at @s if score @s escapetimer matches 15.. run fill ~35 318 ~35 ~-35 ~318 ~-35 air replace everlatweaker:arena_block\nexecute as @e[type=everlatweaker:you_cant_escape] at @s if score @s escapetimer matches 16.. run kill @s\n\nexecute as @a[scores={escapereset=1..}] at @s if entity @e[type=everlatweaker:you_cant_escape,distance=..65] run scoreboard players set @e[distance=..65,type=everlatweaker:you_cant_escape] escapetimer 16\nexecute as @a[scores={escapereset=1..5}] at @s run stopsound @s music\nscoreboard players remove @a[scores={escapereset=1..}] escapereset 1\n",
    "name": "you_cant_escape_func",
    "namespace": "mod"
  }
}