{
  "_fv": 69,
  "_type": "potioneffect",
  "definition": {
    "effectName": "Bedmic Desturction",
    "icon": "weird_cocktail.png",
    "color": {
      "value": -16711783,
      "falpha": 0.0
    },
    "isInstant": false,
    "mobEffectCategory": "HARMFUL",
    "renderStatusInInventory": true,
    "renderStatusInHUD": true,
    "isCuredByMilk": true,
    "isProtectedByTotem": true,
    "isCuredbyHoney": false,
    "onActiveTick": {
      "name": "BedmicDestructionCheckIfPlayerLookAtBed"
    }
  }
}