{
  "_fv": 69,
  "_type": "recipe",
  "definition": {
    "recipeType": "Crafting",
    "recipeRetstackSize": 1,
    "group": "",
    "cookingBookCategory": "MISC",
    "xpReward": 0.0,
    "cookingTime": 200,
    "craftingBookCategory": "MISC",
    "recipeShapeless": true,
    "recipeSlots": [
      {
        "value": "Items.COOKED_PORKCHOP"
      },
      {
        "value": "Blocks.BROWN_MUSHROOM"
      },
      {
        "value": ""
      },
      {
        "value": "Items.BOWL"
      },
      {
        "value": "Items.DRIED_KELP"
      },
      {
        "value": ""
      },
      {
        "value": ""
      },
      {
        "value": ""
      },
      {
        "value": ""
      }
    ],
    "recipeReturnStack": {
      "value": "CUSTOM:BraisedPorkWithPlumCabbage"
    },
    "name": "braized_pork",
    "namespace": "mod"
  }
}