{
  "_fv": 69,
  "_type": "potioneffect",
  "definition": {
    "effectName": "Nuclear Water Radiation",
    "icon": "nuclear_waste_water_bottle",
    "color": {
      "value": -16751002,
      "falpha": 0.0
    },
    "isInstant": false,
    "mobEffectCategory": "HARMFUL",
    "renderStatusInInventory": true,
    "renderStatusInHUD": true,
    "isCuredByMilk": false,
    "isProtectedByTotem": false,
    "isCuredbyHoney": false,
    "onActiveTick": {
      "name": "NuclearWaterRadiationBuff"
    },
    "onExpired": {
      "name": "NuclearWaterRadiationEndless"
    }
  }
}