{
  "_fv": 69,
  "_type": "procedure",
  "definition": {
    "procedurexml": "<?xml version=\"1.0\" encoding=\"UTF-8\" standalone=\"no\"?><xml xmlns=\"https://developers.google.com/blockly/xml\"><block deletable=\"false\" type=\"event_trigger\" x=\"40\" y=\"40\"><field name=\"trigger\">player_right_click_block</field><next><block type=\"controls_if\"><value name=\"IF0\"><block type=\"entity_issneaking\"><value name=\"entity\"><block type=\"entity_from_deps\"/></value></block></value><statement name=\"DO0\"><block type=\"controls_if\"><value name=\"IF0\"><block type=\"entity_looking_at_block\"><field name=\"fluid_mode\">NONE</field><field name=\"block_mode\">OUTLINE</field><comment h=\"80\" pinned=\"false\" w=\"160\">We want to make sure that the player is actually looking at a block or fluid source</comment><value name=\"entity\"><block type=\"entity_from_deps\"/></value><value name=\"maxdistance\"><block type=\"math_number\"><field name=\"NUM\">5</field></block></value></block></value><statement name=\"DO0\"><block type=\"controls_if\"><value name=\"IF0\"><block type=\"block_is_tagged_in\"><value name=\"a\"><block type=\"world_data_blockat\"><value name=\"x\"><block type=\"coord_x\"/></value><value name=\"y\"><block type=\"coord_y\"/></value><value name=\"z\"><block type=\"coord_z\"/></value></block></value><value name=\"b\"><block type=\"text\"><field name=\"TEXT\">everlatweaker:triggers_table_text</field></block></value></block></value><statement name=\"DO0\"><block type=\"controls_if\"><value name=\"IF0\"><block type=\"logic_negate\"><value name=\"BOOL\"><block type=\"entity_haspotioneffect\"><field name=\"potion\">CUSTOM:TableTextCooldown</field><value name=\"entity\"><block type=\"entity_from_deps\"/></value></block></value></block></value><statement name=\"DO0\"><block type=\"controls_if\"><comment h=\"85\" pinned=\"false\" w=\"293\">This example will test if the random number is less than 0.7 (70%). Random numbers range between (0.0 and 1.0). If it is true, then it will run what is in the \"do\" section of the if statement.</comment><value name=\"IF0\"><block type=\"math_binary_ops\"><field name=\"OP\">LT</field><value name=\"A\"><block type=\"math_java_constants\"><field name=\"CONSTANT\">RANDOM</field></block></value><value name=\"B\"><block type=\"math_number\"><field name=\"NUM\">0.1</field></block></value></block></value><statement name=\"DO0\"><block type=\"entity_execute_command\"><value name=\"entity\"><block type=\"entity_from_deps\"/></value><value name=\"command\"><block type=\"text\"><field name=\"TEXT\">tellraw @a {\"translate\":\"secrettext.1.text\"}</field></block></value><next><block type=\"wait\"><value name=\"ticks\"><block type=\"math_number\"><field name=\"NUM\">40</field></block></value><statement name=\"do\"><block type=\"entity_execute_command\"><value name=\"entity\"><block type=\"entity_from_deps\"/></value><value name=\"command\"><block type=\"text\"><field name=\"TEXT\">tellraw @a {\"translate\":\"secrettext.2.text\"}</field></block></value><next><block type=\"wait\"><value name=\"ticks\"><block type=\"math_number\"><field name=\"NUM\">10</field></block></value><statement name=\"do\"><block type=\"entity_execute_command\"><value name=\"entity\"><block type=\"entity_from_deps\"/></value><value name=\"command\"><block type=\"text\"><field name=\"TEXT\">tellraw @a {\"translate\":\"secrettext.3.text\"}</field></block></value></block></statement></block></next></block></statement></block></next></block></statement><next><block type=\"entity_add_potion_advanced\"><field name=\"potion\">CUSTOM:TableTextCooldown</field><value name=\"level\"><block type=\"math_number\"><field name=\"NUM\">0</field></block></value><value name=\"duration\"><block type=\"math_number\"><field name=\"NUM\">400</field></block></value><value name=\"ambient\"><block type=\"logic_boolean\"><field name=\"BOOL\">FALSE</field></block></value><value name=\"particles\"><block type=\"logic_boolean\"><field name=\"BOOL\">FALSE</field></block></value><value name=\"entity\"><block type=\"entity_from_deps\"/></value></block></next></block></statement></block></statement></block></statement></block></statement></block></next></block></xml>"
  }
}