{
  "_fv": 69,
  "_type": "recipe",
  "definition": {
    "recipeType": "Crafting",
    "recipeRetstackSize": 3,
    "group": "",
    "cookingBookCategory": "MISC",
    "xpReward": 0.0,
    "cookingTime": 200,
    "craftingBookCategory": "MISC",
    "recipeShapeless": true,
    "recipeSlots": [
      {
        "value": "CUSTOM:AuricIngot"
      },
      {
        "value": "Items.GOLDEN_APPLE#1"
      },
      {
        "value": ""
      },
      {
        "value": "Items.GOLDEN_APPLE#1"
      },
      {
        "value": "Items.GOLD_INGOT"
      },
      {
        "value": ""
      },
      {
        "value": ""
      },
      {
        "value": ""
      },
      {
        "value": ""
      }
    ],
    "recipeReturnStack": {
      "value": "CUSTOM:ThreeInterwinedFate"
    },
    "name": "three_interwined_fate_recipe",
    "namespace": "mod"
  }
}