{
  "_fv": 69,
  "_type": "musicdisc",
  "definition": {
    "name": "Music Disc",
    "rarity": "RARE",
    "texture": "music_disc_tokyo_hot",
    "description": "Z3BROTHER - Tokyo Hot (Remix) ",
    "creativeTabs": [
      {
        "value": "CUSTOM:EverlaDiscs"
      }
    ],
    "specialInformation": {
      "fixedValue": []
    },
    "glowCondition": {
      "fixedValue": false
    },
    "music": {
      "value": "CUSTOM:tokyo_hot"
    },
    "lengthInTicks": 3140,
    "analogOutput": 0
  }
}