{
  "everlabosstheme1": {
    "sounds": [
      {
        "name": "everlatweaker:everlaphase1",
        "stream": true
      }
    ]
  },
  "everlabosstheme2": {
    "sounds": [
      {
        "name": "everlatweaker:everlabosstheme2",
        "stream": true
      }
    ]
  },
  "everlabosstheme3": {
    "sounds": [
      {
        "name": "everlatweaker:everlabosstheme3",
        "stream": true
      }
    ]
  },
  "everlabosstheme4": {
    "sounds": [
      {
        "name": "everlatweaker:everlabosstheme4",
        "stream": true
      }
    ]
  },
  "everlafakedeath": {
    "subtitle": "subtitles.everlafakedeath",
    "sounds": [
      {
        "name": "everlatweaker:everlafakedeath",
        "stream": false
      }
    ]
  },
  "everladeath": {
    "subtitle": "subtitles.everladeath",
    "sounds": [
      {
        "name": "everlatweaker:everladeath",
        "stream": false
      }
    ]
  },
  "everlabosstheme40": {
    "sounds": [
      {
        "name": "everlatweaker:everlabosstheme40",
        "stream": true
      }
    ]
  },
  "everlabosstheme44": {
    "sounds": [
      {
        "name": "everlatweaker:everlabosstheme44",
        "stream": true
      }
    ]
  },
  "bullshit": {
    "subtitle": "subtitles.bullshit",
    "sounds": [
      {
        "name": "everlatweaker:bullshit",
        "stream": false
      }
    ]
  },
  "lightning_storm": {
    "subtitle": "subtitles.lightning_storm",
    "sounds": [
      {
        "name": "everlatweaker:lightning_storm",
        "stream": false
      }
    ]
  },
  "avada_kedavra": {
    "subtitle": "subtitles.avada_kedavra",
    "sounds": [
      {
        "name": "everlatweaker:avada_kedavra",
        "stream": false
      }
    ]
  },
  "waaooo": {
    "subtitle": "subtitles.waaooo",
    "sounds": [
      {
        "name": "everlatweaker:waaooo",
        "stream": false
      }
    ]
  },
  "tnnd": {
    "subtitle": "subtitles.tnnd",
    "sounds": [
      {
        "name": "everlatweaker:tnnd",
        "stream": false
      }
    ]
  },
  "genshin_start": {
    "subtitle": "subtitles.genshin_start",
    "sounds": [
      {
        "name": "everlatweaker:genshin_start",
        "stream": false
      }
    ]
  },
  "noob": {
    "subtitle": "subtitles.noob",
    "sounds": [
      {
        "name": "everlatweaker:noob",
        "stream": false
      }
    ]
  },
  "storm": {
    "subtitle": "subtitles.storm",
    "sounds": [
      {
        "name": "everlatweaker:storm",
        "stream": true
      }
    ]
  },
  "metal_pipe": {
    "subtitle": "subtitles.metal_pipe",
    "sounds": [
      {
        "name": "everlatweaker:metal_pipe",
        "stream": false
      }
    ]
  },
  "gun": {
    "subtitle": "subtitles.gun",
    "sounds": [
      {
        "name": "everlatweaker:fire",
        "stream": false
      }
    ]
  },
  "reload": {
    "subtitle": "subtitles.reload",
    "sounds": [
      {
        "name": "everlatweaker:reload",
        "stream": false
      }
    ]
  },
  "xeloc": {
    "subtitle": "subtitles.xeloc",
    "sounds": [
      {
        "name": "everlatweaker:xeloc",
        "stream": false
      }
    ]
  },
  "quaso": {
    "subtitle": "subtitles.quaso",
    "sounds": [
      {
        "name": "everlatweaker:quaso",
        "stream": false
      }
    ]
  },
  "iwilltellingyourdream": {
    "subtitle": "subtitles.iwilltellingyourdream",
    "sounds": [
      {
        "name": "everlatweaker:iwilltellingyourdream",
        "stream": false
      }
    ]
  },
  "harryroad_cyclone": {
    "subtitle": "subtitles.harryroad_cyclone",
    "sounds": [
      {
        "name": "everlatweaker:harryroad_cyclone",
        "stream": false
      }
    ]
  },
  "fuckyou": {
    "subtitle": "subtitles.fuckyou",
    "sounds": [
      {
        "name": "everlatweaker:fuckyou",
        "stream": false
      }
    ]
  },
  "gohell": {
    "subtitle": "subtitles.gohell",
    "sounds": [
      {
        "name": "everlatweaker:gohell",
        "stream": false
      }
    ]
  },
  "fuckout": {
    "subtitle": "subtitles.fuckout",
    "sounds": [
      {
        "name": "everlatweaker:fuckout",
        "stream": false
      }
    ]
  },
  "gfbhurt": {
    "subtitle": "subtitles.gfbhurt",
    "sounds": [
      {
        "name": "everlatweaker:everlagfbhurt",
        "stream": false
      }
    ]
  },
  "galatic_destruction": {
    "sounds": [
      {
        "name": "everlatweaker:galatic_destruction",
        "stream": true
      }
    ]
  },
  "glutinous_arbitration": {
    "sounds": [
      {
        "name": "everlatweaker:glutinous_arbitration",
        "stream": true
      }
    ]
  },
  "viscous_desperation": {
    "sounds": [
      {
        "name": "everlatweaker:viscous_desperation",
        "stream": true
      }
    ]
  },
  "twisted_garden": {
    "sounds": [
      {
        "name": "everlatweaker:twisted_garden",
        "stream": true
      }
    ]
  },
  "icantreadjapanesebruh": {
    "sounds": [
      {
        "name": "everlatweaker:icantreadjapanesebruh",
        "stream": true
      }
    ]
  },
  "ireallywant2stayaturhouse": {
    "sounds": [
      {
        "name": "everlatweaker:ireallywant2stayaturhouse",
        "stream": true
      }
    ]
  },
  "gfbfinalbgm": {
    "sounds": [
      {
        "name": "everlatweaker:gfbfinalbgm",
        "stream": true
      }
    ]
  },
  "killthemessenger": {
    "sounds": [
      {
        "name": "everlatweaker:kill_the_messenger",
        "stream": true
      }
    ]
  },
  "aleph_0": {
    "sounds": [
      {
        "name": "everlatweaker:aleph_0",
        "stream": true
      }
    ]
  },
  "cruel_angel": {
    "sounds": [
      {
        "name": "everlatweaker:cruel_angel",
        "stream": true
      }
    ]
  },
  "delicate_weapon": {
    "sounds": [
      {
        "name": "everlatweaker:delicate_weapon",
        "stream": true
      }
    ]
  },
  "sweet_death": {
    "sounds": [
      {
        "name": "everlatweaker:sweet_death",
        "stream": true
      }
    ]
  },
  "never_gonna_give_you_up": {
    "sounds": [
      {
        "name": "everlatweaker:never_gonna_give_you_up",
        "stream": true
      }
    ]
  },
  "hardest_2_be": {
    "sounds": [
      {
        "name": "everlatweaker:hardest_2_be",
        "stream": true
      }
    ]
  },
  "real_smoker": {
    "sounds": [
      {
        "name": "everlatweaker:real_smoker",
        "stream": true
      }
    ]
  },
  "hacker_gamer": {
    "sounds": [
      {
        "name": "everlatweaker:hacker_gamer",
        "stream": true
      }
    ]
  },
  "fading_sky": {
    "sounds": [
      {
        "name": "everlatweaker:fading_sky",
        "stream": true
      }
    ]
  },
  "electrical_stick_bone": {
    "sounds": [
      {
        "name": "everlatweaker:electrical_stick_bone",
        "stream": true
      }
    ]
  },
  "lonely_guitar": {
    "sounds": [
      {
        "name": "everlatweaker:lonely_guitar",
        "stream": true
      }
    ]
  },
  "annoyingdumpling": {
    "sounds": [
      {
        "name": "everlatweaker:annoyingdumpling",
        "stream": false
      }
    ]
  },
  "twobreadsandwichedwithcheese": {
    "subtitle": "subtitles.twobreadsandwichedwithcheese",
    "sounds": [
      {
        "name": "everlatweaker:twobreadsandwichedwithcheese",
        "stream": false
      }
    ]
  },
  "murasama_swing": {
    "subtitle": "subtitles.murasama_swing",
    "sounds": [
      {
        "name": "everlatweaker:murasama_swing",
        "stream": false
      }
    ]
  },
  "murasama_swing_heavy": {
    "subtitle": "subtitles.murasama_swing_heavy",
    "sounds": [
      {
        "name": "everlatweaker:murasama_swing_heavy",
        "stream": false
      }
    ]
  },
  "murasama_hit_organic": {
    "subtitle": "subtitles.murasama_hit_organic",
    "sounds": [
      {
        "name": "everlatweaker:murasama_hit_organic",
        "stream": false
      }
    ]
  },
  "murasama_hit_inorganic": {
    "subtitle": "subtitles.murasama_hit_inorganic",
    "sounds": [
      {
        "name": "everlatweaker:murasama_hit_inorganic",
        "stream": false
      }
    ]
  },
  "emotional_damage": {
    "subtitle": "subtitles.emotional_damage",
    "sounds": [
      {
        "name": "everlatweaker:emotional_damage",
        "stream": false
      }
    ]
  },
  "godslayerdash": {
    "subtitle": "subtitles.godslayerdash",
    "sounds": [
      {
        "name": "everlatweaker:godslayerdash",
        "stream": false
      }
    ]
  },
  "the_only_thing_i_know_for_real": {
    "sounds": [
      {
        "name": "everlatweaker:the_only_thing_i_know_for_real",
        "stream": true
      }
    ]
  },
  "girl_go_to_love": {
    "sounds": [
      {
        "name": "everlatweaker:girl_go_to_love",
        "stream": true
      }
    ]
  },
  "yamato": {
    "sounds": [
      {
        "name": "everlatweaker:yamato",
        "stream": true
      }
    ]
  },
  "nanomachine": {
    "sounds": [
      {
        "name": "everlatweaker:nanomachine",
        "stream": true
      }
    ]
  },
  "raiden": {
    "sounds": [
      {
        "name": "everlatweaker:raiden",
        "stream": true
      }
    ]
  },
  "eagle_sound": {
    "sounds": [
      {
        "name": "everlatweaker:eagle_sound",
        "stream": false
      }
    ]
  },
  "xeloc_bad_apple": {
    "sounds": [
      {
        "name": "everlatweaker:xeloc_bad_apple",
        "stream": false
      }
    ]
  },
  "five_watt": {
    "sounds": [
      {
        "name": "everlatweaker:5_watt",
        "stream": false
      }
    ]
  },
  "worst_apple": {
    "sounds": [
      {
        "name": "everlatweaker:worst_apple",
        "stream": true
      }
    ]
  },
  "tokyo_hot": {
    "sounds": [
      {
        "name": "everlatweaker:tokyo_hot",
        "stream": true
      }
    ]
  },
  "placeholder_snd": {
    "sounds": [
      {
        "name": "everlatweaker:plaaceholder",
        "stream": false
      }
    ]
  },
  "genshin_start_sound": {
    "sounds": [
      {
        "name": "everlatweaker:genshin_start_sound",
        "stream": false
      }
    ]
  },
  "everla_blaster_shoot": {
    "subtitle": "subtitles.everla_blaster_shoot",
    "sounds": [
      {
        "name": "everlatweaker:everla_blaster_shoot",
        "stream": false
      }
    ]
  },
  "everla_blaster_charge": {
    "subtitle": "subtitles.everla_blaster_charge",
    "sounds": [
      {
        "name": "everlatweaker:everla_blaster_charge",
        "stream": false
      }
    ]
  },
  "fuckyoustupidflagandpride": {
    "sounds": [
      {
        "name": "everlatweaker:fuckyoustupidflagandpride",
        "stream": false
      }
    ]
  },
  "deltarune_explosion": {
    "subtitle": "subtitles.deltarune_explosion",
    "sounds": [
      {
        "name": "everlatweaker:deltarune_explosion",
        "stream": false
      }
    ]
  },
  "fumofumo": {
    "subtitle": "subtitles.fumofumo",
    "sounds": [
      {
        "name": "everlatweaker:fumofumo",
        "stream": false
      }
    ]
  },
  "auric_strike": {
    "subtitle": "subtitles.auric_strike",
    "sounds": [
      {
        "name": "everlatweaker:auric_strike",
        "stream": false
      }
    ]
  }
}