{
  "_fv": 47,
  "_type": "curiosbauble",
  "definition": {
    "renderType": 0,
    "texture": "runic_amulet",
    "customModelName": "Normal",
    "name": "A.T. Field Generator",
    "rarity": "EPIC",
    "slotType": "NECKLACE",
    "baubleModel": "Default",
    "baubleModelTexture": "",
    "creativeTab": {
      "value": "CUSTOM:EverlaTweaker"
    },
    "stackSize": 1,
    "enchantability": 0,
    "useDuration": 0,
    "toolType": 1.0,
    "damageCount": 0,
    "recipeRemainder": {
      "value": ""
    },
    "destroyAnyBlock": false,
    "immuneToFire": false,
    "stayInGridWhenCrafting": false,
    "damageOnCrafting": false,
    "enableMeleeDamage": false,
    "addSlot": true,
    "damageVsEntity": 0.0,
    "specialInfo": [
      "text.atfieldgenerator.desc",
      "text.atfieldgenerator.desc1",
      "text.atfieldgenerator.desc2"
    ],
    "hasGlow": false,
    "guiBoundTo": "<NONE>",
    "inventorySize": 9,
    "inventoryStackSize": 64,
    "slotAmount": 1,
    "curioTick": {
      "name": "ATFieldGeneratorTick"
    },
    "isFood": false,
    "friendlyPigs": false,
    "enderMask": false,
    "rotateModel": false,
    "translateModel": false,
    "nutritionalValue": 4,
    "saturation": 0.3,
    "eatResultItem": {
      "value": ""
    },
    "isMeat": false,
    "isAlwaysEdible": false,
    "hasModel": false,
    "animation": "none"
  }
}