{
  "_fv": 47,
  "_type": "recipe",
  "definition": {
    "recipeType": "Crafting",
    "recipeRetstackSize": 1,
    "group": "",
    "cookingBookCategory": "MISC",
    "xpReward": 0.0,
    "cookingTime": 200,
    "craftingBookCategory": "MISC",
    "recipeShapeless": false,
    "recipeSlots": [
      {
        "value": "CUSTOM:NvidiumIngot"
      },
      {
        "value": "CUSTOM:MetalPipe"
      },
      {
        "value": "CUSTOM:NvidiumIngot"
      },
      {
        "value": "CUSTOM:InnerQuartzOuterNuclear"
      },
      {
        "value": "CUSTOM:Excelsus"
      },
      {
        "value": "CUSTOM:InnerQuartzOuterNuclear"
      },
      {
        "value": "CUSTOM:NvidiumIngot"
      },
      {
        "value": "CUSTOM:LimboOnAStick"
      },
      {
        "value": "CUSTOM:NvidiumIngot"
      }
    ],
    "recipeReturnStack": {
      "value": "CUSTOM:ATMSword"
    },
    "name": "atm_sword_recipe",
    "namespace": "mod"
  }
}