{
  "_fv": 47,
  "_type": "function",
  "definition": {
    "code": "summon everlatweaker:avada_kedavra\nsummon everlatweaker:avada_kedavra\nsummon everlatweaker:avada_kedavra\nsummon everlatweaker:avada_kedavra\nsummon everlatweaker:avada_kedavra\nsummon everlatweaker:avada_kedavra\nsummon everlatweaker:avada_kedavra\nsummon everlatweaker:avada_kedavra\nsummon everlatweaker:avada_kedavra\nsummon everlatweaker:avada_kedavra\ntag @e[type=everlatweaker:avada_kedavra,tag=!down,tag=!ns,tag=!ew,tag=!spawned] add down\nexecute as @e[type=everlatweaker:avada_kedavra,tag=down] at @s run spreadplayers ~ ~ 12 12 false @s\nexecute as @e[type=everlatweaker:avada_kedavra,tag=down] at @s run tp ~ ~15 ~\ntag @e[type=everlatweaker:avada_kedavra,tag=down,tag=!ns,tag=!ew,tag=!spawned] add spawned",
    "name": "avada_kedavra_rain",
    "namespace": "mod"
  }
}