{
  "_fv": 57,
  "_type": "tool",
  "definition": {
    "toolType": "Sword",
    "renderType": 0,
    "blockingRenderType": 0,
    "texture": "blazing_flame",
    "customModelName": "Normal",
    "blockingModelName": "Normal blocking",
    "name": "Blazing Flame",
    "specialInformation": {
      "fixedValue": [
        "text.blazingflame.disc",
        "text.blazingflame.disc1",
        "text.blazingflame.disc2",
        "text.blazingflame.disc3",
        "text.blazingflame.disc4"
      ]
    },
    "creativeTab": {
      "value": "COMBAT"
    },
    "harvestLevel": 1,
    "efficiency": 4.0,
    "attackSpeed": 1.6,
    "enchantability": 16,
    "damageVsEntity": 16.0,
    "usageCount": 1365,
    "blocksAffected": [],
    "repairItems": [
      {
        "value": "Items.NETHERITE_INGOT"
      }
    ],
    "immuneToFire": true,
    "stayInGridWhenCrafting": false,
    "damageOnCrafting": false,
    "onEntityHitWith": {
      "name": "BlazingFlameBurn"
    },
    "onItemInUseTick": {
      "name": "BlazingFlameBuff"
    }
  }
}