{
  "_fv": 47,
  "_type": "tag",
  "definition": {
    "type": "Entities",
    "items": [],
    "blocks": [],
    "functions": [],
    "entities": [
      {
        "value": "CUSTOM:LightBullet1"
      },
      {
        "value": "CUSTOM:LightBullet2"
      },
      {
        "value": "CUSTOM:AvadaKedavra"
      },
      {
        "value": "CUSTOM:BulletHell"
      },
      {
        "value": "CUSTOM:BulletHell2"
      },
      {
        "value": "CUSTOM:LightBullet3"
      },
      {
        "value": "CUSTOM:LightningPos"
      },
      {
        "value": "CUSTOM:WardenBlast"
      }
    ],
    "biomes": [],
    "name": "bullets",
    "namespace": "everlatweaker"
  }
}