{
  "_fv": 47,
  "_type": "function",
  "definition": {
    "code": "summon everlatweaker:light_bullet_2 ~7 ~1 ~7\nsummon everlatweaker:light_bullet_2 ~-7 ~1 ~-7\nsummon everlatweaker:light_bullet_2 ~-7 ~1 ~7\nsummon everlatweaker:light_bullet_2 ~7 ~1 ~-7\nparticle minecraft:flame ~ ~1 ~\nparticle minecraft:flame ~1 ~1 ~1\nparticle minecraft:flame ~-1 ~1 ~-1\nparticle minecraft:flame ~1 ~1 ~-1\nparticle minecraft:flame ~-1 ~1 ~1\nparticle minecraft:flame ~1.5 ~1 ~1.5\nparticle minecraft:flame ~-1.5 ~1 ~-1.5\nparticle minecraft:flame ~1.5 ~1 ~-1.5\nparticle minecraft:flame ~-1.5 ~1 ~1.5\nparticle minecraft:flame ~2 ~1 ~2\nparticle minecraft:flame ~-2 ~1 ~-2\nparticle minecraft:flame ~2 ~1 ~-2\nparticle minecraft:flame ~-2 ~1 ~2\nparticle minecraft:flame ~2.5 ~1 ~2.5\nparticle minecraft:flame ~-2.5 ~1 ~-2.5\nparticle minecraft:flame ~2.5 ~1 ~-2.5\nparticle minecraft:flame ~-2.5 ~1 ~2.5\nexecute as @e[type=everlatweaker:light_bullet_2,tag=!spawned] at @s run execute facing entity @p[distance=0.5..128] feet run tp ^ ^ ^0.1\nexecute as @e[type=everlatweaker:light_bullet_2,tag=!spawned] run tag @s add spawned",
    "name": "cross_bullet_func_2",
    "namespace": "mod"
  }
}