{
  "_fv": 47,
  "_type": "function",
  "definition": {
    "code": "summon everlatweaker:lightning_pos ~ ~ ~\nsummon everlatweaker:lightning_pos ~1 ~ ~1\nsummon everlatweaker:lightning_pos ~-1 ~ ~-1\nsummon everlatweaker:lightning_pos ~1 ~ ~-1\nsummon everlatweaker:lightning_pos ~-1 ~ ~1\nsummon everlatweaker:lightning_pos ~2 ~ ~2\nsummon everlatweaker:lightning_pos ~-2 ~ ~-2\nsummon everlatweaker:lightning_pos ~2 ~ ~-2\nsummon everlatweaker:lightning_pos ~-2 ~ ~2\nsummon everlatweaker:lightning_pos ~3 ~ ~3\nsummon everlatweaker:lightning_pos ~-3 ~ ~-3\nsummon everlatweaker:lightning_pos ~3 ~ ~-3\nsummon everlatweaker:lightning_pos ~-3 ~ ~3\nsummon everlatweaker:lightning_pos ~4 ~ ~4\nsummon everlatweaker:lightning_pos ~-4 ~ ~-4\nsummon everlatweaker:lightning_pos ~4 ~ ~-4\nsummon everlatweaker:lightning_pos ~-4 ~ ~4",
    "name": "cross_lightning_func_1",
    "namespace": "mod"
  }
}