{
  "_fv": 47,
  "_type": "tag",
  "definition": {
    "type": "Blocks",
    "items": [],
    "blocks": [
      {
        "value": "Blocks.FLOWING_WATER"
      },
      {
        "value": "Blocks.WATER"
      },
      {
        "value": "Blocks.BUBBLE_COLUMN"
      },
      {
        "value": "Blocks.AIR"
      },
      {
        "value": "Blocks.VOID_AIR"
      },
      {
        "value": "Blocks.CAVE_AIR"
      },
      {
        "value": "CUSTOM:LiquidNitrogen"
      },
      {
        "value": "CUSTOM:Liquefiednaturalgas"
      },
      {
        "value": "Blocks.SAPLING#0"
      },
      {
        "value": "Blocks.SAPLING#1"
      },
      {
        "value": "Blocks.SAPLING#2"
      },
      {
        "value": "Blocks.SAPLING#3"
      },
      {
        "value": "Blocks.SAPLING#4"
      },
      {
        "value": "Blocks.SAPLING#5"
      },
      {
        "value": "Blocks.MANGROVE_PROPAGULE"
      },
      {
        "value": "Blocks.CHERRY_SAPLING"
      },
      {
        "value": "Blocks.REEDS"
      },
      {
        "value": "Blocks.AMETHYST_CLUSTER"
      },
      {
        "value": "Blocks.LARGE_AMETHYST_BUD"
      },
      {
        "value": "Blocks.MEDIUM_AMETHYST_BUD"
      },
      {
        "value": "Blocks.SMALL_AMETHYST_BUD"
      },
      {
        "value": "Blocks.WEB"
      },
      {
        "value": "Blocks.TORCH"
      },
      {
        "value": "Blocks.WALL_TORCH"
      },
      {
        "value": "Blocks.SOUL_TORCH"
      },
      {
        "value": "Blocks.SOUL_WALL_TORCH"
      },
      {
        "value": "Blocks.FIRE"
      },
      {
        "value": "Blocks.SOUL_FIRE"
      },
      {
        "value": "Blocks.BEACON"
      },
      {
        "value": "Blocks.BARRIER"
      },
      {
        "value": "Blocks.STRUCTURE_VOID"
      },
      {
        "value": "Blocks.GLASS_PANE"
      },
      {
        "value": "Blocks.GLASS"
      },
      {
        "value": "Blocks.ICE"
      },
      {
        "value": "Blocks.FROSTED_ICE"
      },
      {
        "value": "Blocks.LIGHT"
      }
    ],
    "functions": [],
    "entities": [],
    "biomes": [],
    "name": "dark_spark_laser_can_pass_through",
    "namespace": "everlatweaker"
  }
}