{
  "_fv": 47,
  "_type": "curiosbauble",
  "definition": {
    "renderType": 0,
    "texture": "dim_travelers_crown",
    "customModelName": "Normal",
    "name": "Dimension Traveler's Strange Crown",
    "rarity": "EPIC",
    "slotType": "CURIO",
    "baubleModel": "Default",
    "baubleModelTexture": "",
    "creativeTab": {
      "value": "CUSTOM:EverlaTweaker"
    },
    "stackSize": 1,
    "enchantability": 0,
    "useDuration": 0,
    "toolType": 1.0,
    "damageCount": 0,
    "recipeRemainder": {
      "value": ""
    },
    "destroyAnyBlock": false,
    "immuneToFire": true,
    "stayInGridWhenCrafting": false,
    "damageOnCrafting": false,
    "enableMeleeDamage": false,
    "addSlot": false,
    "damageVsEntity": 0.0,
    "specialInfo": [
      "text.dimcrown.desc",
      "text.dimcrown.desc1",
      "text.dimcrown.desc2",
      "text.dimcrown.desc3",
      "text.dimcrown.desc4",
      "text.dimcrown.desc5",
      "text.dimcrown.desc6"
    ],
    "hasGlow": false,
    "guiBoundTo": "<NONE>",
    "inventorySize": 9,
    "inventoryStackSize": 64,
    "slotAmount": 1,
    "curioTick": {
      "name": "DimTravelersCrownEffect"
    },
    "onEquip": {
      "name": "DimTravelersCrownFunc"
    },
    "onUnequip": {
      "name": "DimTravelersCrownRemoveFunc"
    },
    "isFood": false,
    "friendlyPigs": false,
    "enderMask": false,
    "rotateModel": false,
    "translateModel": false,
    "nutritionalValue": 4,
    "saturation": 0.3,
    "eatResultItem": {
      "value": ""
    },
    "isMeat": false,
    "isAlwaysEdible": false,
    "hasModel": false,
    "animation": "none"
  }
}