{
  "_fv": 57,
  "_type": "item",
  "definition": {
    "renderType": 0,
    "texture": "eown_s_sugandrome",
    "customModelName": "Normal",
    "customProperties": {},
    "states": [],
    "name": "Eown‘s Sugandrome",
    "rarity": "EPIC",
    "creativeTab": {
      "value": "CUSTOM:EverlaTweaker"
    },
    "stackSize": 1,
    "enchantability": 0,
    "useDuration": 32,
    "toolType": 1.0,
    "damageCount": 0,
    "recipeRemainder": {
      "value": ""
    },
    "destroyAnyBlock": false,
    "immuneToFire": false,
    "stayInGridWhenCrafting": false,
    "damageOnCrafting": false,
    "enableMeleeDamage": false,
    "damageVsEntity": 0.0,
    "specialInformation": {
      "fixedValue": [
        "text.eown.desc.1",
        "text.eown.desc.2",
        "text.eown.desc.3",
        "text.eown.desc.4",
        "text.eown.desc.5"
      ]
    },
    "guiBoundTo": "<NONE>",
    "inventorySize": 9,
    "inventoryStackSize": 64,
    "onRightClickedOnBlock": {
      "name": "SummonEverlaGFB"
    },
    "onFinishUsingItem": {
      "name": "Eown_s_sugandrome_trigger"
    },
    "enableRanged": false,
    "shootConstantly": false,
    "isFood": true,
    "nutritionalValue": 1,
    "saturation": 0.3,
    "eatResultItem": {
      "value": ""
    },
    "isMeat": false,
    "isAlwaysEdible": true,
    "animation": "eat"
  }
}