{
  "_fv": 57,
  "_type": "livingentity",
  "definition": {
    "mobName": "Neko Chan,EverlaPrismerAya",
    "mobLabel": "EverlaPrismerAya",
    "mobModelName": "ModelPlayerModel",
    "mobModelTexture": "everlagfb.png",
    "solidBoundingBox": {
      "fixedValue": false
    },
    "modelLayers": [
      {
        "model": "Default",
        "texture": "gfboverlay.png",
        "glow": true
      }
    ],
    "modelWidth": 1.8,
    "modelHeight": 1.8,
    "modelShadowSize": 1.8,
    "mountedYOffset": 0.0,
    "hasSpawnEgg": false,
    "spawnEggBaseColor": {
      "value": -1,
      "falpha": 0.0
    },
    "spawnEggDotColor": {
      "value": -1,
      "falpha": 0.0
    },
    "creativeTab": {
      "value": "MISC"
    },
    "isBoss": true,
    "bossBarColor": "PINK",
    "bossBarType": "NOTCHED_20",
    "equipmentMainHand": {
      "value": ""
    },
    "equipmentOffHand": {
      "value": ""
    },
    "equipmentHelmet": {
      "value": ""
    },
    "equipmentBody": {
      "value": ""
    },
    "equipmentLeggings": {
      "value": ""
    },
    "equipmentBoots": {
      "value": ""
    },
    "mobBehaviourType": "Mob",
    "mobCreatureType": "UNDEAD",
    "attackStrength": 0,
    "attackKnockback": 0.0,
    "knockbackResistance": 288.0,
    "movementSpeed": 0.0,
    "stepHeight": 0.0,
    "armorBaseValue": 50.0,
    "trackingRange": 64,
    "followRange": 32,
    "health": 900,
    "xpAmount": 0,
    "waterMob": false,
    "pushedByFluids": {
      "fixedValue": true
    },
    "flyingMob": true,
    "guiBoundTo": "<NONE>",
    "inventorySize": 9,
    "inventoryStackSize": 64,
    "disableCollisions": true,
    "ridable": false,
    "canControlForward": false,
    "canControlStrafe": false,
    "immuneToFire": true,
    "immuneToArrows": false,
    "immuneToFallDamage": true,
    "immuneToCactus": true,
    "immuneToDrowning": true,
    "immuneToLightning": true,
    "immuneToPotions": true,
    "immuneToPlayer": false,
    "immuneToExplosion": false,
    "immuneToTrident": false,
    "immuneToAnvil": true,
    "immuneToWither": true,
    "immuneToDragonBreath": true,
    "mobDrop": {
      "value": ""
    },
    "livingSound": {
      "value": ""
    },
    "hurtSound": {
      "value": "CUSTOM:gfbhurt"
    },
    "deathSound": {
      "value": "item.shield.break"
    },
    "stepSound": {
      "value": ""
    },
    "entityDataEntries": [],
    "whenMobDies": {
      "name": "EverlaBossGFBFinalPhase"
    },
    "whenMobIsHurt": {
      "name": "EverlaGFB1Hurt"
    },
    "hasAI": false,
    "aiBase": "(none)",
    "aixml": "<xml xmlns=\"https://developers.google.com/blockly/xml\"><block type=\"aitasks_container\" deletable=\"false\" x=\"40\" y=\"40\"><next><block type=\"look_around\"><field name=\"condition\">null,null</field></block></next></block></xml>",
    "breedable": false,
    "tameable": false,
    "breedTriggerItems": [],
    "ranged": false,
    "rangedAttackItem": {
      "value": ""
    },
    "rangedItemType": "Default item",
    "rangedAttackInterval": 20,
    "rangedAttackRadius": 10.0,
    "spawnThisMob": false,
    "doesDespawnWhenIdle": false,
    "spawningProbability": 20,
    "mobSpawningType": "monster",
    "minNumberOfMobsPerGroup": 4,
    "maxNumberOfMobsPerGroup": 4,
    "restrictionBiomes": [],
    "spawnInDungeons": false
  }
}