{
  "_fv": 47,
  "_type": "function",
  "definition": {
    "code": "scoreboard players add @e[scores={xeloclang=0},type=everlatweaker:everla_boss_stage_35] phase1crossbullet 1\nexecute as @e[scores={xeloclang=0},type=everlatweaker:everla_boss_stage_35] at @s if score @s phase1crossbullet matches 179.. run tp @s @e[type=everlatweaker:you_cant_escape,limit=1]\nexecute as @e[scores={xeloclang=0},type=everlatweaker:everla_boss_stage_35] at @s if score @s phase1crossbullet matches 180.. run kill @s\nexecute as @e[scores={xeloclang=0},type=everlatweaker:everla_boss_stage_35] at @s if score @s phase1crossbullet matches 0..30 run particle minecraft:end_rod ~ ~ ~ 0 0 0 1 3\nexecute as @e[scores={xeloclang=0},type=everlatweaker:everla_boss_stage_35] at @s if score @s phase1crossbullet matches 50..179 run particle minecraft:end_rod ~ ~ ~ -10 -10 -10 1 3\nexecute as @e[scores={xeloclang=0},type=everlatweaker:everla_boss_stage_35] at @s if score @s phase1crossbullet matches 50..178 run execute facing entity @e[type=everlatweaker:you_cant_escape,distance=0.5..128,limit=1] feet run tp ^ ^ ^0.1",
    "name": "everla_boss_phase_35",
    "namespace": "mod"
  }
}