{
  "_fv": 47,
  "_type": "function",
  "definition": {
    "code": "scoreboard players add @e[scores={gapplelang=0,xeloclang=0},type=everlatweaker:everla_boss_gfb_2] phase1crossbullet 1\nexecute as @e[scores={gapplelang=0,xeloclang=0},type=everlatweaker:everla_boss_gfb_2] at @s if score @s phase1crossbullet matches 20 run execute as @p[distance=..60] at @s run function everlatweaker:cross_bullet_func_1\nexecute as @e[scores={gapplelang=0,xeloclang=0},type=everlatweaker:everla_boss_gfb_2] at @s if score @s phase1crossbullet matches 20 run tellraw @p[distance=..60] {\"color\":\"red\",\"text\":\"<EverlaPrismerAya> 你要是连这个都躲不过那你真是十足的脑瘫\"} \nexecute as @e[scores={gapplelang=0,xeloclang=0},type=everlatweaker:everla_boss_gfb_2] at @s if score @s phase1crossbullet matches 40 run execute as @p[distance=..60] at @s run function everlatweaker:cross_bullet_func_2\nexecute as @e[scores={gapplelang=0,xeloclang=0},type=everlatweaker:everla_boss_gfb_2] at @s if score @s phase1crossbullet matches 60 run execute as @p[distance=..60] at @s run function everlatweaker:cross_bullet_func_1\nexecute as @e[scores={gapplelang=0,xeloclang=0},type=everlatweaker:everla_boss_gfb_2] at @s if score @s phase1crossbullet matches 75 run execute as @p[distance=..60] at @s run function everlatweaker:cross_bullet_func_1\nexecute as @e[scores={gapplelang=0,xeloclang=0},type=everlatweaker:everla_boss_gfb_2] at @s if score @s phase1crossbullet matches 90 run execute as @p[distance=..60] at @s run function everlatweaker:cross_bullet_func_2\nexecute as @e[scores={gapplelang=0,xeloclang=0},type=everlatweaker:everla_boss_gfb_2] at @s if score @s phase1crossbullet matches 105 run execute as @p[distance=..60] at @s run function everlatweaker:cross_bullet_func_2\nexecute as @e[scores={gapplelang=0,xeloclang=0},type=everlatweaker:everla_boss_gfb_2] at @s if score @s phase1crossbullet matches 125 run tellraw @p[distance=..60] {\"color\":\"red\",\"text\":\"<EverlaPrismerAya> 这玩意可比魔法管用多了~\"} \nexecute as @e[scores={gapplelang=0,xeloclang=0},type=everlatweaker:everla_boss_gfb_2] at @s if score @s phase1crossbullet matches 125 run summon everlatweaker:warden_blast ~ ~-7 ~\nexecute as @e[scores={gapplelang=0,xeloclang=0},type=everlatweaker:everla_boss_gfb_2] at @s if score @s phase1crossbullet matches 125 run summon everlatweaker:warden_blast ~ ~-7 ~\nexecute as @e[scores={gapplelang=0,xeloclang=0},type=everlatweaker:everla_boss_gfb_2] at @s if score @s phase1crossbullet matches 125 run summon everlatweaker:warden_blast ~ ~-7 ~\nexecute as @e[scores={gapplelang=0,xeloclang=0},type=everlatweaker:everla_boss_gfb_2] at @s if score @s phase1crossbullet matches 125 run summon everlatweaker:warden_blast ~ ~-7 ~\nexecute as @e[scores={gapplelang=0,xeloclang=0},type=everlatweaker:everla_boss_gfb_2] at @s if score @s phase1crossbullet matches 125 run execute as @e[type=everlatweaker:warden_blast,distance=..60,tag=!lock] at @s run function everlatweaker:blast_lock_on_player\nexecute as @e[scores={gapplelang=0,xeloclang=0},type=everlatweaker:everla_boss_gfb_2] at @s if score @s phase1crossbullet matches 150 run summon everlatweaker:warden_blast ~ ~-7 ~\nexecute as @e[scores={gapplelang=0,xeloclang=0},type=everlatweaker:everla_boss_gfb_2] at @s if score @s phase1crossbullet matches 150 run summon everlatweaker:warden_blast ~ ~-7 ~\nexecute as @e[scores={gapplelang=0,xeloclang=0},type=everlatweaker:everla_boss_gfb_2] at @s if score @s phase1crossbullet matches 150 run summon everlatweaker:warden_blast ~ ~-7 ~\nexecute as @e[scores={gapplelang=0,xeloclang=0},type=everlatweaker:everla_boss_gfb_2] at @s if score @s phase1crossbullet matches 150 run summon everlatweaker:warden_blast ~ ~-7 ~\nexecute as @e[scores={gapplelang=0,xeloclang=0},type=everlatweaker:everla_boss_gfb_2] at @s if score @s phase1crossbullet matches 150 run execute as @e[type=everlatweaker:warden_blast,distance=..60,tag=!lock] at @s run function everlatweaker:blast_lock_on_player\nexecute as @e[scores={gapplelang=0,xeloclang=0},type=everlatweaker:everla_boss_gfb_2] at @s if score @s phase1crossbullet matches 160 run execute as @a[distance=..60] at @s run summon everlatweaker:light_bullet_3\nexecute as @e[scores={gapplelang=0,xeloclang=0},type=everlatweaker:everla_boss_gfb_2] at @s if score @s phase1crossbullet matches 160 run tellraw @p[distance=..60] {\"color\":\"red\",\"text\":\"<EverlaPrismerAya> 给我死！！！\"} \nexecute as @e[scores={gapplelang=0,xeloclang=0},type=everlatweaker:everla_boss_gfb_2] at @s if score @s phase1crossbullet matches 170 run execute as @p[distance=..60] at @s run function everlatweaker:instakill_lightning\nexecute as @e[scores={gapplelang=0,xeloclang=0},type=everlatweaker:everla_boss_gfb_2] at @s if score @s phase1crossbullet matches 170 run tellraw @p[distance=..60] {\"color\":\"red\",\"text\":\"<EverlaPrismerAya> 死死死死死死！！！！\"} \nexecute as @e[scores={gapplelang=0,xeloclang=0},type=everlatweaker:everla_boss_gfb_2] at @s if score @s phase1crossbullet matches 170 run execute as @p[distance=..60] at @s run playsound everlatweaker:gohell hostile @s\nexecute as @e[scores={gapplelang=0,xeloclang=0},type=everlatweaker:everla_boss_gfb_2] at @s if score @s phase1crossbullet matches 180 run execute as @p[distance=..60] at @s run function everlatweaker:instakill_lightning\nexecute as @e[scores={gapplelang=0,xeloclang=0},type=everlatweaker:everla_boss_gfb_2] at @s if score @s phase1crossbullet matches 180 run tellraw @p[distance=..60] {\"color\":\"red\",\"text\":\"<EverlaPrismerAya> 死死死死死死！！！！\"} \nexecute as @e[scores={gapplelang=0,xeloclang=0},type=everlatweaker:everla_boss_gfb_2] at @s if score @s phase1crossbullet matches 180 run execute as @p[distance=..60] at @s run playsound everlatweaker:gohell hostile @s\nexecute as @e[scores={gapplelang=0,xeloclang=0},type=everlatweaker:everla_boss_gfb_2] at @s if score @s phase1crossbullet matches 190 run execute as @p[distance=..60] at @s run function everlatweaker:instakill_lightning\nexecute as @e[scores={gapplelang=0,xeloclang=0},type=everlatweaker:everla_boss_gfb_2] at @s if score @s phase1crossbullet matches 190 run tellraw @p[distance=..60] {\"color\":\"red\",\"text\":\"<EverlaPrismerAya> 死死死死死死！！！！\"}\nexecute as @e[scores={gapplelang=0,xeloclang=0},type=everlatweaker:everla_boss_gfb_2] at @s if score @s phase1crossbullet matches 190 run execute as @p[distance=..60] at @s run playsound everlatweaker:gohell hostile @s\nexecute as @e[scores={gapplelang=0,xeloclang=0},type=everlatweaker:everla_boss_gfb_2] at @s if score @s phase1crossbullet matches 200 run execute as @p[distance=..60] at @s run function everlatweaker:instakill_lightning\nexecute as @e[scores={gapplelang=0,xeloclang=0},type=everlatweaker:everla_boss_gfb_2] at @s if score @s phase1crossbullet matches 200 run tellraw @p[distance=..60] {\"color\":\"red\",\"text\":\"<EverlaPrismerAya> 死死死死死死！！！！\"} \nexecute as @e[scores={gapplelang=0,xeloclang=0},type=everlatweaker:everla_boss_gfb_2] at @s if score @s phase1crossbullet matches 200 run execute as @p[distance=..60] at @s run playsound everlatweaker:gohell hostile @s\nexecute as @e[scores={gapplelang=0,xeloclang=0},type=everlatweaker:everla_boss_gfb_2] at @s if score @s phase1crossbullet matches 220 run execute as @a[distance=..60] at @s run summon everlatweaker:lightning_pos\nexecute as @e[scores={gapplelang=0,xeloclang=0},type=everlatweaker:everla_boss_gfb_2] at @s if score @s phase1crossbullet matches 220 run tellraw @p[distance=..60] {\"color\":\"red\",\"text\":\"<EverlaPrismerAya> 你放屁！！！\"} \nexecute as @e[scores={gapplelang=0,xeloclang=0},type=everlatweaker:everla_boss_gfb_2] at @s if score @s phase1crossbullet matches 220 run execute as @p[distance=..60] at @s run playsound everlatweaker:bullshit hostile @s\nexecute as @e[scores={gapplelang=0,xeloclang=0},type=everlatweaker:everla_boss_gfb_2] at @s if score @s phase1crossbullet matches 240 run execute as @p[distance=..60] at @s run playsound everlatweaker:lightning_storm hostile @s\nexecute as @e[scores={gapplelang=0,xeloclang=0},type=everlatweaker:everla_boss_gfb_2] at @s if score @s phase1crossbullet matches 240 run execute as @p[distance=..60] at @s run function everlatweaker:cross_lightning_func_1\nexecute as @e[scores={gapplelang=0,xeloclang=0},type=everlatweaker:everla_boss_gfb_2] at @s if score @s phase1crossbullet matches 240 run tellraw @p[distance=..60] {\"color\":\"red\",\"text\":\"<EverlaPrismerAya> 闪电旋风劈！！！\"} \nexecute as @e[scores={gapplelang=0,xeloclang=0},type=everlatweaker:everla_boss_gfb_2] at @s if score @s phase1crossbullet matches 250 run execute as @p[distance=..60] at @s run function everlatweaker:cross_lightning_func_1\nexecute as @e[scores={gapplelang=0,xeloclang=0},type=everlatweaker:everla_boss_gfb_2] at @s if score @s phase1crossbullet matches 250 run tellraw @p[distance=..60] {\"color\":\"red\",\"text\":\"<EverlaPrismerAya> 闪电旋风劈！！！\"} \nexecute as @e[scores={gapplelang=0,xeloclang=0},type=everlatweaker:everla_boss_gfb_2] at @s if score @s phase1crossbullet matches 250 run execute as @p[distance=..60] at @s run playsound everlatweaker:lightning_storm hostile @s\nexecute as @e[scores={gapplelang=0,xeloclang=0},type=everlatweaker:everla_boss_gfb_2] at @s if score @s phase1crossbullet matches 260 run execute as @p[distance=..60] at @s run function everlatweaker:cross_lightning_func_1\nexecute as @e[scores={gapplelang=0,xeloclang=0},type=everlatweaker:everla_boss_gfb_2] at @s if score @s phase1crossbullet matches 260 run tellraw @p[distance=..60] {\"color\":\"red\",\"text\":\"<EverlaPrismerAya> 闪电旋风劈！！！\"} \nexecute as @e[scores={gapplelang=0,xeloclang=0},type=everlatweaker:everla_boss_gfb_2] at @s if score @s phase1crossbullet matches 260 run execute as @p[distance=..60] at @s run playsound everlatweaker:lightning_storm hostile @s\nexecute as @e[scores={gapplelang=0,xeloclang=0},type=everlatweaker:everla_boss_gfb_2] at @s if score @s phase1crossbullet matches 270 run execute as @p[distance=..60] at @s run function everlatweaker:cross_lightning_func_1\nexecute as @e[scores={gapplelang=0,xeloclang=0},type=everlatweaker:everla_boss_gfb_2] at @s if score @s phase1crossbullet matches 270 run tellraw @p[distance=..60] {\"color\":\"red\",\"text\":\"<EverlaPrismerAya> 闪电旋风劈！！！\"} \nexecute as @e[scores={gapplelang=0,xeloclang=0},type=everlatweaker:everla_boss_gfb_2] at @s if score @s phase1crossbullet matches 270 run execute as @p[distance=..60] at @s run playsound everlatweaker:lightning_storm hostile @s\nexecute as @e[scores={gapplelang=0,xeloclang=0},type=everlatweaker:everla_boss_gfb_2] at @s if score @s phase1crossbullet matches 280 run execute as @p[distance=..60] at @s run function everlatweaker:cross_lightning_func_1\nexecute as @e[scores={gapplelang=0,xeloclang=0},type=everlatweaker:everla_boss_gfb_2] at @s if score @s phase1crossbullet matches 280 run tellraw @p[distance=..60] {\"color\":\"red\",\"text\":\"<EverlaPrismerAya> 闪电旋风劈！！！\"} \nexecute as @e[scores={gapplelang=0,xeloclang=0},type=everlatweaker:everla_boss_gfb_2] at @s if score @s phase1crossbullet matches 280 run execute as @p[distance=..60] at @s run playsound everlatweaker:lightning_storm hostile @s\nexecute as @e[scores={gapplelang=0,xeloclang=0},type=everlatweaker:everla_boss_gfb_2] at @s if score @s phase1crossbullet matches 280 run tellraw @p[distance=..60] {\"color\":\"red\",\"text\":\"<EverlaPrismerAya> 闪电旋风劈！！！\"} \nexecute as @e[scores={gapplelang=0,xeloclang=0},type=everlatweaker:everla_boss_gfb_2] at @s if score @s phase1crossbullet matches 300 run execute as @p[distance=..60] at @s run function everlatweaker:e_zrain\nexecute as @e[scores={gapplelang=0,xeloclang=0},type=everlatweaker:everla_boss_gfb_2] at @s if score @s phase1crossbullet matches 300 run execute as @p[distance=..60] at @s positioned ~ ~ ~18 run function everlatweaker:ns_rain\nexecute as @e[scores={gapplelang=0,xeloclang=0},type=everlatweaker:everla_boss_gfb_2] at @s if score @s phase1crossbullet matches 300 run tellraw @p[distance=..60] {\"color\":\"red\",\"text\":\"<EverlaPrismerAya> 哈利路大旋风！！！\"}\nexecute as @e[scores={gapplelang=0,xeloclang=0},type=everlatweaker:everla_boss_gfb_2] at @s if score @s phase1crossbullet matches 300 run execute as @p[distance=..60] at @s run playsound everlatweaker:harryroad_cyclone hostile @s\nexecute as @e[scores={gapplelang=0,xeloclang=0},type=everlatweaker:everla_boss_gfb_2] at @s if score @s phase1crossbullet matches 310 run execute as @p[distance=..60] at @s run function everlatweaker:e_zrain\nexecute as @e[scores={gapplelang=0,xeloclang=0},type=everlatweaker:everla_boss_gfb_2] at @s if score @s phase1crossbullet matches 310 run execute as @p[distance=..60] at @s positioned ~18 ~ ~ run function everlatweaker:ew_rain\nexecute as @e[scores={gapplelang=0,xeloclang=0},type=everlatweaker:everla_boss_gfb_2] at @s if score @s phase1crossbullet matches 310 run tellraw @p[distance=..60] {\"color\":\"red\",\"text\":\"<EverlaPrismerAya> 哈利路大旋风！！！\"} \nexecute as @e[scores={gapplelang=0,xeloclang=0},type=everlatweaker:everla_boss_gfb_2] at @s if score @s phase1crossbullet matches 310 run execute as @p[distance=..60] at @s run playsound everlatweaker:harryroad_cyclone hostile @s\nexecute as @e[scores={gapplelang=0,xeloclang=0},type=everlatweaker:everla_boss_gfb_2] at @s if score @s phase1crossbullet matches 320 run execute as @p[distance=..60] at @s run function everlatweaker:e_zrain\nexecute as @e[scores={gapplelang=0,xeloclang=0},type=everlatweaker:everla_boss_gfb_2] at @s if score @s phase1crossbullet matches 320 run execute as @p[distance=..60] at @s positioned ~ ~ ~18 run function everlatweaker:ns_rain\nexecute as @e[scores={gapplelang=0,xeloclang=0},type=everlatweaker:everla_boss_gfb_2] at @s if score @s phase1crossbullet matches 320 run tellraw @p[distance=..60] {\"color\":\"red\",\"text\":\"<EverlaPrismerAya> 哈利路大旋风！！！\"} \nexecute as @e[scores={gapplelang=0,xeloclang=0},type=everlatweaker:everla_boss_gfb_2] at @s if score @s phase1crossbullet matches 320 run execute as @p[distance=..60] at @s run playsound everlatweaker:harryroad_cyclone hostile @s\nexecute as @e[scores={gapplelang=0,xeloclang=0},type=everlatweaker:everla_boss_gfb_2] at @s if score @s phase1crossbullet matches 330 run execute as @p[distance=..60] at @s run function everlatweaker:e_zrain\nexecute as @e[scores={gapplelang=0,xeloclang=0},type=everlatweaker:everla_boss_gfb_2] at @s if score @s phase1crossbullet matches 330 run execute as @p[distance=..60] at @s positioned ~18 ~ ~ run function everlatweaker:ew_rain\nexecute as @e[scores={gapplelang=0,xeloclang=0},type=everlatweaker:everla_boss_gfb_2] at @s if score @s phase1crossbullet matches 330 run tellraw @p[distance=..60] {\"color\":\"red\",\"text\":\"<EverlaPrismerAya> 哈利路大旋风！！！\"} \nexecute as @e[scores={gapplelang=0,xeloclang=0},type=everlatweaker:everla_boss_gfb_2] at @s if score @s phase1crossbullet matches 330 run execute as @p[distance=..60] at @s run playsound everlatweaker:harryroad_cyclone hostile @s\nexecute as @e[scores={gapplelang=0,xeloclang=0},type=everlatweaker:everla_boss_gfb_2] at @s if score @s phase1crossbullet matches 340 run execute as @p[distance=..60] at @s run function everlatweaker:e_zrain\nexecute as @e[scores={gapplelang=0,xeloclang=0},type=everlatweaker:everla_boss_gfb_2] at @s if score @s phase1crossbullet matches 340 run execute as @p[distance=..60] at @s positioned ~ ~ ~18 run function everlatweaker:ns_rain\nexecute as @e[scores={gapplelang=0,xeloclang=0},type=everlatweaker:everla_boss_gfb_2] at @s if score @s phase1crossbullet matches 340 run tellraw @p[distance=..60] {\"color\":\"red\",\"text\":\"<EverlaPrismerAya> 哈利路大旋风！！！\"} \nexecute as @e[scores={gapplelang=0,xeloclang=0},type=everlatweaker:everla_boss_gfb_2] at @s if score @s phase1crossbullet matches 340 run execute as @p[distance=..60] at @s run playsound everlatweaker:harryroad_cyclone hostile @s\nexecute as @e[scores={gapplelang=0,xeloclang=0},type=everlatweaker:everla_boss_gfb_2] at @s if score @s phase1crossbullet matches 350 run execute as @p[distance=..60] at @s run function everlatweaker:e_zrain\nexecute as @e[scores={gapplelang=0,xeloclang=0},type=everlatweaker:everla_boss_gfb_2] at @s if score @s phase1crossbullet matches 350 run execute as @p[distance=..60] at @s positioned ~18 ~ ~ run function everlatweaker:ew_rain\nexecute as @e[scores={gapplelang=0,xeloclang=0},type=everlatweaker:everla_boss_gfb_2] at @s if score @s phase1crossbullet matches 350 run tellraw @p[distance=..60] {\"color\":\"red\",\"text\":\"<EverlaPrismerAya> 哈利路大旋风！！！\"} \nexecute as @e[scores={gapplelang=0,xeloclang=0},type=everlatweaker:everla_boss_gfb_2] at @s if score @s phase1crossbullet matches 350 run execute as @p[distance=..60] at @s run playsound everlatweaker:harryroad_cyclone hostile @s\nexecute as @e[scores={gapplelang=0,xeloclang=0},type=everlatweaker:everla_boss_gfb_2] at @s if score @s phase1crossbullet matches 360 run execute as @p[distance=..60] at @s run function everlatweaker:e_zrain\nexecute as @e[scores={gapplelang=0,xeloclang=0},type=everlatweaker:everla_boss_gfb_2] at @s if score @s phase1crossbullet matches 360 run execute as @p[distance=..60] at @s positioned ~18 ~ ~ run function everlatweaker:ew_rain\nexecute as @e[scores={gapplelang=0,xeloclang=0},type=everlatweaker:everla_boss_gfb_2] at @s if score @s phase1crossbullet matches 360 run tellraw @p[distance=..60] {\"color\":\"red\",\"text\":\"<EverlaPrismerAya> 哈利路大旋风！！！\"} \nexecute as @e[scores={gapplelang=0,xeloclang=0},type=everlatweaker:everla_boss_gfb_2] at @s if score @s phase1crossbullet matches 360 run execute as @p[distance=..60] at @s run playsound everlatweaker:harryroad_cyclone hostile @s\nexecute as @e[scores={gapplelang=0,xeloclang=0},type=everlatweaker:everla_boss_gfb_2] at @s if score @s phase1crossbullet matches 370 run execute as @p[distance=..60] at @s run function everlatweaker:e_zrain\nexecute as @e[scores={gapplelang=0,xeloclang=0},type=everlatweaker:everla_boss_gfb_2] at @s if score @s phase1crossbullet matches 370 run execute as @p[distance=..60] at @s positioned ~18 ~ ~ run function everlatweaker:ew_rain\nexecute as @e[scores={gapplelang=0,xeloclang=0},type=everlatweaker:everla_boss_gfb_2] at @s if score @s phase1crossbullet matches 370 run tellraw @p[distance=..60] {\"color\":\"red\",\"text\":\"<EverlaPrismerAya> 哈利路大旋风！！！\"} \nexecute as @e[scores={gapplelang=0,xeloclang=0},type=everlatweaker:everla_boss_gfb_2] at @s if score @s phase1crossbullet matches 370 run execute as @p[distance=..60] at @s run playsound everlatweaker:harryroad_cyclone hostile @s\nexecute as @e[scores={gapplelang=0,xeloclang=0},type=everlatweaker:everla_boss_gfb_2] at @s if score @s phase1crossbullet matches 380 run execute as @p[distance=..60] at @s run function everlatweaker:e_zrain\nexecute as @e[scores={gapplelang=0,xeloclang=0},type=everlatweaker:everla_boss_gfb_2] at @s if score @s phase1crossbullet matches 380 run execute as @p[distance=..60] at @s positioned ~18 ~ ~ run function everlatweaker:ew_rain\nexecute as @e[scores={gapplelang=0,xeloclang=0},type=everlatweaker:everla_boss_gfb_2] at @s if score @s phase1crossbullet matches 380 run tellraw @p[distance=..60] {\"color\":\"red\",\"text\":\"<EverlaPrismerAya> 你知道为什么你家开个马场挂个牌子写着禁止投喂吗？因为你的马习惯了被草饲！！！\"} \nexecute as @e[scores={gapplelang=0,xeloclang=0},type=everlatweaker:everla_boss_gfb_2] at @s if score @s phase1crossbullet matches 381.. run scoreboard players set @s phase1crossbullet 0",
    "name": "everla_gfb_phase_2",
    "namespace": "mod"
  }
}