{
  "_fv": 47,
  "_type": "function",
  "definition": {
    "code": "scoreboard players add @e[scores={gapplelang=0,xeloclang=0},type=everlatweaker:everla_boss_gfb_0] phase1crossbullet 1\nexecute as @e[scores={gapplelang=0,xeloclang=0},type=everlatweaker:everla_boss_gfb_0] at @s if score @s phase1crossbullet matches 20 run execute as @p[distance=..60] at @s run playsound everlatweaker:waaooo hostile @s\nexecute as @e[scores={gapplelang=0,xeloclang=0},type=everlatweaker:everla_boss_gfb_0] at @s if score @s phase1crossbullet matches 20 run tellraw @p[distance=..60] {\"color\":\"white\",\"text\":\"<EverlaPrismerAya> 什么？你看看你手上拿的什么几把玩意\"} \nexecute as @e[scores={gapplelang=0,xeloclang=0},type=everlatweaker:everla_boss_gfb_0] at @s if score @s phase1crossbullet matches 60 run tellraw @p[distance=..60] {\"color\":\"white\",\"text\":\"<EverlaPrismerAya> 想用这个来召唤我？然后给你挑战？\"} \nexecute as @e[scores={gapplelang=0,xeloclang=0},type=everlatweaker:everla_boss_gfb_0] at @s if score @s phase1crossbullet matches 80 run tellraw @p[distance=..60] {\"color\":\"white\",\"text\":\"<EverlaPrismerAya> 诶他奶奶的\"} \nexecute as @e[scores={gapplelang=0,xeloclang=0},type=everlatweaker:everla_boss_gfb_0] at @s if score @s phase1crossbullet matches 80 run execute as @p[distance=..60] at @s run playsound everlatweaker:tnnd hostile @s\nexecute as @e[scores={gapplelang=0,xeloclang=0},type=everlatweaker:everla_boss_gfb_0] at @s if score @s phase1crossbullet matches 120 run tellraw @p[distance=..60] {\"color\":\"white\",\"text\":\"<EverlaPrismerAya> 你知道我对这玩意过敏吧\"} \nexecute as @e[scores={gapplelang=0,xeloclang=0},type=everlatweaker:everla_boss_gfb_0] at @s if score @s phase1crossbullet matches 160 run tellraw @p[distance=..60] {\"color\":\"white\",\"text\":\"<EverlaPrismerAya> 即使这样还要强塞我对吧\"} \nexecute as @e[scores={gapplelang=0,xeloclang=0},type=everlatweaker:everla_boss_gfb_0] at @s if score @s phase1crossbullet matches 180 run tellraw @p[distance=..60] {\"color\":\"white\",\"text\":\"<EverlaPrismerAya> 所以说\"} \nexecute as @e[scores={gapplelang=0,xeloclang=0},type=everlatweaker:everla_boss_gfb_0] at @s if score @s phase1crossbullet matches 200 run tellraw @p[distance=..60] {\"color\":\"white\",\"text\":\"<EverlaPrismerAya> 我草拟吗\"} \nexecute as @e[scores={gapplelang=0,xeloclang=0},type=everlatweaker:everla_boss_gfb_0] at @s if score @s phase1crossbullet matches 200 run execute as @p[distance=..60] at @s run playsound everlatweaker:fuckyou hostile @s\nexecute as @e[scores={gapplelang=0,xeloclang=0},type=everlatweaker:everla_boss_gfb_0] at @s if score @s phase1crossbullet matches 240 run tellraw @p[distance=..60] {\"color\":\"white\",\"text\":\"<EverlaPrismerAya> 光神武装，起洞！\"} \nexecute as @e[scores={gapplelang=0,xeloclang=0},type=everlatweaker:everla_boss_gfb_0] at @s if score @s phase1crossbullet matches 240 run execute as @p[distance=..60] at @s run playsound everlatweaker:genshin_start hostile @s\nexecute as @e[scores={gapplelang=0,xeloclang=0},type=everlatweaker:everla_boss_gfb_0] at @s if score @s phase1crossbullet matches 281.. run kill @s",
    "name": "everla_gfb_phase_0",
    "namespace": "mod"
  }
}