{
  "_fv": 47,
  "_type": "function",
  "definition": {
    "code": "scoreboard objectives add memesign dummy\nscoreboard players remove @e[type=everlatweaker:everla_boss_gfb_final,scores={memesign=1..}] memesign 1\n\nscoreboard players set @e[type=everlatweaker:everla_boss_gfb_final,tag=!memed,limit=1,sort=nearest] memesign 1200\nexecute as @e[type=everlatweaker:everla_boss_gfb_final,tag=!memed,limit=1,sort=nearest] at @s run tellraw @p[distance=..60] {\"color\":\"white\",\"text\":\"<EverlaPrismerAya> 你准备好被苦心志劳筋骨饿体肤空乏身行拂乱所为了吗？\"} \nexecute as @e[type=everlatweaker:everla_boss_gfb_final,tag=!memed,limit=1,sort=nearest] at @s run execute as @a[distance=..40] at @s run playsound everlatweaker:gfbfinalbgm music @s ~ ~ ~\nexecute as @e[type=everlatweaker:everla_boss_gfb_final,tag=!memed,limit=1,sort=nearest] at @s run tp @e[type=everlatweaker:you_cant_escape,limit=1,sort=nearest]\ntag @e[type=everlatweaker:everla_boss_gfb_final,tag=!memed,limit=1,sort=nearest] add memed\n\nexecute as @e[scores={gapplelang=0,xeloclang=0,memesign=1..},type=everlatweaker:everla_boss_gfb_final] at @s if score @s memesign matches 1200 run execute positioned ~ ~-1 ~15 run function everlatweaker:cross_lightning_func_1\nexecute as @e[scores={gapplelang=0,xeloclang=0,memesign=1..},type=everlatweaker:everla_boss_gfb_final] at @s if score @s memesign matches 1200 run execute positioned ~ ~-1 ~-15 run function everlatweaker:cross_lightning_func_1\nexecute as @e[scores={gapplelang=0,xeloclang=0,memesign=1..},type=everlatweaker:everla_boss_gfb_final] at @s if score @s memesign matches 1200 run execute positioned ~15 ~-1 ~ run function everlatweaker:cross_lightning_func_1\nexecute as @e[scores={gapplelang=0,xeloclang=0,memesign=1..},type=everlatweaker:everla_boss_gfb_final] at @s if score @s memesign matches 1200 run execute positioned ~-15 ~-1 ~ run function everlatweaker:cross_lightning_func_1\n\nexecute as @e[scores={gapplelang=0,xeloclang=0,memesign=1..},type=everlatweaker:everla_boss_gfb_final] at @s if score @s memesign matches 1160 run execute positioned ~15 ~-1 ~15 run function everlatweaker:cross_lightning_func_1\nexecute as @e[scores={gapplelang=0,xeloclang=0,memesign=1..},type=everlatweaker:everla_boss_gfb_final] at @s if score @s memesign matches 1160 run execute positioned ~-15 ~-1 ~-15 run function everlatweaker:cross_lightning_func_1\nexecute as @e[scores={gapplelang=0,xeloclang=0,memesign=1..},type=everlatweaker:everla_boss_gfb_final] at @s if score @s memesign matches 1160 run execute positioned ~15 ~-1 ~-15 run function everlatweaker:cross_lightning_func_1\nexecute as @e[scores={gapplelang=0,xeloclang=0,memesign=1..},type=everlatweaker:everla_boss_gfb_final] at @s if score @s memesign matches 1160 run execute positioned ~-15 ~-1 ~15 run function everlatweaker:cross_lightning_func_1\n\nexecute as @e[scores={gapplelang=0,xeloclang=0,memesign=1..},type=everlatweaker:everla_boss_gfb_final] at @s if score @s memesign matches 1120 run execute positioned ~ ~-1 ~15 run function everlatweaker:cross_lightning_func_1\nexecute as @e[scores={gapplelang=0,xeloclang=0,memesign=1..},type=everlatweaker:everla_boss_gfb_final] at @s if score @s memesign matches 1120 run execute positioned ~ ~-1 ~-15 run function everlatweaker:cross_lightning_func_1\nexecute as @e[scores={gapplelang=0,xeloclang=0,memesign=1..},type=everlatweaker:everla_boss_gfb_final] at @s if score @s memesign matches 1120 run execute positioned ~15 ~-1 ~ run function everlatweaker:cross_lightning_func_1\nexecute as @e[scores={gapplelang=0,xeloclang=0,memesign=1..},type=everlatweaker:everla_boss_gfb_final] at @s if score @s memesign matches 1120 run execute positioned ~-15 ~-1 ~ run function everlatweaker:cross_lightning_func_1\n\nexecute as @e[scores={gapplelang=0,xeloclang=0,memesign=1..},type=everlatweaker:everla_boss_gfb_final] at @s if score @s memesign matches 1080 run execute positioned ~15 ~-1 ~15 run function everlatweaker:cross_lightning_func_1\nexecute as @e[scores={gapplelang=0,xeloclang=0,memesign=1..},type=everlatweaker:everla_boss_gfb_final] at @s if score @s memesign matches 1080 run execute positioned ~-15 ~-1 ~-15 run function everlatweaker:cross_lightning_func_1\nexecute as @e[scores={gapplelang=0,xeloclang=0,memesign=1..},type=everlatweaker:everla_boss_gfb_final] at @s if score @s memesign matches 1080 run execute positioned ~15 ~-1 ~-15 run function everlatweaker:cross_lightning_func_1\nexecute as @e[scores={gapplelang=0,xeloclang=0,memesign=1..},type=everlatweaker:everla_boss_gfb_final] at @s if score @s memesign matches 1080 run execute positioned ~-15 ~-1 ~15 run function everlatweaker:cross_lightning_func_1\n\nexecute as @e[scores={gapplelang=0,xeloclang=0,memesign=1..},type=everlatweaker:everla_boss_gfb_final] at @s if score @s memesign matches 1040 run execute positioned ~ ~-1 ~15 run function everlatweaker:cross_lightning_func_1\nexecute as @e[scores={gapplelang=0,xeloclang=0,memesign=1..},type=everlatweaker:everla_boss_gfb_final] at @s if score @s memesign matches 1040 run execute positioned ~ ~-1 ~-15 run function everlatweaker:cross_lightning_func_1\nexecute as @e[scores={gapplelang=0,xeloclang=0,memesign=1..},type=everlatweaker:everla_boss_gfb_final] at @s if score @s memesign matches 1040 run execute positioned ~15 ~-1 ~ run function everlatweaker:cross_lightning_func_1\nexecute as @e[scores={gapplelang=0,xeloclang=0,memesign=1..},type=everlatweaker:everla_boss_gfb_final] at @s if score @s memesign matches 1040 run execute positioned ~-15 ~-1 ~ run function everlatweaker:cross_lightning_func_1\n\nexecute as @e[scores={gapplelang=0,xeloclang=0,memesign=1..},type=everlatweaker:everla_boss_gfb_final] at @s if score @s memesign matches 1000 run execute positioned ~15 ~-1 ~15 run function everlatweaker:cross_lightning_func_1\nexecute as @e[scores={gapplelang=0,xeloclang=0,memesign=1..},type=everlatweaker:everla_boss_gfb_final] at @s if score @s memesign matches 1000 run execute positioned ~-15 ~-1 ~-15 run function everlatweaker:cross_lightning_func_1\nexecute as @e[scores={gapplelang=0,xeloclang=0,memesign=1..},type=everlatweaker:everla_boss_gfb_final] at @s if score @s memesign matches 1000 run execute positioned ~15 ~-1 ~-15 run function everlatweaker:cross_lightning_func_1\nexecute as @e[scores={gapplelang=0,xeloclang=0,memesign=1..},type=everlatweaker:everla_boss_gfb_final] at @s if score @s memesign matches 1000 run execute positioned ~-15 ~-1 ~15 run function everlatweaker:cross_lightning_func_1\n\nexecute as @e[scores={gapplelang=0,xeloclang=0,memesign=1..},type=everlatweaker:everla_boss_gfb_final] at @s if score @s memesign matches 960 run execute positioned ~ ~-1 ~15 run function everlatweaker:cross_lightning_func_1\nexecute as @e[scores={gapplelang=0,xeloclang=0,memesign=1..},type=everlatweaker:everla_boss_gfb_final] at @s if score @s memesign matches 960 run execute positioned ~ ~-1 ~-15 run function everlatweaker:cross_lightning_func_1\nexecute as @e[scores={gapplelang=0,xeloclang=0,memesign=1..},type=everlatweaker:everla_boss_gfb_final] at @s if score @s memesign matches 960 run execute positioned ~15 ~-1 ~ run function everlatweaker:cross_lightning_func_1\nexecute as @e[scores={gapplelang=0,xeloclang=0,memesign=1..},type=everlatweaker:everla_boss_gfb_final] at @s if score @s memesign matches 960 run execute positioned ~-15 ~-1 ~ run function everlatweaker:cross_lightning_func_1\n\nexecute as @e[scores={gapplelang=0,xeloclang=0,memesign=1..},type=everlatweaker:everla_boss_gfb_final] at @s if score @s memesign matches 920 run execute positioned ~15 ~-1 ~15 run function everlatweaker:cross_lightning_func_1\nexecute as @e[scores={gapplelang=0,xeloclang=0,memesign=1..},type=everlatweaker:everla_boss_gfb_final] at @s if score @s memesign matches 920 run execute positioned ~-15 ~-1 ~-15 run function everlatweaker:cross_lightning_func_1\nexecute as @e[scores={gapplelang=0,xeloclang=0,memesign=1..},type=everlatweaker:everla_boss_gfb_final] at @s if score @s memesign matches 920 run execute positioned ~15 ~-1 ~-15 run function everlatweaker:cross_lightning_func_1\nexecute as @e[scores={gapplelang=0,xeloclang=0,memesign=1..},type=everlatweaker:everla_boss_gfb_final] at @s if score @s memesign matches 920 run execute positioned ~-15 ~-1 ~15 run function everlatweaker:cross_lightning_func_1\n\nexecute as @e[scores={gapplelang=0,xeloclang=0,memesign=1..},type=everlatweaker:everla_boss_gfb_final] at @s if score @s memesign matches 1100 run summon everlatweaker:jsdtqhj ~ ~ ~ {Tags:[\"summoned_by_everla_gfb\",\"orbit_left\"]}\nexecute as @e[scores={gapplelang=0,xeloclang=0,memesign=1..},type=everlatweaker:everla_boss_gfb_final] at @s if score @s memesign matches 1100 run summon everlatweaker:jsdtqhj ~ ~ ~ {Tags:[\"summoned_by_everla_gfb\",\"orbit_right\"]}\nexecute as @e[scores={gapplelang=0,xeloclang=0,memesign=1..},type=everlatweaker:everla_boss_gfb_final] at @s if score @s memesign matches 900 run summon everlatweaker:jsdtqhj ~ ~ ~ {Tags:[\"summoned_by_everla_gfb\",\"follow\"]}\nexecute as @e[scores={gapplelang=0,xeloclang=0,memesign=1..},type=everlatweaker:everla_boss_gfb_final] at @s if score @s memesign matches 1100 run tellraw @p[distance=..60] {\"color\":\"white\",\"text\":\"<EverlaPrismerAya> 我的朋友，超乎你的想象！\"} \n\nexecute as @e[scores={gapplelang=0,xeloclang=0,memesign=1..},type=everlatweaker:everla_boss_gfb_final] at @s if score @s memesign matches 2..900 run summon everlatweaker:gfb_final_atk ^ ^ ^33\nexecute as @e[scores={gapplelang=0,xeloclang=0,memesign=1..},type=everlatweaker:everla_boss_gfb_final] at @s if score @s memesign matches 2..900 run execute as @e[type=everlatweaker:gfb_final_atk,tag=!spawned,limit=1,sort=nearest] at @s run execute facing entity @e[type=everlatweaker:everla_boss_gfb_final,limit=1,sort=nearest] feet run tp ~ ~ ~\nexecute as @e[scores={gapplelang=0,xeloclang=0,memesign=1..},type=everlatweaker:everla_boss_gfb_final] at @s if score @s memesign matches 2..900 run execute as @e[type=everlatweaker:gfb_final_atk,tag=!spawned,limit=1,sort=nearest] at @s run tag @s add spawned\n\nexecute as @e[scores={gapplelang=0,xeloclang=0,memesign=1..},type=everlatweaker:everla_boss_gfb_final] at @s if score @s memesign matches 2..900 run summon everlatweaker:gfb_final_atk ^ ^ ^-33\nexecute as @e[scores={gapplelang=0,xeloclang=0,memesign=1..},type=everlatweaker:everla_boss_gfb_final] at @s if score @s memesign matches 2..900 run execute as @e[type=everlatweaker:gfb_final_atk,tag=!spawned,limit=1,sort=nearest] at @s run execute facing entity @e[type=everlatweaker:everla_boss_gfb_final,limit=1,sort=nearest] feet run tp ~ ~ ~\nexecute as @e[scores={gapplelang=0,xeloclang=0,memesign=1..},type=everlatweaker:everla_boss_gfb_final] at @s if score @s memesign matches 2..900 run execute as @e[type=everlatweaker:gfb_final_atk,tag=!spawned,limit=1,sort=nearest] at @s run tag @s add spawned\n\nexecute as @e[scores={gapplelang=0,xeloclang=0,memesign=1..},type=everlatweaker:everla_boss_gfb_final] at @s if score @s memesign matches 2..900 run summon everlatweaker:gfb_final_atk ^33 ^ ^\nexecute as @e[scores={gapplelang=0,xeloclang=0,memesign=1..},type=everlatweaker:everla_boss_gfb_final] at @s if score @s memesign matches 2..900 run execute as @e[type=everlatweaker:gfb_final_atk,tag=!spawned,limit=1,sort=nearest] at @s run execute facing entity @e[type=everlatweaker:everla_boss_gfb_final,limit=1,sort=nearest] feet run tp ~ ~ ~\nexecute as @e[scores={gapplelang=0,xeloclang=0,memesign=1..},type=everlatweaker:everla_boss_gfb_final] at @s if score @s memesign matches 2..900 run execute as @e[type=everlatweaker:gfb_final_atk,tag=!spawned,limit=1,sort=nearest] at @s run tag @s add spawned\n\nexecute as @e[scores={gapplelang=0,xeloclang=0,memesign=1..},type=everlatweaker:everla_boss_gfb_final] at @s if score @s memesign matches 2..900 run summon everlatweaker:gfb_final_atk ^-33 ^ ^\nexecute as @e[scores={gapplelang=0,xeloclang=0,memesign=1..},type=everlatweaker:everla_boss_gfb_final] at @s if score @s memesign matches 2..900 run execute as @e[type=everlatweaker:gfb_final_atk,tag=!spawned,limit=1,sort=nearest] at @s run execute facing entity @e[type=everlatweaker:everla_boss_gfb_final,limit=1,sort=nearest] feet run tp ~ ~ ~\nexecute as @e[scores={gapplelang=0,xeloclang=0,memesign=1..},type=everlatweaker:everla_boss_gfb_final] at @s if score @s memesign matches 2..900 run execute as @e[type=everlatweaker:gfb_final_atk,tag=!spawned,limit=1,sort=nearest] at @s run tag @s add spawned\n\n\nexecute as @e[type=everlatweaker:gfb_final_atk,tag=spawned] at @s run tp ^ ^ ^0.5\nexecute as @e[type=everlatweaker:gfb_final_atk,tag=spawned] at @s run particle enchanted_hit ~ ~ ~\n\nexecute as @e[type=everlatweaker:gfb_final_atk,tag=spawned] at @s run execute if entity @p[distance=..1.5] run damage @p 300 thorns\nexecute as @e[type=everlatweaker:gfb_final_atk,tag=spawned] at @s run execute if entity @p[distance=..1.5] run kill @s\n\nscoreboard players add @e[type=everlatweaker:gfb_final_atk] bulletspawntime 1\nkill @e[type=everlatweaker:gfb_final_atk,scores={bulletspawntime=130..}]\n\nexecute as @e[type=everlatweaker:jsdtqhj,tag=summoned_by_everla_gfb] at @s run particle minecraft:crit ~ ~1 ~ 0 0 0 0.8 10\nexecute as @e[type=everlatweaker:jsdtqhj,tag=summoned_by_everla_gfb] at @s run damage @r[distance=..3] 300 minecraft:player_attack by @s\n\nexecute as @e[type=everlatweaker:jsdtqhj,tag=follow] at @s run execute facing entity @p[distance=0.5..128] feet run tp ^ ^ ^0.2\n\nexecute as @e[type=everlatweaker:jsdtqhj] at @s run tp @s ~ ~ ~ ~30 ~\nexecute as @e[scores={gapplelang=0,xeloclang=0,memesign=1..},type=everlatweaker:everla_boss_gfb_final] at @s run tp @s ~ ~ ~ ~2 ~\n\nexecute as @e[scores={gapplelang=0,xeloclang=0,memesign=1..},type=everlatweaker:everla_boss_gfb_final] at @s run execute as @e[type=everlatweaker:you_cant_escape,sort=nearest,limit=1,distance=..60] at @s run tp @e[type=everlatweaker:jsdtqhj,distance=..12,tag=orbit_left] ^10 ^ ^\nexecute as @e[scores={gapplelang=0,xeloclang=0,memesign=1..},type=everlatweaker:everla_boss_gfb_final] at @s run execute as @e[type=everlatweaker:you_cant_escape,sort=nearest,limit=1,distance=..60] at @s run tp @e[type=everlatweaker:jsdtqhj,distance=..12,tag=orbit_right] ^-10 ^ ^\n\nexecute as @e[scores={gapplelang=0,xeloclang=0,memesign=1..},type=everlatweaker:everla_boss_gfb_final] at @s if score @s memesign matches 1 run kill @e[distance=..96,type=everlatweaker:jsdtqhj,tag=summoned_by_everla_gfb]\nexecute as @e[scores={gapplelang=0,xeloclang=0,memesign=1..},type=everlatweaker:everla_boss_gfb_final] at @s if score @s memesign matches 1 run tellraw @p[distance=..60] {\"color\":\"white\",\"text\":\"<EverlaPrismerAya> 呃，无论如何，我对此有点厌倦了\"} \n\nscoreboard players add @e[scores={gapplelang=0,xeloclang=0,memesign=0},type=everlatweaker:everla_boss_gfb_final] phase1crossbullet 1\nexecute as @e[scores={gapplelang=0,xeloclang=0,memesign=0},type=everlatweaker:everla_boss_gfb_final] at @s if score @s phase1crossbullet matches 20 run execute as @p[distance=..60] at @s run playsound everlatweaker:noob hostile @s\nexecute as @e[scores={gapplelang=0,xeloclang=0,memesign=0},type=everlatweaker:everla_boss_gfb_final] at @s if score @s phase1crossbullet matches 20 run tellraw @p[distance=..60] {\"color\":\"white\",\"text\":\"<EverlaPrismerAya> 菜就多练\"} \nexecute as @e[scores={gapplelang=0,xeloclang=0,memesign=0},type=everlatweaker:everla_boss_gfb_final] at @s if score @s phase1crossbullet matches 40 run tellraw @p[distance=..60] {\"color\":\"white\",\"text\":\"<EverlaPrismerAya> 输不起就别玩\"} \nexecute as @e[scores={gapplelang=0,xeloclang=0,memesign=0},type=everlatweaker:everla_boss_gfb_final] at @s if score @s phase1crossbullet matches 100 run tellraw @p[distance=..60] {\"color\":\"white\",\"text\":\"<EverlaPrismerAya> 蚁钳是蚁钳，蟹崽是蟹崽\"} \nexecute as @e[scores={gapplelang=0,xeloclang=0,memesign=0},type=everlatweaker:everla_boss_gfb_final] at @s if score @s phase1crossbullet matches 140 run tellraw @p[distance=..60] {\"color\":\"white\",\"text\":\"<EverlaPrismerAya> 你要是一直拿蚁钳当做蟹崽哥们，你怎么不拿你刚出生的时候对比啊\"} \nexecute as @e[scores={gapplelang=0,xeloclang=0,memesign=0},type=everlatweaker:everla_boss_gfb_final] at @s if score @s phase1crossbullet matches 240 run execute as @p[distance=..60] at @s run playsound everlatweaker:storm hostile @s\n\nexecute as @e[scores={gapplelang=0,xeloclang=0,memesign=0},type=everlatweaker:everla_boss_gfb_final] at @s if score @s phase1crossbullet matches 260 run execute at @p run spreadplayers ~ ~ 1 1 false @s\nexecute as @e[scores={gapplelang=0,xeloclang=0,memesign=0},type=everlatweaker:everla_boss_gfb_final] at @s if score @s phase1crossbullet matches 260 run execute anchored eyes positioned ^0.4 ^-0.5 ^-1 run function everlatweaker:murasama/7_murasama\nexecute as @e[scores={gapplelang=0,xeloclang=0,memesign=0},type=everlatweaker:everla_boss_gfb_final] at @s if score @s phase1crossbullet matches 260 run damage @p[distance=..2] 5 generic\nexecute as @e[scores={gapplelang=0,xeloclang=0,memesign=0},type=everlatweaker:everla_boss_gfb_final] at @s if score @s phase1crossbullet matches 280 run execute at @p run spreadplayers ~ ~ 1 1 false @s\nexecute as @e[scores={gapplelang=0,xeloclang=0,memesign=0},type=everlatweaker:everla_boss_gfb_final] at @s if score @s phase1crossbullet matches 280 run execute anchored eyes positioned ^0.4 ^-0.5 ^-1 run function everlatweaker:murasama/1_murasama\nexecute as @e[scores={gapplelang=0,xeloclang=0,memesign=0},type=everlatweaker:everla_boss_gfb_final] at @s if score @s phase1crossbullet matches 280 run damage @p[distance=..2] 5 generic\nexecute as @e[scores={gapplelang=0,xeloclang=0,memesign=0},type=everlatweaker:everla_boss_gfb_final] at @s if score @s phase1crossbullet matches 300 run execute at @p run spreadplayers ~ ~ 1 1 false @s\nexecute as @e[scores={gapplelang=0,xeloclang=0,memesign=0},type=everlatweaker:everla_boss_gfb_final] at @s if score @s phase1crossbullet matches 300 run execute anchored eyes positioned ^0.4 ^-0.5 ^-1 run function everlatweaker:murasama/9_murasama\nexecute as @e[scores={gapplelang=0,xeloclang=0,memesign=0},type=everlatweaker:everla_boss_gfb_final] at @s if score @s phase1crossbullet matches 300 run damage @p[distance=..2] 5 generic\nexecute as @e[scores={gapplelang=0,xeloclang=0,memesign=0},type=everlatweaker:everla_boss_gfb_final] at @s if score @s phase1crossbullet matches 320 run execute at @p run spreadplayers ~ ~ 1 1 false @s\nexecute as @e[scores={gapplelang=0,xeloclang=0,memesign=0},type=everlatweaker:everla_boss_gfb_final] at @s if score @s phase1crossbullet matches 320 run execute anchored eyes positioned ^0.4 ^-0.5 ^-1 run function everlatweaker:murasama/6_murasama\nexecute as @e[scores={gapplelang=0,xeloclang=0,memesign=0},type=everlatweaker:everla_boss_gfb_final] at @s if score @s phase1crossbullet matches 320 run damage @p[distance=..2] 5 generic\nexecute as @e[scores={gapplelang=0,xeloclang=0,memesign=0},type=everlatweaker:everla_boss_gfb_final] at @s if score @s phase1crossbullet matches 340 run execute at @p run spreadplayers ~ ~ 1 1 false @s\nexecute as @e[scores={gapplelang=0,xeloclang=0,memesign=0},type=everlatweaker:everla_boss_gfb_final] at @s if score @s phase1crossbullet matches 340 run execute anchored eyes positioned ^0.4 ^-0.5 ^-1 run function everlatweaker:murasama/8_murasama\nexecute as @e[scores={gapplelang=0,xeloclang=0,memesign=0},type=everlatweaker:everla_boss_gfb_final] at @s if score @s phase1crossbullet matches 340 run damage @p[distance=..2] 5 generic\nexecute as @e[scores={gapplelang=0,xeloclang=0,memesign=0},type=everlatweaker:everla_boss_gfb_final] at @s if score @s phase1crossbullet matches 360 run execute at @p run spreadplayers ~ ~ 1 1 false @s\nexecute as @e[scores={gapplelang=0,xeloclang=0,memesign=0},type=everlatweaker:everla_boss_gfb_final] at @s if score @s phase1crossbullet matches 360 run execute anchored eyes positioned ^0.4 ^-0.5 ^-1 run function everlatweaker:murasama/11_murasama\nexecute as @e[scores={gapplelang=0,xeloclang=0,memesign=0},type=everlatweaker:everla_boss_gfb_final] at @s if score @s phase1crossbullet matches 360 run damage @p[distance=..2] 10 generic\nexecute as @e[scores={gapplelang=0,xeloclang=0,memesign=0},type=everlatweaker:everla_boss_gfb_final] at @s if score @s phase1crossbullet matches 380 run execute at @p run spreadplayers ~ ~ 1 1 false @s\nexecute as @e[scores={gapplelang=0,xeloclang=0,memesign=0},type=everlatweaker:everla_boss_gfb_final] at @s if score @s phase1crossbullet matches 380 run execute anchored eyes positioned ^0.4 ^-0.5 ^-1 run function everlatweaker:murasama/2_murasama\nexecute as @e[scores={gapplelang=0,xeloclang=0,memesign=0},type=everlatweaker:everla_boss_gfb_final] at @s if score @s phase1crossbullet matches 380 run damage @p[distance=..2] 10 generic\nexecute as @e[scores={gapplelang=0,xeloclang=0,memesign=0},type=everlatweaker:everla_boss_gfb_final] at @s if score @s phase1crossbullet matches 400 run execute at @p run spreadplayers ~ ~ 1 1 false @s\nexecute as @e[scores={gapplelang=0,xeloclang=0,memesign=0},type=everlatweaker:everla_boss_gfb_final] at @s if score @s phase1crossbullet matches 400 run execute anchored eyes positioned ^0.4 ^-0.5 ^-1 run function everlatweaker:murasama/7_murasama\nexecute as @e[scores={gapplelang=0,xeloclang=0,memesign=0},type=everlatweaker:everla_boss_gfb_final] at @s if score @s phase1crossbullet matches 400 run damage @p[distance=..2] 10 generic\nexecute as @e[scores={gapplelang=0,xeloclang=0,memesign=0},type=everlatweaker:everla_boss_gfb_final] at @s if score @s phase1crossbullet matches 440 run execute at @p run spreadplayers ~ ~ 1 1 false @s\nexecute as @e[scores={gapplelang=0,xeloclang=0,memesign=0},type=everlatweaker:everla_boss_gfb_final] at @s if score @s phase1crossbullet matches 440 run execute anchored eyes positioned ^0.4 ^-0.5 ^-1 run function everlatweaker:murasama/1_murasama\nexecute as @e[scores={gapplelang=0,xeloclang=0,memesign=0},type=everlatweaker:everla_boss_gfb_final] at @s if score @s phase1crossbullet matches 440 run damage @p[distance=..2] 10 generic\nexecute as @e[scores={gapplelang=0,xeloclang=0,memesign=0},type=everlatweaker:everla_boss_gfb_final] at @s if score @s phase1crossbullet matches 480 run execute at @p run spreadplayers ~ ~ 1 1 false @s\nexecute as @e[scores={gapplelang=0,xeloclang=0,memesign=0},type=everlatweaker:everla_boss_gfb_final] at @s if score @s phase1crossbullet matches 480 run execute anchored eyes positioned ^0.4 ^-0.5 ^-1 run function everlatweaker:murasama/9_murasama\nexecute as @e[scores={gapplelang=0,xeloclang=0,memesign=0},type=everlatweaker:everla_boss_gfb_final] at @s if score @s phase1crossbullet matches 480 run damage @p[distance=..2] 10 generic\nexecute as @e[scores={gapplelang=0,xeloclang=0,memesign=0},type=everlatweaker:everla_boss_gfb_final] at @s if score @s phase1crossbullet matches 500 run execute at @p run spreadplayers ~ ~ 1 1 false @s\nexecute as @e[scores={gapplelang=0,xeloclang=0,memesign=0},type=everlatweaker:everla_boss_gfb_final] at @s if score @s phase1crossbullet matches 500 run execute anchored eyes positioned ^0.4 ^-0.5 ^-1 run function everlatweaker:murasama/6_murasama\nexecute as @e[scores={gapplelang=0,xeloclang=0,memesign=0},type=everlatweaker:everla_boss_gfb_final] at @s if score @s phase1crossbullet matches 500 run damage @p[distance=..2] 10 generic\nexecute as @e[scores={gapplelang=0,xeloclang=0,memesign=0},type=everlatweaker:everla_boss_gfb_final] at @s if score @s phase1crossbullet matches 520 run execute at @p run spreadplayers ~ ~ 1 1 false @s\nexecute as @e[scores={gapplelang=0,xeloclang=0,memesign=0},type=everlatweaker:everla_boss_gfb_final] at @s if score @s phase1crossbullet matches 520 run execute anchored eyes positioned ^0.4 ^-0.5 ^-1 run function everlatweaker:murasama/2_murasama\nexecute as @e[scores={gapplelang=0,xeloclang=0,memesign=0},type=everlatweaker:everla_boss_gfb_final] at @s if score @s phase1crossbullet matches 520 run damage @p[distance=..2] 10 generic\nexecute as @e[scores={gapplelang=0,xeloclang=0,memesign=0},type=everlatweaker:everla_boss_gfb_final] at @s if score @s phase1crossbullet matches 560 run execute at @p run spreadplayers ~ ~ 1 1 false @s\nexecute as @e[scores={gapplelang=0,xeloclang=0,memesign=0},type=everlatweaker:everla_boss_gfb_final] at @s if score @s phase1crossbullet matches 560 run execute anchored eyes positioned ^0.4 ^-0.5 ^-1 run function everlatweaker:murasama/8_murasama\nexecute as @e[scores={gapplelang=0,xeloclang=0,memesign=0},type=everlatweaker:everla_boss_gfb_final] at @s if score @s phase1crossbullet matches 560 run damage @p[distance=..2] 10 generic\nexecute as @e[scores={gapplelang=0,xeloclang=0,memesign=0},type=everlatweaker:everla_boss_gfb_final] at @s if score @s phase1crossbullet matches 600 run execute at @p run spreadplayers ~ ~ 1 1 false @s\nexecute as @e[scores={gapplelang=0,xeloclang=0,memesign=0},type=everlatweaker:everla_boss_gfb_final] at @s if score @s phase1crossbullet matches 600 run execute anchored eyes positioned ^0.4 ^-0.5 ^-1 run function everlatweaker:murasama/11_murasama\nexecute as @e[scores={gapplelang=0,xeloclang=0,memesign=0},type=everlatweaker:everla_boss_gfb_final] at @s if score @s phase1crossbullet matches 600 run damage @p[distance=..2] 10 generic\nexecute as @e[scores={gapplelang=0,xeloclang=0,memesign=0},type=everlatweaker:everla_boss_gfb_final] at @s if score @s phase1crossbullet matches 630 run execute at @p run spreadplayers ~ ~ 1 1 false @s\nexecute as @e[scores={gapplelang=0,xeloclang=0,memesign=0},type=everlatweaker:everla_boss_gfb_final] at @s if score @s phase1crossbullet matches 630 run execute anchored eyes positioned ^0.4 ^-0.5 ^-1 run function everlatweaker:murasama/1_murasama\nexecute as @e[scores={gapplelang=0,xeloclang=0,memesign=0},type=everlatweaker:everla_boss_gfb_final] at @s if score @s phase1crossbullet matches 630 run damage @p[distance=..2] 10 generic\nexecute as @e[scores={gapplelang=0,xeloclang=0,memesign=0},type=everlatweaker:everla_boss_gfb_final] at @s if score @s phase1crossbullet matches 660 run execute at @p run spreadplayers ~ ~ 1 1 false @s\nexecute as @e[scores={gapplelang=0,xeloclang=0,memesign=0},type=everlatweaker:everla_boss_gfb_final] at @s if score @s phase1crossbullet matches 660 run execute anchored eyes positioned ^0.4 ^-0.5 ^-1 run function everlatweaker:murasama/9_murasama\nexecute as @e[scores={gapplelang=0,xeloclang=0,memesign=0},type=everlatweaker:everla_boss_gfb_final] at @s if score @s phase1crossbullet matches 660 run damage @p[distance=..2] 10 generic\nexecute as @e[scores={gapplelang=0,xeloclang=0,memesign=0},type=everlatweaker:everla_boss_gfb_final] at @s if score @s phase1crossbullet matches 690 run execute at @p run spreadplayers ~ ~ 1 1 false @s\nexecute as @e[scores={gapplelang=0,xeloclang=0,memesign=0},type=everlatweaker:everla_boss_gfb_final] at @s if score @s phase1crossbullet matches 690 run execute anchored eyes positioned ^0.4 ^-0.5 ^-1 run function everlatweaker:murasama/6_murasama\nexecute as @e[scores={gapplelang=0,xeloclang=0,memesign=0},type=everlatweaker:everla_boss_gfb_final] at @s if score @s phase1crossbullet matches 690 run damage @p[distance=..2] 10 generic\nexecute as @e[scores={gapplelang=0,xeloclang=0,memesign=0},type=everlatweaker:everla_boss_gfb_final] at @s if score @s phase1crossbullet matches 720 run execute at @p run spreadplayers ~ ~ 1 1 false @s\nexecute as @e[scores={gapplelang=0,xeloclang=0,memesign=0},type=everlatweaker:everla_boss_gfb_final] at @s if score @s phase1crossbullet matches 720 run execute anchored eyes positioned ^0.4 ^-0.5 ^-1 run function everlatweaker:murasama/7_murasama\nexecute as @e[scores={gapplelang=0,xeloclang=0,memesign=0},type=everlatweaker:everla_boss_gfb_final] at @s if score @s phase1crossbullet matches 720 run damage @p[distance=..2] 10 generic\nexecute as @e[scores={gapplelang=0,xeloclang=0,memesign=0},type=everlatweaker:everla_boss_gfb_final] at @s if score @s phase1crossbullet matches 770 run execute at @p run spreadplayers ~ ~ 1 1 false @s\nexecute as @e[scores={gapplelang=0,xeloclang=0,memesign=0},type=everlatweaker:everla_boss_gfb_final] at @s if score @s phase1crossbullet matches 770 run execute anchored eyes positioned ^0.4 ^-0.5 ^-1 run function everlatweaker:murasama/13_murasama\nexecute as @e[scores={gapplelang=0,xeloclang=0,memesign=0},type=everlatweaker:everla_boss_gfb_final] at @s if score @s phase1crossbullet matches 770 run damage @p[distance=..2] 10 generic\nexecute as @e[scores={gapplelang=0,xeloclang=0,memesign=0},type=everlatweaker:everla_boss_gfb_final] at @s if score @s phase1crossbullet matches 800 run execute at @p run spreadplayers ~ ~ 1 1 false @s\nexecute as @e[scores={gapplelang=0,xeloclang=0,memesign=0},type=everlatweaker:everla_boss_gfb_final] at @s if score @s phase1crossbullet matches 800 run execute anchored eyes positioned ^0.4 ^-0.5 ^-1 run function everlatweaker:murasama/11_murasama\nexecute as @e[scores={gapplelang=0,xeloclang=0,memesign=0},type=everlatweaker:everla_boss_gfb_final] at @s if score @s phase1crossbullet matches 800 run damage @p[distance=..2] 10 generic\nexecute as @e[scores={gapplelang=0,xeloclang=0,memesign=0},type=everlatweaker:everla_boss_gfb_final] at @s if score @s phase1crossbullet matches 820 run tellraw @p[distance=..60] {\"text\":\"<EverlaPrismerAya> You should DIE\"}\nexecute as @e[scores={gapplelang=0,xeloclang=0,memesign=0},type=everlatweaker:everla_boss_gfb_final] at @s if score @s phase1crossbullet matches 980 run execute at @p run spreadplayers ~ ~ 1 1 false @s\nexecute as @e[scores={gapplelang=0,xeloclang=0,memesign=0},type=everlatweaker:everla_boss_gfb_final] at @s if score @s phase1crossbullet matches 980 run particle minecraft:flash ~ ~1 ~\nexecute as @e[scores={gapplelang=0,xeloclang=0,memesign=0},type=everlatweaker:everla_boss_gfb_final] at @s if score @s phase1crossbullet matches 980 run particle minecraft:explosion_emitter ~ ~1 ~\nexecute as @e[scores={gapplelang=0,xeloclang=0,memesign=0},type=everlatweaker:everla_boss_gfb_final] at @s if score @s phase1crossbullet matches 980 run give @p[distance=..60] everlatweaker:treassure_gfb\nexecute as @e[scores={gapplelang=0,xeloclang=0,memesign=0},type=everlatweaker:everla_boss_gfb_final] at @s if score @s phase1crossbullet matches 980 run execute as @p[distance=..10] at @s run playsound everlatweaker:metal_pipe hostile @s\nexecute as @e[scores={gapplelang=0,xeloclang=0,memesign=0},type=everlatweaker:everla_boss_gfb_final] at @s if score @s phase1crossbullet matches 980 run execute as @a[distance=..10] run damage @s 9999 generic_kill\nexecute as @e[scores={gapplelang=0,xeloclang=0,memesign=0},type=everlatweaker:everla_boss_gfb_final] at @s if score @s phase1crossbullet matches 980.. run kill @s\n",
    "name": "everla_gfb_phase_final",
    "namespace": "mod"
  }
}