{
  "_fv": 57,
  "_type": "livingentity",
  "definition": {
    "mobName": "Mother Fucker,EverlaPrismerAya",
    "mobLabel": "EverlaPrismerAya",
    "mobModelName": "ModelPlayerModel",
    "mobModelTexture": "leng_meng_.png",
    "solidBoundingBox": {
      "fixedValue": false
    },
    "modelLayers": [
      {
        "model": "Default",
        "texture": "gfboverlay.png",
        "glow": true
      }
    ],
    "modelWidth": 0.5,
    "modelHeight": 1.8,
    "modelShadowSize": 0.5,
    "mountedYOffset": 0.0,
    "hasSpawnEgg": false,
    "spawnEggBaseColor": {
      "value": -1,
      "falpha": 0.0
    },
    "spawnEggDotColor": {
      "value": -1,
      "falpha": 0.0
    },
    "creativeTab": {
      "value": "MISC"
    },
    "isBoss": true,
    "bossBarColor": "WHITE",
    "bossBarType": "PROGRESS",
    "equipmentMainHand": {
      "value": ""
    },
    "equipmentOffHand": {
      "value": ""
    },
    "equipmentHelmet": {
      "value": ""
    },
    "equipmentBody": {
      "value": ""
    },
    "equipmentLeggings": {
      "value": ""
    },
    "equipmentBoots": {
      "value": ""
    },
    "mobBehaviourType": "Mob",
    "mobCreatureType": "UNDEAD",
    "attackStrength": 0,
    "attackKnockback": 0.0,
    "knockbackResistance": 288.0,
    "movementSpeed": 0.0,
    "stepHeight": 0.0,
    "armorBaseValue": 40.0,
    "trackingRange": 64,
    "followRange": 32,
    "health": 135,
    "xpAmount": 0,
    "waterMob": true,
    "breatheUnderwater": {
      "fixedValue": true
    },
    "flyingMob": true,
    "guiBoundTo": "<NONE>",
    "inventorySize": 9,
    "inventoryStackSize": 64,
    "disableCollisions": true,
    "ridable": false,
    "canControlForward": false,
    "canControlStrafe": false,
    "immuneToFire": true,
    "immuneToArrows": true,
    "immuneToFallDamage": true,
    "immuneToCactus": true,
    "immuneToDrowning": true,
    "immuneToLightning": true,
    "immuneToPotions": true,
    "immuneToPlayer": true,
    "immuneToExplosion": true,
    "immuneToTrident": true,
    "immuneToAnvil": true,
    "immuneToWither": true,
    "immuneToDragonBreath": true,
    "mobDrop": {
      "value": ""
    },
    "livingSound": {
      "value": ""
    },
    "hurtSound": {
      "value": "block.amethyst_block.break"
    },
    "deathSound": {
      "value": "CUSTOM:everladeath"
    },
    "stepSound": {
      "value": ""
    },
    "entityDataEntries": [],
    "hasAI": false,
    "aiBase": "(none)",
    "aixml": "<xml xmlns=\"https://developers.google.com/blockly/xml\"><block type=\"aitasks_container\" deletable=\"false\" x=\"40\" y=\"40\"><next><block type=\"attack_on_collide\"><field name=\"speed\">1.2</field><field name=\"longmemory\">FALSE</field><field name=\"condition\">null,null</field><next><block type=\"wander\"><field name=\"speed\">1</field><field name=\"condition\">null,null</field><next><block type=\"attack_action\"><field name=\"callhelp\">FALSE</field><field name=\"condition\">null,null</field><next><block type=\"look_around\"><field name=\"condition\">null,null</field><next><block type=\"swim_in_water\"><field name=\"condition\">null,null</field></block></next></block></next></block></next></block></next></block></next></block></xml>",
    "breedable": false,
    "tameable": false,
    "breedTriggerItems": [],
    "ranged": false,
    "rangedAttackItem": {
      "value": ""
    },
    "rangedItemType": "Default item",
    "rangedAttackInterval": 20,
    "rangedAttackRadius": 10.0,
    "spawnThisMob": false,
    "doesDespawnWhenIdle": false,
    "spawningProbability": 20,
    "mobSpawningType": "monster",
    "minNumberOfMobsPerGroup": 4,
    "maxNumberOfMobsPerGroup": 4,
    "restrictionBiomes": [],
    "spawnInDungeons": false
  }
}