{
  "_fv": 47,
  "_type": "function",
  "definition": {
    "code": "scoreboard objectives add everlatheme2 dummy\nscoreboard players add @a everlatheme2 0\nscoreboard players set @a[scores={everlatheme2=1..},tag=!everlatheme2] everlatheme2 0\nexecute as @a at @s run execute if entity @e[type=everlatweaker:everla_boss_stage_2,distance=..128] run tag @s add everlatheme2\nexecute as @a at @s if score @s everlatheme2 matches 1 run playsound everlatweaker:everlabosstheme2 music @s\nexecute as @a[tag=everlatheme2] run scoreboard players add @s everlatheme2 1\nexecute as @a if score @s everlatheme2 matches 5601.. run scoreboard players set @s everlatheme2 0\nexecute as @a at @s run execute unless entity @e[type=everlatweaker:everla_boss_stage_2,distance=..128] run tag @s remove everlatheme2\nexecute as @a at @s run execute unless entity @e[type=everlatweaker:everla_boss_stage_2,distance=..128] run stopsound @s music everlatweaker:everlabosstheme2",
    "name": "everla_boss_theme_2_play",
    "namespace": "mod"
  }
}