{
  "_fv": 57,
  "_type": "procedure",
  "definition": {
    "procedurexml": "<?xml version=\"1.0\" encoding=\"UTF-8\" standalone=\"no\"?><xml xmlns=\"https://developers.google.com/blockly/xml\"><variables><variable id=\"found\" type=\"Boolean\">found</variable><variable id=\"sx\" type=\"Number\">sx</variable><variable id=\"sy\" type=\"Number\">sy</variable><variable id=\"sz\" type=\"Number\">sz</variable></variables><block deletable=\"false\" type=\"event_trigger\" x=\"-199\" y=\"115\"><field name=\"trigger\">no_ext_trigger</field><next><block type=\"entity_execute_command\"><value name=\"entity\"><block type=\"entity_from_deps\"/></value><value name=\"command\"><block type=\"text\"><field name=\"TEXT\">execute as @p at @s run playsound everlatweaker:gfbhurt master @s ~ ~ ~</field></block></value><next><block type=\"entity_execute_command\"><value name=\"entity\"><block type=\"entity_from_deps\"/></value><value name=\"command\"><block type=\"text\"><field name=\"TEXT\">particle minecraft:end_rod ~ ~1 ~ 0 0 0 0.1 10 normal</field></block></value><next><block type=\"entity_execute_command\"><value name=\"entity\"><block type=\"entity_from_deps\"/></value><value name=\"command\"><block type=\"text\"><field name=\"TEXT\">execute at @p[gamemode=!spectator,distance=..70] run tp @e[type=everlatweaker:everla_boss_gfb_1] ~ ~4 ~</field></block></value><next><block type=\"entity_execute_command\"><value name=\"entity\"><block type=\"entity_from_deps\"/></value><value name=\"command\"><block type=\"text\"><field name=\"TEXT\">spreadplayers ~ ~ 15 15 false @s</field></block></value><next><block type=\"entity_execute_command\"><value name=\"entity\"><block type=\"entity_from_deps\"/></value><value name=\"command\"><block type=\"text\"><field name=\"TEXT\">tp ~ ~7 ~</field></block></value><next><block type=\"controls_if\"><value name=\"IF0\"><block type=\"math_binary_ops\"><field name=\"OP\">LT</field><value name=\"A\"><block type=\"entity_health\"><value name=\"entity\"><block type=\"entity_from_deps\"/></value></block></value><value name=\"B\"><block type=\"math_dual_ops\"><field name=\"OP\">DIVIDE</field><value name=\"A\"><block type=\"entity_health_max\"><value name=\"entity\"><block type=\"entity_from_deps\"/></value></block></value><value name=\"B\"><block type=\"math_number\"><field name=\"NUM\">1.5</field></block></value></block></value></block></value><statement name=\"DO0\"><block type=\"controls_if\"><value name=\"IF0\"><block type=\"logic_negate\"><value name=\"BOOL\"><block type=\"logic_binary_ops\"><field name=\"OP\">EQ</field><value name=\"A\"><block type=\"entity_nbt_logic_get\"><value name=\"entity\"><block type=\"entity_from_deps\"/></value><value name=\"tagName\"><block type=\"text\"><field name=\"TEXT\">SummonedWarden</field></block></value></block></value><value name=\"B\"><block type=\"logic_boolean\"><field name=\"BOOL\">TRUE</field></block></value></block></value></block></value><statement name=\"DO0\"><block type=\"entity_execute_command\"><value name=\"entity\"><block type=\"entity_from_deps\"/></value><value name=\"command\"><block type=\"text\"><field name=\"TEXT\">summon warden ~ ~ ~ {Tags:[\"summoned_by_everla_gfb\"],Brain:{memories:{\"minecraft:dig_cooldown\":{value:{},ttl:4090L}}},CustomName:'{\"text\":\"你爹\"}'}</field></block></value><next><block type=\"entity_execute_command\"><value name=\"entity\"><block type=\"entity_from_deps\"/></value><value name=\"command\"><block type=\"text\"><field name=\"TEXT\">summon warden ~ ~ ~ {Tags:[\"summoned_by_everla_gfb\"],Brain:{memories:{\"minecraft:dig_cooldown\":{value:{},ttl:4090L}}},CustomName:'{\"text\":\"你爹\"}'}</field></block></value><next><block type=\"entity_execute_command\"><value name=\"entity\"><block type=\"entity_from_deps\"/></value><value name=\"command\"><block type=\"text\"><field name=\"TEXT\">summon warden ~ ~ ~ {Tags:[\"summoned_by_everla_gfb\"],Brain:{memories:{\"minecraft:dig_cooldown\":{value:{},ttl:4090L}}},CustomName:'{\"text\":\"你爹\"}'}</field></block></value><next><block type=\"entity_execute_command\"><value name=\"entity\"><block type=\"entity_from_deps\"/></value><value name=\"command\"><block type=\"text\"><field name=\"TEXT\">summon warden ~ ~ ~ {Tags:[\"summoned_by_everla_gfb\"],Brain:{memories:{\"minecraft:dig_cooldown\":{value:{},ttl:4090L}}},CustomName:'{\"text\":\"你爹\"}'}</field></block></value><next><block type=\"entity_execute_command\"><value name=\"entity\"><block type=\"entity_from_deps\"/></value><value name=\"command\"><block type=\"text\"><field name=\"TEXT\">summon warden ~ ~ ~ {Tags:[\"summoned_by_everla_gfb\"],Brain:{memories:{\"minecraft:dig_cooldown\":{value:{},ttl:4090L}}},CustomName:'{\"text\":\"你爹\"}'}</field></block></value><next><block type=\"entity_execute_command\"><value name=\"entity\"><block type=\"entity_from_deps\"/></value><value name=\"command\"><block type=\"text\"><field name=\"TEXT\">tellraw @a[distance=..60] {\"text\":\"&lt;EverlaPrismerAya&gt; 大哥哥们帮帮七叶镜绫吧~\",\"color\":\"light_purple\"}</field></block></value><next><block type=\"entity_nbt_logic_set\"><value name=\"entity\"><block type=\"entity_from_deps\"/></value><value name=\"tagName\"><block type=\"text\"><field name=\"TEXT\">SummonedWarden</field></block></value><value name=\"tagValue\"><block type=\"logic_boolean\"><field name=\"BOOL\">TRUE</field></block></value></block></next></block></next></block></next></block></next></block></next></block></next></block></statement></block></statement><next><block type=\"controls_if\"><value name=\"IF0\"><block type=\"math_binary_ops\"><field name=\"OP\">LT</field><value name=\"A\"><block type=\"entity_health\"><value name=\"entity\"><block type=\"entity_from_deps\"/></value></block></value><value name=\"B\"><block type=\"math_dual_ops\"><field name=\"OP\">DIVIDE</field><value name=\"A\"><block type=\"entity_health_max\"><value name=\"entity\"><block type=\"entity_from_deps\"/></value></block></value><value name=\"B\"><block type=\"math_number\"><field name=\"NUM\">2</field></block></value></block></value></block></value><statement name=\"DO0\"><block type=\"controls_if\"><value name=\"IF0\"><block type=\"logic_negate\"><value name=\"BOOL\"><block type=\"logic_binary_ops\"><field name=\"OP\">EQ</field><value name=\"A\"><block type=\"entity_nbt_logic_get\"><value name=\"entity\"><block type=\"entity_from_deps\"/></value><value name=\"tagName\"><block type=\"text\"><field name=\"TEXT\">HalfHealth</field></block></value></block></value><value name=\"B\"><block type=\"logic_boolean\"><field name=\"BOOL\">TRUE</field></block></value></block></value></block></value><statement name=\"DO0\"><block type=\"entity_nbt_logic_set\"><value name=\"entity\"><block type=\"entity_from_deps\"/></value><value name=\"tagName\"><block type=\"text\"><field name=\"TEXT\">HalfHealth</field></block></value><value name=\"tagValue\"><block type=\"logic_boolean\"><field name=\"BOOL\">TRUE</field></block></value><next><block type=\"entity_execute_command\"><value name=\"entity\"><block type=\"entity_from_deps\"/></value><value name=\"command\"><block type=\"text\"><field name=\"TEXT\">tellraw @a[distance=..60] {\"text\":\"&lt;EverlaPrismerAya&gt; 呜呜呜你欺负人，人家要拿小手枪打你\",\"color\":\"light_purple\"}</field></block></value></block></next></block></statement></block></statement><next><block type=\"controls_if\"><comment h=\"85\" pinned=\"false\" w=\"293\">This example will test if the random number is less than 0.7 (70%). Random numbers range between (0.0 and 1.0). If it is true, then it will run what is in the \"do\" section of the if statement.</comment><value name=\"IF0\"><block type=\"math_binary_ops\"><field name=\"OP\">LT</field><value name=\"A\"><block type=\"math_java_constants\"><field name=\"CONSTANT\">RANDOM</field></block></value><value name=\"B\"><block type=\"math_number\"><field name=\"NUM\">0.5</field></block></value></block></value><statement name=\"DO0\"><block type=\"entity_execute_command\"><value name=\"entity\"><block type=\"entity_from_deps\"/></value><value name=\"command\"><block type=\"text\"><field name=\"TEXT\">tellraw @a[distance=..60] {\"text\":\"&lt;EverlaPrismerAya&gt; 你就这点劲？真是杂鱼呢❤\",\"color\":\"light_purple\"}</field></block></value></block></statement></block></next></block></next></block></next></block></next></block></next></block></next></block></next></block></next></block></xml>"
  }
}