{
  "_fv": 57,
  "_type": "procedure",
  "definition": {
    "procedurexml": "<?xml version=\"1.0\" encoding=\"UTF-8\" standalone=\"no\"?><xml xmlns=\"https://developers.google.com/blockly/xml\"><block deletable=\"false\" type=\"event_trigger\" x=\"40\" y=\"40\"><field name=\"trigger\">no_ext_trigger</field><next><block type=\"entity_execute_command\"><value name=\"entity\"><block type=\"entity_from_deps\"/></value><value name=\"command\"><block type=\"text\"><field name=\"TEXT\">tellraw @a[distance=..128] {\"translate\":\"text.everlatweaker.bosstext0\",\"fallback\":\"EverlaPrismerAya joined the game\",\"color\":\"yellow\"}</field></block></value><next><block type=\"wait\"><value name=\"ticks\"><block type=\"math_number\"><field name=\"NUM\">20</field></block></value><statement name=\"do\"><block type=\"entity_execute_command\"><value name=\"entity\"><block type=\"entity_from_deps\"/></value><value name=\"command\"><block type=\"text\"><field name=\"TEXT\">tellraw @a[distance=..128] {\"translate\":\"text.everlatweaker.bosstext1\",\"fallback\":\"&lt;EverlaPrismerAya&gt; Hello.\"}</field></block></value><next><block type=\"wait\"><value name=\"ticks\"><block type=\"math_number\"><field name=\"NUM\">60</field></block></value><statement name=\"do\"><block type=\"entity_execute_command\"><value name=\"entity\"><block type=\"entity_from_deps\"/></value><value name=\"command\"><block type=\"text\"><field name=\"TEXT\">tellraw @a[distance=..128] {\"translate\":\"text.everlatweaker.bosstext2\",\"fallback\":\"&lt;EverlaPrismerAya&gt; You finally comes here.\"}</field></block></value><next><block type=\"wait\"><value name=\"ticks\"><block type=\"math_number\"><field name=\"NUM\">60</field></block></value><statement name=\"do\"><block type=\"entity_execute_command\"><value name=\"entity\"><block type=\"entity_from_deps\"/></value><value name=\"command\"><block type=\"text\"><field name=\"TEXT\">tellraw @a[distance=..128] {\"translate\":\"text.everlatweaker.bosstext3\",\"fallback\":\"&lt;EverlaPrismerAya&gt; Now,It's the time to start your final challenge.\"}</field></block></value><next><block type=\"wait\"><value name=\"ticks\"><block type=\"math_number\"><field name=\"NUM\">10</field></block></value><statement name=\"do\"><block type=\"entity_execute_command\"><value name=\"entity\"><block type=\"entity_from_deps\"/></value><value name=\"command\"><block type=\"text\"><field name=\"TEXT\">summon everlatweaker:everla_boss_stage_1</field></block></value><next><block type=\"entity_execute_command\"><value name=\"entity\"><block type=\"entity_from_deps\"/></value><value name=\"command\"><block type=\"text\"><field name=\"TEXT\">effect give @e[type=everlatweaker:everla_boss_stage_1,distance=..60] resistance 5 255 true</field></block></value><next><block type=\"entity_despawn\"><value name=\"entity\"><block type=\"entity_from_deps\"/></value></block></next></block></next></block></statement></block></next></block></statement></block></next></block></statement></block></next></block></statement></block></next></block></next></block></xml>"
  }
}