{
  "_fv": 47,
  "_type": "function",
  "definition": {
    "code": "scoreboard objectives add everlatheme4 dummy\nscoreboard players add @a everlatheme4 0\nscoreboard players set @a[scores={everlatheme4=1..},tag=!everlatheme4] everlatheme4 0\nexecute as @a at @s run execute if entity @e[type=everlatweaker:everla_boss_stage_4,distance=..128] run tag @s add everlatheme4\nexecute as @a at @s if score @s everlatheme4 matches 1 run playsound everlatweaker:everlabosstheme4 music @s\nexecute as @a[tag=everlatheme4] run scoreboard players add @s everlatheme4 1\nexecute as @a if score @s everlatheme4 matches 2601.. run scoreboard players set @s everlatheme4 0\nexecute as @a at @s run execute unless entity @e[type=everlatweaker:everla_boss_stage_4,distance=..128] run tag @s remove everlatheme4\nexecute as @a at @s run execute unless entity @e[type=everlatweaker:everla_boss_stage_4,distance=..128] run stopsound @s music everlatweaker:everlabosstheme4",
    "name": "everla_boss_theme_final_play",
    "namespace": "mod"
  }
}