{
  "_fv": 57,
  "_type": "procedure",
  "definition": {
    "procedurexml": "<?xml version=\"1.0\" encoding=\"UTF-8\" standalone=\"no\"?><xml xmlns=\"https://developers.google.com/blockly/xml\"><block deletable=\"false\" type=\"event_trigger\" x=\"40\" y=\"40\"><field name=\"trigger\">no_ext_trigger</field><next><block type=\"entity_execute_command\"><value name=\"entity\"><block type=\"entity_from_deps\"/></value><value name=\"command\"><block type=\"text\"><field name=\"TEXT\">tellraw @a[distance=..128] {\"translate\":\"text.everlatweaker.bossstage4text\",\"fallback\":\"&lt;EverlaPrismerAya&gt; Nice skill.If you survived the next and the slast wave,I will give you the final reward\"}</field></block></value><next><block type=\"entity_execute_command\"><value name=\"entity\"><block type=\"entity_from_deps\"/></value><value name=\"command\"><block type=\"text\"><field name=\"TEXT\">summon everlatweaker:everla_boss_stage_35 ~ ~1 ~</field></block></value><next><block type=\"entity_despawn\"><value name=\"entity\"><block type=\"entity_from_deps\"/></value></block></next></block></next></block></next></block></xml>"
  }
}