{
  "_fv": 47,
  "_type": "function",
  "definition": {
    "code": "scoreboard players add @e[scores={gapplelang=0,xeloclang=0},type=everlatweaker:everla_boss_gfb_1] phase1crossbullet 1\nexecute as @e[scores={gapplelang=0,xeloclang=0},type=everlatweaker:everla_boss_gfb_1] at @s if score @s phase1crossbullet matches 20 run tellraw @p[distance=..60] {\"color\":\"light_purple\",\"text\":\"<EverlaPrismerAya> 阿瓦达啃大瓜！！！\"} \nexecute as @e[scores={gapplelang=0,xeloclang=0},type=everlatweaker:everla_boss_gfb_1,nbt={ForgeData:{HalfHealth:1b}}] at @s if score @s phase1crossbullet matches 20 run execute as @a[distance=..60] at @s run function everlatweaker:gun_summon\nexecute as @e[scores={gapplelang=0,xeloclang=0},type=everlatweaker:everla_boss_gfb_1] at @s if score @s phase1crossbullet matches 20 run execute as @p[distance=..60] at @s run playsound everlatweaker:avada_kedavra hostile @s\nexecute as @e[scores={gapplelang=0,xeloclang=0},type=everlatweaker:everla_boss_gfb_1] at @s if score @s phase1crossbullet matches 20 run execute as @p[distance=..60] at @s run function everlatweaker:avada_kedavra_rain\nexecute as @e[scores={gapplelang=0,xeloclang=0},type=everlatweaker:everla_boss_gfb_1] at @s if score @s phase1crossbullet matches 30 run execute as @p[distance=..60] at @s run function everlatweaker:avada_kedavra_rain\nexecute as @e[scores={gapplelang=0,xeloclang=0},type=everlatweaker:everla_boss_gfb_1] at @s if score @s phase1crossbullet matches 40 run execute as @p[distance=..60] at @s run function everlatweaker:avada_kedavra_rain\nexecute as @e[scores={gapplelang=0,xeloclang=0},type=everlatweaker:everla_boss_gfb_1] at @s if score @s phase1crossbullet matches 50 run execute as @p[distance=..60] at @s run function everlatweaker:e_zrain\nexecute as @e[scores={gapplelang=0,xeloclang=0},type=everlatweaker:everla_boss_gfb_1] at @s if score @s phase1crossbullet matches 50 run execute as @p[distance=..60] at @s positioned ~ ~ ~18 run function everlatweaker:ns_rain\nexecute as @e[scores={gapplelang=0,xeloclang=0},type=everlatweaker:everla_boss_gfb_1] at @s if score @s phase1crossbullet matches 50 run tellraw @p[distance=..60] {\"color\":\"light_purple\",\"text\":\"<EverlaPrismerAya> 哈利路大旋风！！！\"}\nexecute as @e[scores={gapplelang=0,xeloclang=0},type=everlatweaker:everla_boss_gfb_1] at @s if score @s phase1crossbullet matches 50 run execute as @p[distance=..60] at @s run playsound everlatweaker:harryroad_cyclone hostile @s\nexecute as @e[scores={gapplelang=0,xeloclang=0},type=everlatweaker:everla_boss_gfb_1] at @s if score @s phase1crossbullet matches 60 run execute as @p[distance=..60] at @s run function everlatweaker:e_zrain\nexecute as @e[scores={gapplelang=0,xeloclang=0},type=everlatweaker:everla_boss_gfb_1] at @s if score @s phase1crossbullet matches 60 run execute as @p[distance=..60] at @s positioned ~18 ~ ~ run function everlatweaker:ew_rain\nexecute as @e[scores={gapplelang=0,xeloclang=0},type=everlatweaker:everla_boss_gfb_1] at @s if score @s phase1crossbullet matches 60 run tellraw @p[distance=..60] {\"color\":\"light_purple\",\"text\":\"<EverlaPrismerAya> 哈利路大旋风！！！\"} \nexecute as @e[scores={gapplelang=0,xeloclang=0},type=everlatweaker:everla_boss_gfb_1] at @s if score @s phase1crossbullet matches 60 run execute as @p[distance=..60] at @s run playsound everlatweaker:harryroad_cyclone hostile @s\nexecute as @e[scores={gapplelang=0,xeloclang=0},type=everlatweaker:everla_boss_gfb_1] at @s if score @s phase1crossbullet matches 60 run execute as @p[distance=..60] at @s run function everlatweaker:e_zrain\nexecute as @e[scores={gapplelang=0,xeloclang=0},type=everlatweaker:everla_boss_gfb_1] at @s if score @s phase1crossbullet matches 70 run execute as @p[distance=..60] at @s positioned ~ ~ ~18 run function everlatweaker:ns_rain\nexecute as @e[scores={gapplelang=0,xeloclang=0},type=everlatweaker:everla_boss_gfb_1] at @s if score @s phase1crossbullet matches 70 run tellraw @p[distance=..60] {\"color\":\"light_purple\",\"text\":\"<EverlaPrismerAya> 哈利路大旋风！！！\"} \nexecute as @e[scores={gapplelang=0,xeloclang=0},type=everlatweaker:everla_boss_gfb_1] at @s if score @s phase1crossbullet matches 70 run execute as @p[distance=..60] at @s run playsound everlatweaker:harryroad_cyclone hostile @s\nexecute as @e[scores={gapplelang=0,xeloclang=0},type=everlatweaker:everla_boss_gfb_1] at @s if score @s phase1crossbullet matches 70 run execute as @p[distance=..60] at @s run function everlatweaker:e_zrain\nexecute as @e[scores={gapplelang=0,xeloclang=0},type=everlatweaker:everla_boss_gfb_1] at @s if score @s phase1crossbullet matches 80 run execute as @p[distance=..60] at @s positioned ~18 ~ ~ run function everlatweaker:ew_rain\nexecute as @e[scores={gapplelang=0,xeloclang=0},type=everlatweaker:everla_boss_gfb_1] at @s if score @s phase1crossbullet matches 80 run tellraw @p[distance=..60] {\"color\":\"light_purple\",\"text\":\"<EverlaPrismerAya> 哈利路大旋风！！！\"} \nexecute as @e[scores={gapplelang=0,xeloclang=0},type=everlatweaker:everla_boss_gfb_1] at @s if score @s phase1crossbullet matches 80 run execute as @p[distance=..60] at @s run playsound everlatweaker:harryroad_cyclone hostile @s\nexecute as @e[scores={gapplelang=0,xeloclang=0},type=everlatweaker:everla_boss_gfb_1] at @s if score @s phase1crossbullet matches 80 run execute as @p[distance=..60] at @s run function everlatweaker:e_zrain\nexecute as @e[scores={gapplelang=0,xeloclang=0},type=everlatweaker:everla_boss_gfb_1] at @s if score @s phase1crossbullet matches 90 run execute as @p[distance=..60] at @s positioned ~ ~ ~18 run function everlatweaker:ns_rain\nexecute as @e[scores={gapplelang=0,xeloclang=0},type=everlatweaker:everla_boss_gfb_1] at @s if score @s phase1crossbullet matches 90 run tellraw @p[distance=..60] {\"color\":\"light_purple\",\"text\":\"<EverlaPrismerAya> 哈利路大旋风！！！\"} \nexecute as @e[scores={gapplelang=0,xeloclang=0},type=everlatweaker:everla_boss_gfb_1] at @s if score @s phase1crossbullet matches 90 run execute as @p[distance=..60] at @s run playsound everlatweaker:harryroad_cyclone hostile @s\nexecute as @e[scores={gapplelang=0,xeloclang=0},type=everlatweaker:everla_boss_gfb_1] at @s if score @s phase1crossbullet matches 90 run execute as @p[distance=..60] at @s run function everlatweaker:e_zrain\nexecute as @e[scores={gapplelang=0,xeloclang=0},type=everlatweaker:everla_boss_gfb_1] at @s if score @s phase1crossbullet matches 100 run execute as @p[distance=..60] at @s positioned ~18 ~ ~ run function everlatweaker:ew_rain\nexecute as @e[scores={gapplelang=0,xeloclang=0},type=everlatweaker:everla_boss_gfb_1] at @s if score @s phase1crossbullet matches 100 run tellraw @p[distance=..60] {\"color\":\"light_purple\",\"text\":\"<EverlaPrismerAya> 哈利路大旋风！！！\"} \nexecute as @e[scores={gapplelang=0,xeloclang=0},type=everlatweaker:everla_boss_gfb_1] at @s if score @s phase1crossbullet matches 100 run execute as @p[distance=..60] at @s run playsound everlatweaker:harryroad_cyclone hostile @s\nexecute as @e[scores={gapplelang=0,xeloclang=0},type=everlatweaker:everla_boss_gfb_1] at @s if score @s phase1crossbullet matches 100 run execute as @p[distance=..60] at @s run function everlatweaker:e_zrain\nexecute as @e[scores={gapplelang=0,xeloclang=0},type=everlatweaker:everla_boss_gfb_1] at @s if score @s phase1crossbullet matches 110 run execute as @p[distance=..60] at @s positioned ~18 ~ ~ run function everlatweaker:ew_rain\nexecute as @e[scores={gapplelang=0,xeloclang=0},type=everlatweaker:everla_boss_gfb_1] at @s if score @s phase1crossbullet matches 110 run tellraw @p[distance=..60] {\"color\":\"light_purple\",\"text\":\"<EverlaPrismerAya> 哈利路大旋风！！！\"} \nexecute as @e[scores={gapplelang=0,xeloclang=0},type=everlatweaker:everla_boss_gfb_1] at @s if score @s phase1crossbullet matches 110 run execute as @p[distance=..60] at @s run playsound everlatweaker:harryroad_cyclone hostile @s\nexecute as @e[scores={gapplelang=0,xeloclang=0},type=everlatweaker:everla_boss_gfb_1] at @s if score @s phase1crossbullet matches 110 run execute as @p[distance=..60] at @s run function everlatweaker:e_zrain\nexecute as @e[scores={gapplelang=0,xeloclang=0},type=everlatweaker:everla_boss_gfb_1] at @s if score @s phase1crossbullet matches 120 run execute as @p[distance=..60] at @s positioned ~18 ~ ~ run function everlatweaker:ew_rain\nexecute as @e[scores={gapplelang=0,xeloclang=0},type=everlatweaker:everla_boss_gfb_1] at @s if score @s phase1crossbullet matches 120 run tellraw @p[distance=..60] {\"color\":\"light_purple\",\"text\":\"<EverlaPrismerAya> 哈利路大旋风！！！\"} \nexecute as @e[scores={gapplelang=0,xeloclang=0},type=everlatweaker:everla_boss_gfb_1] at @s if score @s phase1crossbullet matches 120 run execute as @p[distance=..60] at @s run playsound everlatweaker:harryroad_cyclone hostile @s\nexecute as @e[scores={gapplelang=0,xeloclang=0},type=everlatweaker:everla_boss_gfb_1] at @s if score @s phase1crossbullet matches 120 run execute as @p[distance=..60] at @s run function everlatweaker:e_zrain\nexecute as @e[scores={gapplelang=0,xeloclang=0},type=everlatweaker:everla_boss_gfb_1] at @s if score @s phase1crossbullet matches 130 run execute as @p[distance=..60] at @s positioned ~18 ~ ~ run function everlatweaker:ew_rain\nexecute as @e[scores={gapplelang=0,xeloclang=0},type=everlatweaker:everla_boss_gfb_1] at @s if score @s phase1crossbullet matches 130 run tellraw @p[distance=..60] {\"color\":\"light_purple\",\"text\":\"<EverlaPrismerAya> 看看这个玩意喵，很厉害喵~\"} \nexecute as @e[scores={gapplelang=0,xeloclang=0},type=everlatweaker:everla_boss_gfb_1] at @s if score @s phase1crossbullet matches 140 run tellraw @p[distance=..60] {\"color\":\"light_purple\",\"text\":\"<EverlaPrismerAya> 此刻，寂灭之时！\"} \nexecute as @e[scores={gapplelang=0,xeloclang=0},type=everlatweaker:everla_boss_gfb_1] at @s if score @s phase1crossbullet matches 141 run execute as @p[distance=..60] at @s run function everlatweaker:cross_lightning_func_1\nexecute as @e[scores={gapplelang=0,xeloclang=0},type=everlatweaker:everla_boss_gfb_1] at @s if score @s phase1crossbullet matches 142 run execute as @p[distance=..60] at @s run function everlatweaker:cross_lightning_func_1\nexecute as @e[scores={gapplelang=0,xeloclang=0},type=everlatweaker:everla_boss_gfb_1] at @s if score @s phase1crossbullet matches 143 run execute as @p[distance=..60] at @s run function everlatweaker:cross_lightning_func_1\nexecute as @e[scores={gapplelang=0,xeloclang=0},type=everlatweaker:everla_boss_gfb_1] at @s if score @s phase1crossbullet matches 144 run execute as @p[distance=..60] at @s run function everlatweaker:cross_lightning_func_1\nexecute as @e[scores={gapplelang=0,xeloclang=0},type=everlatweaker:everla_boss_gfb_1] at @s if score @s phase1crossbullet matches 145 run execute as @p[distance=..60] at @s run function everlatweaker:cross_lightning_func_1\nexecute as @e[scores={gapplelang=0,xeloclang=0},type=everlatweaker:everla_boss_gfb_1] at @s if score @s phase1crossbullet matches 146 run execute as @p[distance=..60] at @s run function everlatweaker:cross_lightning_func_1\nexecute as @e[scores={gapplelang=0,xeloclang=0},type=everlatweaker:everla_boss_gfb_1] at @s if score @s phase1crossbullet matches 147 run execute as @p[distance=..60] at @s run function everlatweaker:cross_lightning_func_1\nexecute as @e[scores={gapplelang=0,xeloclang=0},type=everlatweaker:everla_boss_gfb_1] at @s if score @s phase1crossbullet matches 140 run summon everlatweaker:warden_blast ~ ~-7 ~\nexecute as @e[scores={gapplelang=0,xeloclang=0},type=everlatweaker:everla_boss_gfb_1] at @s if score @s phase1crossbullet matches 140 run summon everlatweaker:warden_blast ~ ~-7 ~\nexecute as @e[scores={gapplelang=0,xeloclang=0},type=everlatweaker:everla_boss_gfb_1] at @s if score @s phase1crossbullet matches 140 run summon everlatweaker:warden_blast ~ ~-7 ~\nexecute as @e[scores={gapplelang=0,xeloclang=0},type=everlatweaker:everla_boss_gfb_1] at @s if score @s phase1crossbullet matches 140 run summon everlatweaker:warden_blast ~ ~-7 ~\nexecute as @e[scores={gapplelang=0,xeloclang=0},type=everlatweaker:everla_boss_gfb_1] at @s if score @s phase1crossbullet matches 140 run summon everlatweaker:warden_blast ~ ~-7 ~\nexecute as @e[scores={gapplelang=0,xeloclang=0},type=everlatweaker:everla_boss_gfb_1] at @s if score @s phase1crossbullet matches 140 run summon everlatweaker:warden_blast ~ ~-7 ~\nexecute as @e[scores={gapplelang=0,xeloclang=0},type=everlatweaker:everla_boss_gfb_1] at @s if score @s phase1crossbullet matches 140 run summon everlatweaker:warden_blast ~ ~-7 ~\nexecute as @e[scores={gapplelang=0,xeloclang=0},type=everlatweaker:everla_boss_gfb_1] at @s if score @s phase1crossbullet matches 140 run execute as @e[type=everlatweaker:warden_blast,distance=..60,tag=!lock] at @s run function everlatweaker:blast_lock_on_player\nexecute as @e[scores={gapplelang=0,xeloclang=0},type=everlatweaker:everla_boss_gfb_1] at @s if score @s phase1crossbullet matches 150 run tellraw @p[distance=..60] {\"color\":\"light_purple\",\"text\":\"<EverlaPrismerAya> 阿瓦达啃大瓜！！！\"} \nexecute as @e[scores={gapplelang=0,xeloclang=0},type=everlatweaker:everla_boss_gfb_1,nbt={ForgeData:{HalfHealth:1b}}] at @s if score @s phase1crossbullet matches 150 run execute as @a[distance=..60] at @s run function everlatweaker:gun_summon\nexecute as @e[scores={gapplelang=0,xeloclang=0},type=everlatweaker:everla_boss_gfb_1,nbt={ForgeData:{HalfHealth:1b}}] at @s if score @s phase1crossbullet matches 150 run execute as @a[distance=..60] at @s run playsound everlatweaker:eagle_sound hostile @s\nexecute as @e[scores={gapplelang=0,xeloclang=0},type=everlatweaker:everla_boss_gfb_1] at @s if score @s phase1crossbullet matches 155 run execute as @p[distance=..60] at @s run playsound everlatweaker:avada_kedavra hostile @s\nexecute as @e[scores={gapplelang=0,xeloclang=0},type=everlatweaker:everla_boss_gfb_1] at @s if score @s phase1crossbullet matches 160 run execute as @p[distance=..60] at @s run function everlatweaker:avada_kedavra_rain\nexecute as @e[scores={gapplelang=0,xeloclang=0},type=everlatweaker:everla_boss_gfb_1] at @s if score @s phase1crossbullet matches 165 run execute as @p[distance=..60] at @s run function everlatweaker:avada_kedavra_rain\nexecute as @e[scores={gapplelang=0,xeloclang=0},type=everlatweaker:everla_boss_gfb_1] at @s if score @s phase1crossbullet matches 170 run execute as @p[distance=..60] at @s run function everlatweaker:avada_kedavra_rain\nexecute as @e[scores={gapplelang=0,xeloclang=0},type=everlatweaker:everla_boss_gfb_1] at @s if score @s phase1crossbullet matches 180 run tellraw @p[distance=..60] {\"color\":\"light_purple\",\"text\":\"<EverlaPrismerAya> 稻光，亦是永恒！\"} \nexecute as @e[scores={gapplelang=0,xeloclang=0},type=everlatweaker:everla_boss_gfb_1] at @s if score @s phase1crossbullet matches 180 run execute as @p[distance=..60] at @s run function everlatweaker:cross_lightning_func_1\nexecute as @e[scores={gapplelang=0,xeloclang=0},type=everlatweaker:everla_boss_gfb_1] at @s if score @s phase1crossbullet matches 181 run execute as @p[distance=..60] at @s run function everlatweaker:cross_lightning_func_1\nexecute as @e[scores={gapplelang=0,xeloclang=0},type=everlatweaker:everla_boss_gfb_1] at @s if score @s phase1crossbullet matches 182 run execute as @p[distance=..60] at @s run function everlatweaker:cross_lightning_func_1\nexecute as @e[scores={gapplelang=0,xeloclang=0},type=everlatweaker:everla_boss_gfb_1] at @s if score @s phase1crossbullet matches 183 run execute as @p[distance=..60] at @s run function everlatweaker:cross_lightning_func_1\nexecute as @e[scores={gapplelang=0,xeloclang=0},type=everlatweaker:everla_boss_gfb_1] at @s if score @s phase1crossbullet matches 184 run execute as @p[distance=..60] at @s run function everlatweaker:cross_lightning_func_1\nexecute as @e[scores={gapplelang=0,xeloclang=0},type=everlatweaker:everla_boss_gfb_1] at @s if score @s phase1crossbullet matches 185 run execute as @p[distance=..60] at @s run function everlatweaker:cross_lightning_func_1\nexecute as @e[scores={gapplelang=0,xeloclang=0},type=everlatweaker:everla_boss_gfb_1] at @s if score @s phase1crossbullet matches 180 run summon everlatweaker:warden_blast ~ ~-7 ~\nexecute as @e[scores={gapplelang=0,xeloclang=0},type=everlatweaker:everla_boss_gfb_1] at @s if score @s phase1crossbullet matches 180 run summon everlatweaker:warden_blast ~ ~-7 ~\nexecute as @e[scores={gapplelang=0,xeloclang=0},type=everlatweaker:everla_boss_gfb_1] at @s if score @s phase1crossbullet matches 180 run summon everlatweaker:warden_blast ~ ~-7 ~\nexecute as @e[scores={gapplelang=0,xeloclang=0},type=everlatweaker:everla_boss_gfb_1] at @s if score @s phase1crossbullet matches 180 run summon everlatweaker:warden_blast ~ ~-7 ~\nexecute as @e[scores={gapplelang=0,xeloclang=0},type=everlatweaker:everla_boss_gfb_1] at @s if score @s phase1crossbullet matches 180 run summon everlatweaker:warden_blast ~ ~-7 ~\nexecute as @e[scores={gapplelang=0,xeloclang=0},type=everlatweaker:everla_boss_gfb_1] at @s if score @s phase1crossbullet matches 180 run summon everlatweaker:warden_blast ~ ~-7 ~\nexecute as @e[scores={gapplelang=0,xeloclang=0},type=everlatweaker:everla_boss_gfb_1] at @s if score @s phase1crossbullet matches 180 run summon everlatweaker:warden_blast ~ ~-7 ~\nexecute as @e[scores={gapplelang=0,xeloclang=0},type=everlatweaker:everla_boss_gfb_1] at @s if score @s phase1crossbullet matches 180 run execute as @e[type=everlatweaker:warden_blast,distance=..60,tag=!lock] at @s run function everlatweaker:blast_lock_on_player\nexecute as @e[scores={gapplelang=0,xeloclang=0},type=everlatweaker:everla_boss_gfb_1] at @s if score @s phase1crossbullet matches 200 run execute as @p[distance=..60] at @s run function everlatweaker:instakill_lightning\nexecute as @e[scores={gapplelang=0,xeloclang=0},type=everlatweaker:everla_boss_gfb_1] at @s if score @s phase1crossbullet matches 200 run tellraw @p[distance=..60] {\"color\":\"light_purple\",\"text\":\"<EverlaPrismerAya> 求求你了死一下吧喵~\"} \nexecute as @e[scores={gapplelang=0,xeloclang=0},type=everlatweaker:everla_boss_gfb_1,nbt={ForgeData:{HalfHealth:1b}}] at @s if score @s phase1crossbullet matches 200 run execute as @a[distance=..60] at @s run playsound everlatweaker:eagle_sound hostile @s\nexecute as @e[scores={gapplelang=0,xeloclang=0},type=everlatweaker:everla_boss_gfb_1,nbt={ForgeData:{HalfHealth:1b}}] at @s if score @s phase1crossbullet matches 200 run execute as @a[distance=..60] at @s run function everlatweaker:gun_summon\nexecute as @e[scores={gapplelang=0,xeloclang=0},type=everlatweaker:everla_boss_gfb_1] at @s if score @s phase1crossbullet matches 205 run execute as @p[distance=..60] at @s run function everlatweaker:instakill_lightning\nexecute as @e[scores={gapplelang=0,xeloclang=0},type=everlatweaker:everla_boss_gfb_1] at @s if score @s phase1crossbullet matches 205 run tellraw @p[distance=..60] {\"color\":\"light_purple\",\"text\":\"<EverlaPrismerAya> 死一下吧人家求你了~\"} \nexecute as @e[scores={gapplelang=0,xeloclang=0},type=everlatweaker:everla_boss_gfb_1,nbt={ForgeData:{HalfHealth:1b}}] at @s if score @s phase1crossbullet matches 205 run execute as @a[distance=..60] at @s run function everlatweaker:gun_summon\nexecute as @e[scores={gapplelang=0,xeloclang=0},type=everlatweaker:everla_boss_gfb_1] at @s if score @s phase1crossbullet matches 210 run execute as @p[distance=..60] at @s run function everlatweaker:instakill_lightning\nexecute as @e[scores={gapplelang=0,xeloclang=0},type=everlatweaker:everla_boss_gfb_1] at @s if score @s phase1crossbullet matches 210 run tellraw @p[distance=..60] {\"color\":\"light_purple\",\"text\":\"<EverlaPrismerAya> 求求你了求求你了~\"} \nexecute as @e[scores={gapplelang=0,xeloclang=0},type=everlatweaker:everla_boss_gfb_1,nbt={ForgeData:{HalfHealth:1b}}] at @s if score @s phase1crossbullet matches 210 run execute as @a[distance=..60] at @s run function everlatweaker:gun_summon\nexecute as @e[scores={gapplelang=0,xeloclang=0},type=everlatweaker:everla_boss_gfb_1] at @s if score @s phase1crossbullet matches 215 run execute as @p[distance=..60] at @s run function everlatweaker:instakill_lightning\nexecute as @e[scores={gapplelang=0,xeloclang=0},type=everlatweaker:everla_boss_gfb_1] at @s if score @s phase1crossbullet matches 215 run tellraw @p[distance=..60] {\"color\":\"light_purple\",\"text\":\"<EverlaPrismerAya> 帮帮七叶镜绫吧~\"} \nexecute as @e[scores={gapplelang=0,xeloclang=0},type=everlatweaker:everla_boss_gfb_1,nbt={ForgeData:{HalfHealth:1b}}] at @s if score @s phase1crossbullet matches 215 run execute as @a[distance=..60] at @s run function everlatweaker:gun_summon\nexecute as @e[scores={gapplelang=0,xeloclang=0},type=everlatweaker:everla_boss_gfb_1] at @s if score @s phase1crossbullet matches 220 run execute as @a[distance=..60] at @s run summon everlatweaker:lightning_pos\nexecute as @e[scores={gapplelang=0,xeloclang=0},type=everlatweaker:everla_boss_gfb_1,nbt={ForgeData:{HalfHealth:1b}}] at @s if score @s phase1crossbullet matches 220 run execute as @a[distance=..60] at @s run function everlatweaker:gun_summon\nexecute as @e[scores={gapplelang=0,xeloclang=0},type=everlatweaker:everla_boss_gfb_1] at @s if score @s phase1crossbullet matches 221 run execute as @a[distance=..60] at @s run summon everlatweaker:lightning_pos\nexecute as @e[scores={gapplelang=0,xeloclang=0},type=everlatweaker:everla_boss_gfb_1,nbt={ForgeData:{HalfHealth:1b}}] at @s if score @s phase1crossbullet matches 221 run execute as @a[distance=..60] at @s run function everlatweaker:gun_summon\nexecute as @e[scores={gapplelang=0,xeloclang=0},type=everlatweaker:everla_boss_gfb_1] at @s if score @s phase1crossbullet matches 222 run execute as @a[distance=..60] at @s run summon everlatweaker:lightning_pos\nexecute as @e[scores={gapplelang=0,xeloclang=0},type=everlatweaker:everla_boss_gfb_1,nbt={ForgeData:{HalfHealth:1b}}] at @s if score @s phase1crossbullet matches 222 run execute as @a[distance=..60] at @s run function everlatweaker:gun_summon\nexecute as @e[scores={gapplelang=0,xeloclang=0},type=everlatweaker:everla_boss_gfb_1] at @s if score @s phase1crossbullet matches 223 run execute as @a[distance=..60] at @s run summon everlatweaker:lightning_pos\nexecute as @e[scores={gapplelang=0,xeloclang=0},type=everlatweaker:everla_boss_gfb_1,nbt={ForgeData:{HalfHealth:1b}}] at @s if score @s phase1crossbullet matches 223 run execute as @a[distance=..60] at @s run function everlatweaker:gun_summon\nexecute as @e[scores={gapplelang=0,xeloclang=0},type=everlatweaker:everla_boss_gfb_1] at @s if score @s phase1crossbullet matches 224 run execute as @a[distance=..60] at @s run summon everlatweaker:lightning_pos\nexecute as @e[scores={gapplelang=0,xeloclang=0},type=everlatweaker:everla_boss_gfb_1,nbt={ForgeData:{HalfHealth:1b}}] at @s if score @s phase1crossbullet matches 224 run execute as @a[distance=..60] at @s run function everlatweaker:gun_summon\nexecute as @e[scores={gapplelang=0,xeloclang=0},type=everlatweaker:everla_boss_gfb_1] at @s if score @s phase1crossbullet matches 225 run execute as @a[distance=..60] at @s run summon everlatweaker:lightning_pos\nexecute as @e[scores={gapplelang=0,xeloclang=0},type=everlatweaker:everla_boss_gfb_1,nbt={ForgeData:{HalfHealth:1b}}] at @s if score @s phase1crossbullet matches 225 run execute as @a[distance=..60] at @s run function everlatweaker:gun_summon\nexecute as @e[scores={gapplelang=0,xeloclang=0},type=everlatweaker:everla_boss_gfb_1] at @s if score @s phase1crossbullet matches 226 run execute as @a[distance=..60] at @s run summon everlatweaker:lightning_pos\nexecute as @e[scores={gapplelang=0,xeloclang=0},type=everlatweaker:everla_boss_gfb_1,nbt={ForgeData:{HalfHealth:1b}}] at @s if score @s phase1crossbullet matches 226 run execute as @a[distance=..60] at @s run function everlatweaker:gun_summon\nexecute as @e[scores={gapplelang=0,xeloclang=0},type=everlatweaker:everla_boss_gfb_1] at @s if score @s phase1crossbullet matches 227 run execute as @a[distance=..60] at @s run summon everlatweaker:lightning_pos\nexecute as @e[scores={gapplelang=0,xeloclang=0},type=everlatweaker:everla_boss_gfb_1,nbt={ForgeData:{HalfHealth:1b}}] at @s if score @s phase1crossbullet matches 227 run execute as @a[distance=..60] at @s run function everlatweaker:gun_summon\nexecute as @e[scores={gapplelang=0,xeloclang=0},type=everlatweaker:everla_boss_gfb_1] at @s if score @s phase1crossbullet matches 228 run execute as @a[distance=..60] at @s run summon everlatweaker:lightning_pos\nexecute as @e[scores={gapplelang=0,xeloclang=0},type=everlatweaker:everla_boss_gfb_1,nbt={ForgeData:{HalfHealth:1b}}] at @s if score @s phase1crossbullet matches 228 run execute as @a[distance=..60] at @s run function everlatweaker:gun_summon\nexecute as @e[scores={gapplelang=0,xeloclang=0},type=everlatweaker:everla_boss_gfb_1] at @s if score @s phase1crossbullet matches 229 run execute as @a[distance=..60] at @s run summon everlatweaker:lightning_pos\nexecute as @e[scores={gapplelang=0,xeloclang=0},type=everlatweaker:everla_boss_gfb_1,nbt={ForgeData:{HalfHealth:1b}}] at @s if score @s phase1crossbullet matches 229 run execute as @a[distance=..60] at @s run function everlatweaker:gun_summon\nexecute as @e[scores={gapplelang=0,xeloclang=0},type=everlatweaker:everla_boss_gfb_1] at @s if score @s phase1crossbullet matches 230.. run scoreboard players set @s phase1crossbullet 0\n",
    "name": "everla_gfb_phase_1",
    "namespace": "mod"
  }
}