{
  "_fv": 47,
  "_type": "tag",
  "definition": {
    "type": "Entities",
    "items": [],
    "blocks": [],
    "functions": [],
    "entities": [
      {
        "value": "CUSTOM:EverlaBossStage0"
      },
      {
        "value": "CUSTOM:EverlaBossStage1"
      },
      {
        "value": "CUSTOM:EverlaBossStage2"
      },
      {
        "value": "CUSTOM:EverlaBossStage3"
      },
      {
        "value": "CUSTOM:EverlaBossStage35"
      },
      {
        "value": "CUSTOM:EverlaBossStage4"
      },
      {
        "value": "CUSTOM:EverlaBossGFB0"
      },
      {
        "value": "CUSTOM:EverlaBossGFB1"
      },
      {
        "value": "CUSTOM:EverlaBossGFB2"
      },
      {
        "value": "CUSTOM:EverlaBossGFBFinal"
      }
    ],
    "biomes": [],
    "name": "everla_boss",
    "namespace": "everlatweaker"
  }
}