{
  "_fv": 47,
  "_type": "function",
  "definition": {
    "code": "summon everlatweaker:bullet_hell_2\nsummon everlatweaker:bullet_hell_2\nsummon everlatweaker:bullet_hell_2\nsummon everlatweaker:bullet_hell_2\nsummon everlatweaker:bullet_hell_2\nsummon everlatweaker:bullet_hell_2\nsummon everlatweaker:bullet_hell_2\nsummon everlatweaker:bullet_hell_2\nsummon everlatweaker:bullet_hell_2\nsummon everlatweaker:bullet_hell_2\nexecute as @e[type=everlatweaker:bullet_hell_2,tag=!ns,tag=!ew,tag=!spawned] at @s run tp @s ~ ~ ~ facing ~-10 ~ ~\ntag @e[type=everlatweaker:bullet_hell_2,tag=!ns,tag=!ew,tag=!spawned] add ew\ntag @e[type=everlatweaker:bullet_hell_2,tag=!ns,tag=ew,tag=!spawned] add spawned",
    "name": "ew_rain",
    "namespace": "mod"
  }
}