{
  "_fv": 57,
  "_type": "armor",
  "definition": {
    "enableHelmet": true,
    "textureHelmet": "godslayer_head",
    "enableBody": true,
    "textureBody": "godslayer_chest",
    "enableLeggings": true,
    "textureLeggings": "godslayer_leg",
    "enableBoots": true,
    "textureBoots": "godslayer_feet",
    "onHelmetTick": {
      "name": "GodslayerArmorHead"
    },
    "onBodyTick": {
      "name": "GodslayerChestFunc"
    },
    "onLeggingsTick": {
      "name": "GodslayerLegFunc"
    },
    "onBootsTick": {
      "name": "GodslayerBootFunc"
    },
    "creativeTab": {
      "value": "CUSTOM:EverlaTweaker"
    },
    "armorTextureFile": "godslayer",
    "helmetName": "Godslayer Helmet",
    "bodyName": "Godslayer Chestplate",
    "leggingsName": "Godslayer Leggings",
    "bootsName": "Elysian Tracers",
    "helmetSpecialInformation": {
      "fixedValue": [
        "text.godslayer.desc",
        "text.godslayer.desc1",
        "text.godslayer.desc2",
        "text.godslayer.desc3"
      ]
    },
    "bodySpecialInformation": {
      "fixedValue": [
        "text.godslayer.desc",
        "text.godslayer.desc1",
        "text.godslayer.desc2",
        "text.godslayer.desc3"
      ]
    },
    "leggingsSpecialInformation": {
      "fixedValue": [
        "text.godslayer.desc",
        "text.godslayer.desc1",
        "text.godslayer.desc2",
        "text.godslayer.desc3"
      ]
    },
    "bootsSpecialInformation": {
      "fixedValue": [
        "text.godslayer.desc",
        "text.godslayer.desc1",
        "text.godslayer.desc2",
        "text.godslayer.desc3"
      ]
    },
    "helmetModelName": "Default",
    "helmetModelPart": "Helmet",
    "helmetModelTexture": "From armor",
    "bodyModelName": "Default",
    "bodyModelPart": "Body",
    "armsModelPartL": "Arms L",
    "armsModelPartR": "Arms R",
    "bodyModelTexture": "From armor",
    "leggingsModelName": "Default",
    "leggingsModelPartL": "Leggings L",
    "leggingsModelPartR": "Leggings R",
    "leggingsModelTexture": "From armor",
    "bootsModelName": "Default",
    "bootsModelPartL": "Boots L",
    "bootsModelPartR": "Boots R",
    "bootsModelTexture": "From armor",
    "helmetItemRenderType": 0,
    "helmetItemCustomModelName": "Normal",
    "bodyItemRenderType": 0,
    "bodyItemCustomModelName": "Normal",
    "leggingsItemRenderType": 0,
    "leggingsItemCustomModelName": "Normal",
    "bootsItemRenderType": 0,
    "bootsItemCustomModelName": "Normal",
    "helmetImmuneToFire": true,
    "bodyImmuneToFire": true,
    "leggingsImmuneToFire": true,
    "bootsImmuneToFire": true,
    "maxDamage": 200,
    "damageValueHelmet": 5,
    "damageValueBody": 9,
    "damageValueLeggings": 7,
    "damageValueBoots": 4,
    "enchantability": 30,
    "toughness": 3.0,
    "knockbackResistance": 0.2,
    "equipSound": {
      "value": ""
    },
    "repairItems": [
      {
        "value": "CUSTOM:CosmosIngot"
      }
    ]
  }
}