{
  "_fv": 57,
  "_type": "item",
  "definition": {
    "renderType": 0,
    "texture": "good_apple",
    "customModelName": "Normal",
    "customProperties": {},
    "states": [],
    "name": "Good Apple",
    "rarity": "EPIC",
    "creativeTab": {
      "value": "CUSTOM:EverlaTweaker"
    },
    "stackSize": 64,
    "enchantability": 0,
    "useDuration": 10,
    "toolType": 1.0,
    "damageCount": 0,
    "recipeRemainder": {
      "value": ""
    },
    "destroyAnyBlock": false,
    "immuneToFire": true,
    "stayInGridWhenCrafting": false,
    "damageOnCrafting": false,
    "enableMeleeDamage": false,
    "damageVsEntity": 0.0,
    "specialInformation": {
      "fixedValue": [
        "text.goodapple.desc",
        "text.goodapple.desc2"
      ]
    },
    "guiBoundTo": "<NONE>",
    "inventorySize": 9,
    "inventoryStackSize": 64,
    "onFinishUsingItem": {
      "name": "GoodAppleHealthBoost"
    },
    "enableRanged": false,
    "shootConstantly": false,
    "isFood": true,
    "nutritionalValue": 4,
    "saturation": 0.8,
    "eatResultItem": {
      "value": ""
    },
    "isMeat": false,
    "isAlwaysEdible": true,
    "animation": "eat"
  }
}