{
  "_fv": 47,
  "_type": "function",
  "definition": {
    "code": "summon minecraft:item_display ~ ~2 ~ {item:{id:\"cgm:pistol\",Count:1},Tags:[\"summoned_by_everla_gfb\",\"gun\"]}\nsummon minecraft:item_display ~ ~2 ~ {item:{id:\"cgm:pistol\",Count:1},Tags:[\"summoned_by_everla_gfb\",\"gun\"]}\nsummon minecraft:item_display ~ ~2 ~ {item:{id:\"cgm:pistol\",Count:1},Tags:[\"summoned_by_everla_gfb\",\"gun\"]}\nsummon minecraft:item_display ~ ~2 ~ {item:{id:\"cgm:pistol\",Count:1},Tags:[\"summoned_by_everla_gfb\",\"gun\"]}\nexecute as @e[type=minecraft:item_display,tag=gun,tag=!spawned] at @s run spreadplayers ~ ~ 12 12 false @s\nexecute as @e[type=minecraft:item_display,tag=gun,tag=!spawned] at @s run tp ~ ~1.5 ~\ntag @e[type=minecraft:item_display,tag=gun,tag=!spawned] add spawned",
    "name": "gun_summon",
    "namespace": "mod"
  }
}