{
  "_fv": 47,
  "_type": "tag",
  "definition": {
    "type": "Entities",
    "items": [],
    "blocks": [],
    "functions": [],
    "entities": [
      {
        "value": "EntityArmorStand"
      },
      {
        "value": "EntityArrow"
      },
      {
        "value": "EntityXPOrb"
      },
      {
        "value": "EntityItem"
      },
      {
        "value": "EntityGlowItemFrame"
      },
      {
        "value": "EntityItemFrame"
      }
    ],
    "biomes": [],
    "name": "immune_darkspark",
    "namespace": "everlatweaker"
  }
}