{
  "_fv": 47,
  "_type": "tag",
  "definition": {
    "type": "Entities",
    "items": [],
    "blocks": [],
    "functions": [],
    "entities": [
      {
        "value": "CUSTOM:AvadaKedavra"
      },
      {
        "value": "CUSTOM:BulletHell"
      },
      {
        "value": "CUSTOM:BulletHell2"
      },
      {
        "value": "CUSTOM:EverlaBossGFB0"
      },
      {
        "value": "CUSTOM:EverlaBossGFB1"
      },
      {
        "value": "CUSTOM:EverlaBossGFB2"
      },
      {
        "value": "CUSTOM:EverlaBossGFBFinal"
      },
      {
        "value": "CUSTOM:EverlaBossStage0"
      },
      {
        "value": "CUSTOM:EverlaBossStage1"
      },
      {
        "value": "CUSTOM:EverlaBossStage2"
      },
      {
        "value": "CUSTOM:EverlaBossStage3"
      },
      {
        "value": "CUSTOM:EverlaBossStage35"
      },
      {
        "value": "CUSTOM:EverlaBossStage4"
      },
      {
        "value": "CUSTOM:GunATK"
      },
      {
        "value": "CUSTOM:LightBullet1"
      },
      {
        "value": "CUSTOM:LightBullet2"
      },
      {
        "value": "CUSTOM:LightBullet3"
      },
      {
        "value": "CUSTOM:LightningPos"
      },
      {
        "value": "CUSTOM:WardenBlast"
      },
      {
        "value": "CUSTOM:YouCantEscape"
      }
    ],
    "biomes": [],
    "name": "immune_to_godslayer_dash",
    "namespace": "everlatweaker"
  }
}