{
  "_fv": 47,
  "_type": "tag",
  "definition": {
    "type": "Entities",
    "items": [],
    "blocks": [],
    "functions": [],
    "entities": [
      {
        "value": "EntityIronGolem"
      },
      {
        "value": "EntityBlaze"
      },
      {
        "value": "EntityWarden"
      },
      {
        "value": "EntityMinecart"
      },
      {
        "value": "EntityMinecartChest"
      },
      {
        "value": "EntityMinecartCommandBlock"
      },
      {
        "value": "EntityMinecartFurnace"
      },
      {
        "value": "EntityMinecartHopper"
      },
      {
        "value": "EntityMinecartMobSpawner"
      },
      {
        "value": "EntityMinecartTNT"
      },
      {
        "value": "EntityTNTPrimed"
      },
      {
        "value": "EntityEnderCrystal"
      },
      {
        "value": "EntityEnderEye"
      },
      {
        "value": "EntityWither"
      },
      {
        "value": "EntityDragon"
      },
      {
        "value": "EntityShulker"
      },
      {
        "value": "EntityShulkerBullet"
      },
      {
        "value": "EntityWitherSkull"
      },
      {
        "value": "CUSTOM:AvadaKedavra"
      },
      {
        "value": "CUSTOM:BulletHell"
      },
      {
        "value": "CUSTOM:BulletHell2"
      },
      {
        "value": "CUSTOM:EverlaBossGFB0"
      },
      {
        "value": "CUSTOM:EverlaBossGFB1"
      },
      {
        "value": "CUSTOM:EverlaBossGFB2"
      },
      {
        "value": "CUSTOM:EverlaBossGFBFinal"
      },
      {
        "value": "CUSTOM:EverlaBossStage0"
      },
      {
        "value": "CUSTOM:EverlaBossStage1"
      },
      {
        "value": "CUSTOM:EverlaBossStage2"
      },
      {
        "value": "CUSTOM:EverlaBossStage3"
      },
      {
        "value": "CUSTOM:EverlaBossStage35"
      },
      {
        "value": "CUSTOM:EverlaBossStage4"
      },
      {
        "value": "CUSTOM:GfbFinalAtk"
      },
      {
        "value": "CUSTOM:GunATK"
      },
      {
        "value": "CUSTOM:Jsdtqhj"
      },
      {
        "value": "CUSTOM:LightBullet1"
      },
      {
        "value": "CUSTOM:LightBullet2"
      },
      {
        "value": "CUSTOM:LightBullet3"
      },
      {
        "value": "CUSTOM:LightningPos"
      },
      {
        "value": "CUSTOM:WardenBlast"
      }
    ],
    "biomes": [],
    "name": "inorganic",
    "namespace": "everlatweaker"
  }
}