{
  "_fv": 47,
  "_type": "function",
  "definition": {
    "code": "summon everlatweaker:light_bullet_3 ~ ~ ~\nsummon everlatweaker:light_bullet_3 ~1 ~ ~1\nsummon everlatweaker:light_bullet_3 ~-1 ~ ~-1\nsummon everlatweaker:light_bullet_3 ~1 ~ ~-1\nsummon everlatweaker:light_bullet_3 ~-1 ~ ~1\nsummon everlatweaker:light_bullet_3 ~2 ~ ~2\nsummon everlatweaker:light_bullet_3 ~-2 ~ ~-2\nsummon everlatweaker:light_bullet_3 ~2 ~ ~-2\nsummon everlatweaker:light_bullet_3 ~-2 ~ ~2",
    "name": "instakill_lightning",
    "namespace": "mod"
  }
}