{
  "_fv": 47,
  "_type": "function",
  "definition": {
    "code": "scoreboard objectives add phase1crossbullet dummy\nscoreboard objectives add bulletspawntime dummy\nscoreboard objectives add xeloclang dummy\n\nexecute as @e[type=everlatweaker:murasama_display] at @s run tp @p\nexecute as @e[type=everlatweaker:murasama_display] at @s run tp ~ ~1 ~\n\n#BGM部分\nexecute if entity @e[type=everlatweaker:you_cant_escape] run function everlatweaker:everla_boss_theme_1_play\nexecute if entity @e[type=everlatweaker:you_cant_escape] run function everlatweaker:everla_boss_theme_2_play\nexecute if entity @e[type=everlatweaker:you_cant_escape] run function everlatweaker:everla_boss_theme_3_play\nexecute if entity @e[type=everlatweaker:you_cant_escape] run function everlatweaker:everla_boss_theme_final_play\n\n#抽象版BGM部分\nexecute if entity @e[type=everlatweaker:you_cant_escape] run function everlatweaker:everla_gfb_theme_2_play\nexecute if entity @e[type=everlatweaker:you_cant_escape] run function everlatweaker:everla_gfb_theme_1_play\n\n#一阶段\nexecute if entity @e[type=everlatweaker:everla_boss_stage_1] run function everlatweaker:everla_boss_phase_1\n\n#二阶段\nexecute if entity @e[type=everlatweaker:everla_boss_stage_2] run function everlatweaker:everla_boss_phase_2\n\n#三阶段\nexecute if entity @e[type=everlatweaker:everla_boss_stage_3] run function everlatweaker:everla_boss_phase_3\nexecute if entity @e[type=everlatweaker:everla_boss_stage_35] run function everlatweaker:everla_boss_phase_35\n\n#四阶段\nexecute if entity @e[type=everlatweaker:everla_boss_stage_4] run function everlatweaker:everla_boss_phase_4\n\n#抽象开头\nexecute if entity @e[type=everlatweaker:everla_boss_gfb_0] run function everlatweaker:everla_gfb_phase_0\n\n#抽象一阶段\nexecute if entity @e[type=everlatweaker:everla_boss_gfb_1] run function everlatweaker:everla_gfb_phase_1\n\n#抽象二阶段\nexecute if entity @e[type=everlatweaker:everla_boss_gfb_2] run function everlatweaker:everla_gfb_phase_2\n\n#抽象尾杀\nexecute if entity @e[type=everlatweaker:everla_boss_gfb_final] run function everlatweaker:everla_gfb_phase_final\n\n#死亡强制脱战\nfunction everlatweaker:you_cant_escape_func\n\n#昏昏倒地，除你武器，肇事逃逸\nexecute if entity @e[type=#everlatweaker:everla_boss] run function everlatweaker:expelliarmus\n\n#弹幕\nexecute if entity @e[type=#everlatweaker:bullets] run function everlatweaker:bullets_func\n\nexecute as @e[type=everlatweaker:jsdtqhj] at @s run execute unless entity @e[type=#everlatweaker:everla_boss,distance=..60] run kill @s \n\nexecute as @e[type=minecraft:item_display,tag=summoned_by_everla_gfb] at @s run execute facing entity @p[distance=0.5..128] feet run tp ~ ~ ~\n\nexecute unless entity @e[type=everlatweaker:you_cant_escape] run kill @e[type=#everlatweaker:bullets]\n\nscoreboard players add @e[type=minecraft:item_display,tag=gun] phase1crossbullet 1\nexecute as @e[type=minecraft:item_display,tag=gun] at @s if score @s phase1crossbullet matches 5 run execute as @p[distance=..60] at @s run playsound everlatweaker:reload hostile @s\nexecute as @e[type=minecraft:item_display,tag=gun] at @s if score @s phase1crossbullet matches 10 run execute as @p[distance=..60] at @s run playsound everlatweaker:gun hostile @s\nexecute as @e[type=minecraft:item_display,tag=gun] at @s if score @s phase1crossbullet matches 10 run execute as @p[distance=..60] at @s run summon everlatweaker:gun_atk ~ ~ ~\nexecute as @e[type=minecraft:item_display,tag=gun] at @s if score @s phase1crossbullet matches 10.. run kill @s\n\nscoreboard players add @e[type=everlatweaker:gun_atk] phase1crossbullet 1\nexecute as @e[type=everlatweaker:gun_atk] at @s if score @s phase1crossbullet matches 12 run particle minecraft:flash ~ ~1 ~\nexecute as @e[type=everlatweaker:gun_atk] at @s if score @s phase1crossbullet matches 12 run damage @p[distance=..1.5] 150 generic\nexecute as @e[type=everlatweaker:gun_atk] at @s if score @s phase1crossbullet matches 12 run damage @p[distance=..1.5,gamemode=!creative,gamemode=!spectator] 80 generic_kill\nexecute as @e[type=everlatweaker:gun_atk] at @s if score @s phase1crossbullet matches 12.. run kill @s\n\neffect give @e[type=#everlatweaker:gfb_boss] resistance 5 3 true\neffect give @e[type=everlatweaker:everla_boss_gfb_final] resistance 5 255 true\neffect give @e[type=everlatweaker:you_cant_escape] minecraft:resistance 5 255 true\neffect give @e[type=everlatweaker:you_cant_escape] minecraft:regeneration 5 255 true\n\nexecute as @a[tag=escape] at @s run effect clear @s everlatweaker:no_more_flight\nexecute as @a[tag=escape] at @s run tp @s ~ ~200 ~\nexecute as @a[tag=escape] at @s run playsound everlatweaker:fuckout hostile @s\nexecute as @a[tag=escape] at @s positioned ~ ~200 ~ run tellraw @a[distance=..60] {\"translate\":\"text.everlaboss.kick\"}\nexecute as @a[tag=escape] at @s run tag @s remove escape\n",
    "name": "main_function",
    "namespace": "mod"
  }
}