{
  "_fv": 57,
  "_type": "item",
  "definition": {
    "renderType": 0,
    "texture": "meltdream_potion",
    "customModelName": "Normal",
    "customProperties": {},
    "states": [],
    "name": "Meltdream Potion",
    "rarity": "UNCOMMON",
    "creativeTab": {
      "value": "CUSTOM:EverlaTweaker"
    },
    "stackSize": 16,
    "enchantability": 0,
    "useDuration": 32,
    "toolType": 1.0,
    "damageCount": 0,
    "recipeRemainder": {
      "value": ""
    },
    "destroyAnyBlock": false,
    "immuneToFire": false,
    "stayInGridWhenCrafting": false,
    "damageOnCrafting": false,
    "enableMeleeDamage": false,
    "damageVsEntity": 0.0,
    "specialInformation": {
      "fixedValue": [
        "text.meltdreampotion.desc"
      ]
    },
    "glowCondition": {
      "fixedValue": true
    },
    "guiBoundTo": "<NONE>",
    "inventorySize": 9,
    "inventoryStackSize": 64,
    "onFinishUsingItem": {
      "name": "MeltdreamPotionGrantEnergy"
    },
    "enableRanged": false,
    "shootConstantly": false,
    "isFood": true,
    "nutritionalValue": 1,
    "saturation": 0.1,
    "eatResultItem": {
      "value": "Items.GLASS_BOTTLE"
    },
    "isMeat": false,
    "isAlwaysEdible": true,
    "animation": "drink"
  }
}