{
  "_fv": 57,
  "_type": "tool",
  "definition": {
    "toolType": "Axe",
    "renderType": 0,
    "blockingRenderType": 0,
    "texture": "metal_pipe",
    "customModelName": "Normal",
    "blockingModelName": "Normal blocking",
    "name": "Metal Pipe",
    "specialInformation": {
      "fixedValue": [
        "text.metalpipe.desc0",
        "text.metalpipe.desc"
      ]
    },
    "creativeTab": {
      "value": "COMBAT"
    },
    "harvestLevel": 4,
    "efficiency": 2.0,
    "attackSpeed": 3.2,
    "enchantability": 20,
    "damageVsEntity": 30.0,
    "usageCount": 4444,
    "blocksAffected": [],
    "repairItems": [
      {
        "value": "CUSTOM:AuricIngot"
      }
    ],
    "immuneToFire": true,
    "stayInGridWhenCrafting": false,
    "damageOnCrafting": true,
    "onEntityHitWith": {
      "name": "MetalPipeNoise"
    },
    "onItemInUseTick": {
      "name": "MetalPipeAttribute"
    }
  }
}