{
  "_fv": 57,
  "_type": "tool",
  "definition": {
    "toolType": "Sword",
    "renderType": 0,
    "blockingRenderType": 0,
    "texture": "murasama",
    "customModelName": "Normal",
    "blockingModelName": "Normal blocking",
    "name": "Murasama",
    "specialInformation": {
      "fixedValue": [
        "text.murasama.desc"
      ]
    },
    "creativeTab": {
      "value": "COMBAT"
    },
    "harvestLevel": 4,
    "efficiency": 4.0,
    "attackSpeed": 1.6,
    "enchantability": 30,
    "damageVsEntity": 14.0,
    "usageCount": 0,
    "blocksAffected": [],
    "repairItems": [],
    "immuneToFire": true,
    "stayInGridWhenCrafting": true,
    "damageOnCrafting": false,
    "onRightClickedInAir": {
      "name": "MurasamaBlade"
    }
  }
}