{
  "_fv": 57,
  "_type": "fluid",
  "definition": {
    "name": "Nuclear Waste Water",
    "bucketName": "Nuclear Waste Water Bucket",
    "textureStill": "nuclear_waste_water",
    "textureFlowing": "nuclear_waste_water_flow",
    "tintType": "Water",
    "canMultiply": false,
    "flowRate": 5,
    "levelDecrease": 1,
    "slopeFindDistance": 4,
    "spawnParticles": true,
    "dripParticle": {
      "value": "BUBBLE_COLUMN_UP"
    },
    "flowStrength": 1.0,
    "luminosity": 0,
    "density": 1000,
    "viscosity": 1000,
    "temperature": 300,
    "type": "WATER",
    "generateBucket": true,
    "textureBucket": "nuclear_waste_water_bucket",
    "creativeTab": {
      "value": "CUSTOM:EverlaTweaker"
    },
    "emptySound": {
      "value": "item.bucket.empty"
    },
    "rarity": "COMMON",
    "specialInformation": {
      "fixedValue": []
    },
    "resistance": 3600.0,
    "luminance": 0,
    "lightOpacity": 1,
    "emissiveRendering": false,
    "tickRate": 0,
    "flammability": 0,
    "fireSpreadSpeed": 0,
    "colorOnMap": "DEFAULT",
    "onEntityCollides": {
      "name": "NuclearWasteWaterRadiation"
    }
  }
}