{
  "_fv": 47,
  "_type": "potioneffect",
  "definition": {
    "effectName": "Nuclear Water Radiation",
    "icon": "nuclear_waste_water_bottle.png",
    "color": {
      "value": -16751002,
      "falpha": 0.0
    },
    "isInstant": false,
    "isBad": false,
    "isBenefitical": true,
    "renderStatusInInventory": true,
    "renderStatusInHUD": true,
    "onActiveTick": {
      "name": "NuclearWaterRadiationBuff"
    },
    "onExpired": {
      "name": "NuclearWaterRadiationEndless"
    }
  }
}