{
  "_fv": 47,
  "_type": "recipe",
  "definition": {
    "recipeType": "Crafting",
    "recipeRetstackSize": 16,
    "group": "",
    "cookingBookCategory": "MISC",
    "xpReward": 0.0,
    "cookingTime": 200,
    "craftingBookCategory": "MISC",
    "recipeShapeless": true,
    "recipeSlots": [
      {
        "value": "CUSTOM:PayToWinCrystal"
      },
      {
        "value": "CUSTOM:PayToWinCrystal"
      },
      {
        "value": "CUSTOM:PayToWinCrystal"
      },
      {
        "value": "CUSTOM:RawNvidium"
      },
      {
        "value": "CUSTOM:RawNvidium"
      },
      {
        "value": "CUSTOM:RawNvidium"
      },
      {
        "value": "CUSTOM:AuricIngot"
      },
      {
        "value": "CUSTOM:AuricIngot"
      },
      {
        "value": "CUSTOM:AuricIngot"
      }
    ],
    "recipeReturnStack": {
      "value": "CUSTOM:NvidiumIngot"
    },
    "name": "nvidium_ingot_recipe",
    "namespace": "mod"
  }
}