{
  "_fv": 57,
  "_type": "item",
  "definition": {
    "renderType": 0,
    "texture": "pot_of_pain",
    "customModelName": "Normal",
    "customProperties": {},
    "states": [],
    "name": "Pot Of Pain",
    "rarity": "EPIC",
    "creativeTab": {
      "value": "CUSTOM:WeirdThing"
    },
    "stackSize": 1,
    "enchantability": 0,
    "useDuration": 240,
    "toolType": 1.0,
    "damageCount": 0,
    "recipeRemainder": {
      "value": ""
    },
    "destroyAnyBlock": false,
    "immuneToFire": false,
    "stayInGridWhenCrafting": false,
    "damageOnCrafting": false,
    "enableMeleeDamage": false,
    "damageVsEntity": 0.0,
    "specialInformation": {
      "fixedValue": [
        "text.potofpain.disc"
      ]
    },
    "guiBoundTo": "<NONE>",
    "inventorySize": 9,
    "inventoryStackSize": 64,
    "onFinishUsingItem": {
      "name": "PotOfPainEffect"
    },
    "enableRanged": false,
    "shootConstantly": false,
    "isFood": true,
    "nutritionalValue": 33,
    "saturation": 3.3,
    "eatResultItem": {
      "value": "CUSTOM:PotOfPain"
    },
    "isMeat": false,
    "isAlwaysEdible": true,
    "animation": "drink"
  }
}