{
  "_fv": 57,
  "_type": "procedure",
  "definition": {
    "procedurexml": "<?xml version=\"1.0\" encoding=\"UTF-8\" standalone=\"no\"?><xml xmlns=\"https://developers.google.com/blockly/xml\"><block deletable=\"false\" type=\"event_trigger\" x=\"40\" y=\"40\"><field name=\"trigger\">no_ext_trigger</field><next><block type=\"controls_if\"><value name=\"IF0\"><block type=\"entity_issneaking\"><value name=\"entity\"><block type=\"entity_from_deps\"/></value></block></value><statement name=\"DO0\"><block type=\"controls_if\"><mutation elseif=\"1\"/><value name=\"IF0\"><block type=\"logic_binary_ops\"><field name=\"OP\">EQ</field><value name=\"A\"><block type=\"item_nbt_logic_get\"><value name=\"item\"><block type=\"itemstack_to_mcitem\"/></value><value name=\"tagName\"><block type=\"text\"><field name=\"TEXT\">witherstormFriendly</field></block></value></block></value><value name=\"B\"><block type=\"logic_boolean\"><field name=\"BOOL\">TRUE</field></block></value></block></value><statement name=\"DO0\"><block type=\"item_nbt_logic_set\"><value name=\"item\"><block type=\"itemstack_to_mcitem\"/></value><value name=\"tagName\"><block type=\"text\"><field name=\"TEXT\">witherstormFriendly</field></block></value><value name=\"tagValue\"><block type=\"logic_boolean\"><field name=\"BOOL\">FALSE</field></block></value><next><block type=\"entity_execute_command\"><value name=\"entity\"><block type=\"entity_from_deps\"/></value><value name=\"command\"><block type=\"text\"><field name=\"TEXT\">team leave @s</field></block></value><next><block type=\"entity_execute_command\"><value name=\"entity\"><block type=\"entity_from_deps\"/></value><value name=\"command\"><block type=\"text\"><field name=\"TEXT\">title @s actionbar {\"translate\":\"witherstorm.enemy.desc\"}</field></block></value></block></next></block></next></block></statement><value name=\"IF1\"><block type=\"logic_negate\"><value name=\"BOOL\"><block type=\"logic_binary_ops\"><field name=\"OP\">EQ</field><value name=\"A\"><block type=\"item_nbt_logic_get\"><value name=\"item\"><block type=\"itemstack_to_mcitem\"/></value><value name=\"tagName\"><block type=\"text\"><field name=\"TEXT\">witherstormFriendly</field></block></value></block></value><value name=\"B\"><block type=\"logic_boolean\"><field name=\"BOOL\">TRUE</field></block></value></block></value></block></value><statement name=\"DO1\"><block type=\"item_nbt_logic_set\"><value name=\"item\"><block type=\"itemstack_to_mcitem\"/></value><value name=\"tagName\"><block type=\"text\"><field name=\"TEXT\">witherstormFriendly</field></block></value><value name=\"tagValue\"><block type=\"logic_boolean\"><field name=\"BOOL\">TRUE</field></block></value><next><block type=\"entity_execute_command\"><value name=\"entity\"><block type=\"entity_from_deps\"/></value><value name=\"command\"><block type=\"text\"><field name=\"TEXT\">team join witherstormFriendly @s</field></block></value><next><block type=\"entity_execute_command\"><value name=\"entity\"><block type=\"entity_from_deps\"/></value><value name=\"command\"><block type=\"text\"><field name=\"TEXT\">title @s actionbar {\"translate\":\"witherstorm.friendly.desc\"}</field></block></value></block></next></block></next></block></statement></block></statement></block></next></block></xml>"
  }
}