{
  "_fv": 57,
  "_type": "fluid",
  "definition": {
    "name": "Sulfosalt Lava",
    "bucketName": "Sulfosalt Lava Bucket",
    "textureStill": "sulfosalt_lava_still",
    "textureFlowing": "sulfosalt_lava_flow",
    "tintType": "No tint",
    "canMultiply": false,
    "flowRate": 30,
    "levelDecrease": 2,
    "slopeFindDistance": 2,
    "spawnParticles": false,
    "dripParticle": {
      "value": "CUSTOM:EverlaSoul"
    },
    "flowStrength": 0.5,
    "luminosity": 8,
    "density": 3000,
    "viscosity": 5000,
    "temperature": 1500,
    "type": "LAVA",
    "generateBucket": true,
    "textureBucket": "bucket_sulfosalt_lava",
    "creativeTab": {
      "value": "CUSTOM:EverlaTweaker"
    },
    "emptySound": {
      "value": "item.bucket.empty_lava"
    },
    "rarity": "COMMON",
    "specialInformation": {
      "fixedValue": []
    },
    "resistance": 7200.0,
    "luminance": 8,
    "lightOpacity": 1,
    "emissiveRendering": true,
    "tickRate": 0,
    "flammability": 0,
    "fireSpreadSpeed": 5,
    "colorOnMap": "DEFAULT",
    "onEntityCollides": {
      "name": "SulfosaltLavaBurn"
    }
  }
}