{
  "_fv": 57,
  "_type": "procedure",
  "definition": {
    "procedurexml": "<?xml version=\"1.0\" encoding=\"UTF-8\" standalone=\"no\"?><xml xmlns=\"https://developers.google.com/blockly/xml\"><block deletable=\"false\" type=\"event_trigger\" x=\"40\" y=\"40\"><field name=\"trigger\">no_ext_trigger</field><next><block type=\"controls_if\"><mutation else=\"1\"/><value name=\"IF0\"><block type=\"compare_mcblocks\"><value name=\"a\"><block type=\"world_data_blockat\"><value name=\"x\"><block type=\"coord_x\"/></value><value name=\"y\"><block type=\"coord_y\"/></value><value name=\"z\"><block type=\"coord_z\"/></value></block></value><value name=\"b\"><block type=\"mcitem_allblocks\"><field name=\"value\">Blocks.BEACON</field></block></value></block></value><statement name=\"DO0\"><block type=\"controls_if\"><mutation else=\"1\"/><value name=\"IF0\"><block type=\"math_binary_ops\"><field name=\"OP\">EQ</field><value name=\"A\"><block type=\"coord_y\"/></value><value name=\"B\"><block type=\"math_number\"><field name=\"NUM\">319</field></block></value></block></value><statement name=\"DO0\"><block type=\"spawn_entity\"><field name=\"entity\">CUSTOM:YouCantEscape</field><value name=\"x\"><block type=\"coord_x\"/></value><value name=\"y\"><block type=\"math_dual_ops\"><field name=\"OP\">ADD</field><value name=\"A\"><block type=\"coord_y\"/></value><value name=\"B\"><block type=\"math_number\"><field name=\"NUM\">1</field></block></value></block></value><value name=\"z\"><block type=\"coord_z\"/></value><next><block type=\"spawn_entity\"><field name=\"entity\">CUSTOM:EverlaBossStage0</field><value name=\"x\"><block type=\"coord_x\"/></value><value name=\"y\"><block type=\"math_dual_ops\"><field name=\"OP\">ADD</field><value name=\"A\"><block type=\"coord_y\"/></value><value name=\"B\"><block type=\"math_number\"><field name=\"NUM\">1</field></block></value></block></value><value name=\"z\"><block type=\"coord_z\"/></value><next><block type=\"execute_command\"><value name=\"x\"><block type=\"coord_x\"/></value><value name=\"y\"><block type=\"coord_y\"/></value><value name=\"z\"><block type=\"coord_z\"/></value><value name=\"command\"><block type=\"text\"><field name=\"TEXT\">fill ~35 ~-1 ~35 ~-35 ~-1 ~-35 everlatweaker:arena_block keep</field></block></value><next><block type=\"entity_remove_item\"><value name=\"entity\"><block type=\"entity_from_deps\"/></value><value name=\"amount\"><block type=\"math_number\"><field name=\"NUM\">1</field></block></value><value name=\"item\"><block type=\"mcitem_all\"><field name=\"value\">CUSTOM:WeirdMintCandy</field></block></value></block></next></block></next></block></next></block></statement><statement name=\"ELSE\"><block type=\"entity_execute_command\"><value name=\"entity\"><block type=\"entity_from_deps\"/></value><value name=\"command\"><block type=\"text\"><field name=\"TEXT\">tellraw @p[distance=..128] {\"translate\":\"text.everlatweaker.spawnfail\",\"fallback\":\"You can only summon the final boss on a beacon at Y=319\"}</field></block></value></block></statement></block></statement><statement name=\"ELSE\"><block type=\"entity_execute_command\"><value name=\"entity\"><block type=\"entity_from_deps\"/></value><value name=\"command\"><block type=\"text\"><field name=\"TEXT\">tellraw @p[distance=..128] {\"translate\":\"text.everlatweaker.spawnfail\",\"fallback\":\"You can only summon the final boss on a beacon at Y=319\"}</field></block></value></block></statement></block></next></block></xml>"
  }
}