{
  "_fv": 57,
  "_type": "dimension",
  "definition": {
    "biomesInDimension": [
      {
        "value": "CUSTOM:ThoriumPlanet"
      }
    ],
    "worldGenType": "Normal world gen",
    "mainFillerBlock": {
      "value": "Blocks.DEEPSLATE"
    },
    "fluidBlock": {
      "value": "Blocks.LAVA"
    },
    "airColor": {
      "value": -13421824,
      "falpha": 0.0
    },
    "canRespawnHere": false,
    "hasFog": true,
    "isDark": true,
    "doesWaterVaporize": true,
    "sleepResult": "BED_EXPLODES",
    "hasSkyLight": false,
    "imitateOverworldBehaviour": false,
    "portalFrame": {
      "value": ""
    },
    "portalParticles": {
      "value": "PORTAL"
    },
    "portalLuminance": 0,
    "portalSound": {
      "value": "block.portal.ambient"
    },
    "enableIgniter": true,
    "igniterName": "Thoritune Portal Igniter",
    "specialInformation": {
      "fixedValue": []
    },
    "igniterTab": {
      "value": "TOOLS"
    },
    "texture": "",
    "portalTexture": "",
    "enablePortal": false
  }
}