{
  "_fv": 47,
  "_type": "biome",
  "definition": {
    "name": "Thorium Planet",
    "groundBlock": {
      "value": "Blocks.DIRT#1"
    },
    "undergroundBlock": {
      "value": "Blocks.BLACKSTONE"
    },
    "underwaterBlock": {
      "value": "Blocks.GRAVEL"
    },
    "airColor": {
      "value": -16777216,
      "falpha": 0.0
    },
    "grassColor": {
      "value": -10079488,
      "falpha": 0.0
    },
    "foliageColor": {
      "value": -10079488,
      "falpha": 0.0
    },
    "waterColor": {
      "value": -65536,
      "falpha": 0.0
    },
    "waterFogColor": {
      "value": -52429,
      "falpha": 0.0
    },
    "ambientSound": {
      "value": "ambient.warped_forest.loop"
    },
    "additionsSound": {
      "value": "ambient.warped_forest.additions"
    },
    "music": {
      "value": "music.nether.warped_forest"
    },
    "moodSound": {
      "value": "ambient.warped_forest.mood"
    },
    "moodSoundDelay": 6000,
    "spawnParticles": false,
    "particleToSpawn": {
      "value": "CUSTOM:EverlaSoul"
    },
    "particlesProbability": 0.5,
    "rainingPossibility": 0.0,
    "temperature": 2.0,
    "spawnBiome": false,
    "spawnInCaves": false,
    "spawnBiomeNether": false,
    "genTemperature": {
      "min": 1.4993,
      "max": 2.0
    },
    "genHumidity": {
      "min": -0.5,
      "max": -0.45
    },
    "genContinentalness": {
      "min": 0.3,
      "max": 1.0
    },
    "genErosion": {
      "min": -0.5,
      "max": 0.5
    },
    "genWeirdness": {
      "min": -1.0,
      "max": 1.0
    },
    "treesPerChunk": 1,
    "vanillaTreeType": "Big trees",
    "treeType": 1,
    "minHeight": 8,
    "treeStem": {
      "value": "Blocks.CALCITE"
    },
    "treeBranch": {
      "value": "Blocks.AIR"
    },
    "treeVines": {
      "value": "Blocks.AIR"
    },
    "treeFruits": {
      "value": "Blocks.AIR"
    },
    "defaultFeatures": [
      "Caves",
      "Ores",
      "AmethystGeodes"
    ],
    "spawnStronghold": false,
    "spawnMineshaft": false,
    "spawnMineshaftMesa": false,
    "spawnPillagerOutpost": false,
    "villageType": "none",
    "spawnWoodlandMansion": false,
    "spawnJungleTemple": false,
    "spawnDesertPyramid": false,
    "spawnSwampHut": false,
    "spawnIgloo": false,
    "spawnOceanMonument": false,
    "spawnShipwreck": false,
    "spawnShipwreckBeached": false,
    "spawnBuriedTreasure": false,
    "oceanRuinType": "NONE",
    "spawnNetherBridge": false,
    "spawnNetherFossil": false,
    "spawnBastionRemnant": false,
    "spawnEndCity": false,
    "spawnRuinedPortal": "NONE",
    "spawnEntries": []
  }
}