{
  "_fv": 57,
  "_type": "procedure",
  "definition": {
    "procedurexml": "<?xml version=\"1.0\" encoding=\"UTF-8\" standalone=\"no\"?><xml xmlns=\"https://developers.google.com/blockly/xml\"><block deletable=\"false\" type=\"event_trigger\" x=\"40\" y=\"40\"><field name=\"trigger\">no_ext_trigger</field><next><block type=\"controls_if\"><value name=\"IF0\"><block type=\"math_binary_ops\"><field name=\"OP\">LT</field><value name=\"A\"><block type=\"math_java_constants\"><field name=\"CONSTANT\">RANDOM</field></block></value><value name=\"B\"><block type=\"math_number\"><field name=\"NUM\">0.34</field></block></value></block></value><statement name=\"DO0\"><block type=\"entity_execute_command\"><value name=\"entity\"><block type=\"entity_from_deps\"/></value><value name=\"command\"><block type=\"text\"><field name=\"TEXT\">give @p everlatweaker:galatic_destruction</field></block></value></block></statement><next><block type=\"controls_if\"><value name=\"IF0\"><block type=\"math_binary_ops\"><field name=\"OP\">LT</field><value name=\"A\"><block type=\"math_java_constants\"><field name=\"CONSTANT\">RANDOM</field></block></value><value name=\"B\"><block type=\"math_number\"><field name=\"NUM\">0.34</field></block></value></block></value><statement name=\"DO0\"><block type=\"entity_execute_command\"><value name=\"entity\"><block type=\"entity_from_deps\"/></value><value name=\"command\"><block type=\"text\"><field name=\"TEXT\">give @p everlatweaker:glutinous_arbitration</field></block></value></block></statement><next><block type=\"controls_if\"><value name=\"IF0\"><block type=\"math_binary_ops\"><field name=\"OP\">LT</field><value name=\"A\"><block type=\"math_java_constants\"><field name=\"CONSTANT\">RANDOM</field></block></value><value name=\"B\"><block type=\"math_number\"><field name=\"NUM\">0.34</field></block></value></block></value><statement name=\"DO0\"><block type=\"entity_execute_command\"><value name=\"entity\"><block type=\"entity_from_deps\"/></value><value name=\"command\"><block type=\"text\"><field name=\"TEXT\">give @p everlatweaker:viscous_desperation</field></block></value></block></statement><next><block type=\"entity_execute_command\"><value name=\"entity\"><block type=\"entity_from_deps\"/></value><value name=\"command\"><block type=\"text\"><field name=\"TEXT\">give @p everlatweaker:auric_soul_light</field></block></value><next><block type=\"controls_if\"><value name=\"IF0\"><block type=\"math_binary_ops\"><field name=\"OP\">LT</field><value name=\"A\"><block type=\"math_java_constants\"><field name=\"CONSTANT\">RANDOM</field></block></value><value name=\"B\"><block type=\"math_number\"><field name=\"NUM\">0.2</field></block></value></block></value><statement name=\"DO0\"><block type=\"entity_execute_command\"><value name=\"entity\"><block type=\"entity_from_deps\"/></value><value name=\"command\"><block type=\"text\"><field name=\"TEXT\">give @p betterend:elytra_crystalite{display:{Name:'{\"translate\":\"text.crystalelytra.name\"}'},Enchantments:[{id:\"minecraft:protection\",lvl:12}],Unbreakable:true}</field></block></value></block></statement><next><block type=\"controls_if\"><value name=\"IF0\"><block type=\"math_binary_ops\"><field name=\"OP\">LT</field><value name=\"A\"><block type=\"math_java_constants\"><field name=\"CONSTANT\">RANDOM</field></block></value><value name=\"B\"><block type=\"math_number\"><field name=\"NUM\">0.2</field></block></value></block></value><statement name=\"DO0\"><block type=\"controls_if\"><value name=\"IF0\"><block type=\"math_binary_ops\"><field name=\"OP\">LT</field><value name=\"A\"><block type=\"math_java_constants\"><field name=\"CONSTANT\">RANDOM</field></block></value><value name=\"B\"><block type=\"math_number\"><field name=\"NUM\">0.5</field></block></value></block></value><statement name=\"DO0\"><block type=\"entity_execute_command\"><value name=\"entity\"><block type=\"entity_from_deps\"/></value><value name=\"command\"><block type=\"text\"><field name=\"TEXT\">give @p botania:mana_tablet{creative:1b,mana:500000}</field></block></value></block></statement></block></statement><next><block type=\"controls_if\"><value name=\"IF0\"><block type=\"math_binary_ops\"><field name=\"OP\">LT</field><value name=\"A\"><block type=\"math_java_constants\"><field name=\"CONSTANT\">RANDOM</field></block></value><value name=\"B\"><block type=\"math_number\"><field name=\"NUM\">0.2</field></block></value></block></value><statement name=\"DO0\"><block type=\"controls_if\"><value name=\"IF0\"><block type=\"math_binary_ops\"><field name=\"OP\">LT</field><value name=\"A\"><block type=\"math_java_constants\"><field name=\"CONSTANT\">RANDOM</field></block></value><value name=\"B\"><block type=\"math_number\"><field name=\"NUM\">0.5</field></block></value></block></value><statement name=\"DO0\"><block type=\"entity_execute_command\"><value name=\"entity\"><block type=\"entity_from_deps\"/></value><value name=\"command\"><block type=\"text\"><field name=\"TEXT\">give @p artifacts:everlasting_beef</field></block></value></block></statement></block></statement><next><block type=\"controls_if\"><value name=\"IF0\"><block type=\"math_binary_ops\"><field name=\"OP\">LT</field><value name=\"A\"><block type=\"math_java_constants\"><field name=\"CONSTANT\">RANDOM</field></block></value><value name=\"B\"><block type=\"math_number\"><field name=\"NUM\">0.5</field></block></value></block></value><statement name=\"DO0\"><block type=\"entity_execute_command\"><value name=\"entity\"><block type=\"entity_from_deps\"/></value><value name=\"command\"><block type=\"text\"><field name=\"TEXT\">give @p travelersbackpack:dragon</field></block></value></block></statement><next><block type=\"entity_execute_command\"><value name=\"entity\"><block type=\"entity_from_deps\"/></value><value name=\"command\"><block type=\"text\"><field name=\"TEXT\">xp add @p 14400 points</field></block></value><next><block type=\"entity_execute_command\"><value name=\"entity\"><block type=\"entity_from_deps\"/></value><value name=\"command\"><block type=\"text\"><field name=\"TEXT\">give @p botania:dice</field></block></value><next><block type=\"entity_execute_command\"><value name=\"entity\"><block type=\"entity_from_deps\"/></value><value name=\"command\"><block type=\"text\"><field name=\"TEXT\">give @p apotheosis:gem_dust 64</field></block></value><next><block type=\"entity_execute_command\"><value name=\"entity\"><block type=\"entity_from_deps\"/></value><value name=\"command\"><block type=\"text\"><field name=\"TEXT\">give @p apotheosis:mythic_material 8</field></block></value><next><block type=\"entity_remove_item\"><value name=\"entity\"><block type=\"entity_from_deps\"/></value><value name=\"amount\"><block type=\"math_number\"><field name=\"NUM\">1</field></block></value><value name=\"item\"><block type=\"mcitem_all\"><field name=\"value\">CUSTOM:TreasureBag</field></block></value></block></next></block></next></block></next></block></next></block></next></block></next></block></next></block></next></block></next></block></next></block></next></block></next></block></next></block></xml>"
  }
}