{
  "_fv": 57,
  "_type": "item",
  "definition": {
    "renderType": 0,
    "texture": "weird_cocktail",
    "customModelName": "Normal",
    "customProperties": {},
    "states": [],
    "name": "Weird Cocktail",
    "rarity": "EPIC",
    "creativeTab": {
      "value": "CUSTOM:WeirdThing"
    },
    "stackSize": 16,
    "enchantability": 0,
    "useDuration": 32,
    "toolType": 1.0,
    "damageCount": 0,
    "recipeRemainder": {
      "value": ""
    },
    "destroyAnyBlock": false,
    "immuneToFire": false,
    "stayInGridWhenCrafting": false,
    "damageOnCrafting": false,
    "enableMeleeDamage": false,
    "damageVsEntity": 0.0,
    "specialInformation": {
      "fixedValue": [
        "text.weirdcocktail.desc",
        "text.weirdcocktail.desc1"
      ]
    },
    "guiBoundTo": "<NONE>",
    "inventorySize": 9,
    "inventoryStackSize": 64,
    "onFinishUsingItem": {
      "name": "WeirdCocktailEffect"
    },
    "enableRanged": false,
    "shootConstantly": false,
    "isFood": true,
    "nutritionalValue": 4,
    "saturation": 0.3,
    "eatResultItem": {
      "value": "Items.GLASS_BOTTLE"
    },
    "isMeat": false,
    "isAlwaysEdible": true,
    "animation": "drink"
  }
}