{
  "_fv": 47,
  "_type": "recipe",
  "definition": {
    "recipeType": "Crafting",
    "recipeRetstackSize": 1,
    "group": "",
    "cookingBookCategory": "MISC",
    "xpReward": 0.0,
    "cookingTime": 200,
    "craftingBookCategory": "MISC",
    "recipeShapeless": true,
    "recipeSlots": [
      {
        "value": "CUSTOM:AuricScrap"
      },
      {
        "value": "TAG:everlatweaker:bad_apple"
      },
      {
        "value": "CUSTOM:AuricScrap"
      },
      {
        "value": "TAG:everlatweaker:bad_apple"
      },
      {
        "value": "TAG:minecraft:creeper_drop_music_discs"
      },
      {
        "value": "TAG:everlatweaker:bad_apple"
      },
      {
        "value": "CUSTOM:AuricScrap"
      },
      {
        "value": "TAG:everlatweaker:bad_apple"
      },
      {
        "value": "CUSTOM:AuricScrap"
      }
    ],
    "recipeReturnStack": {
      "value": "CUSTOM:WorstApple"
    },
    "name": "worst_apple_recipe",
    "namespace": "mod"
  }
}